2026.05.11 20:55:26 INFO  Started: Metals version 1.6.7 in folders 'C:\botondepanico' for client Visual Studio Code 1.118.1.
2026.05.11 20:55:26 INFO  Memory monitor started
2026.05.11 20:55:28 WARN  Using H2 2.4.240 which is newer than the version Flyway has been verified with. The latest verified version of H2 is 2.3.232.
2026.05.11 20:55:28 INFO  no build target found for C:\botondepanico\src\main\java\botondepanico\BotondepanicoApplication.java. Using fallback presentation compiler.
2026.05.11 20:58:33 INFO  no build target found for C:\botondepanico\src\main\java\botondepanico\BotondepanicoApplication.java. Using fallback presentation compiler.
2026.05.11 20:59:59 INFO  no build target found for C:\botondepanico\src\main\java\botondepanico\BotondepanicoApplication.java. Using fallback presentation compiler.
2026.05.11 21:38:04 INFO  no build target found for C:\botondepanico\model\Usuario.java. Using fallback presentation compiler.
may. 11, 2026 9:38:05 P. M. org.eclipse.lsp4j.jsonrpc.RemoteEndpoint handleCancellation
WARNING: Unmatched cancel notification for request id 15
2026.05.11 21:38:06 INFO  no build target found for C:\botondepanico\model\Usuario.java. Using fallback presentation compiler.
2026.05.11 21:38:06 INFO  no build target found for C:\botondepanico\model\Usuario.java. Using fallback presentation compiler.
2026.05.11 21:38:06 INFO  no build target found for C:\botondepanico\model\Usuario.java. Using fallback presentation compiler.
may. 11, 2026 9:38:06 P. M. org.eclipse.lsp4j.jsonrpc.RemoteEndpoint handleCancellation
WARNING: Unmatched cancel notification for request id 19
2026.05.11 21:38:06 INFO  no build target found for C:\botondepanico\model\Usuario.java. Using fallback presentation compiler.
2026.05.11 21:38:08 INFO  no build target found for C:\botondepanico\model\Usuario.java. Using fallback presentation compiler.
2026.05.11 21:38:26 INFO  no build target found for C:\botondepanico\model\Usuario.java. Using fallback presentation compiler.
2026.05.11 21:38:26 INFO  no build target found for C:\botondepanico\model\Usuario.java. Using fallback presentation compiler.
2026.05.11 21:38:27 INFO  no build target found for C:\botondepanico\model\Usuario.java. Using fallback presentation compiler.
2026.05.11 21:38:27 INFO  no build target found for C:\botondepanico\model\Usuario.java. Using fallback presentation compiler.
2026.05.11 21:38:27 INFO  no build target found for C:\botondepanico\model\Usuario.java. Using fallback presentation compiler.
2026.05.11 21:38:28 INFO  no build target found for C:\botondepanico\model\Usuario.java. Using fallback presentation compiler.
2026.05.11 21:38:29 INFO  no build target found for C:\botondepanico\model\Usuario.java. Using fallback presentation compiler.
2026.05.11 21:38:29 INFO  no build target found for C:\botondepanico\model\Usuario.java. Using fallback presentation compiler.
2026.05.11 21:38:30 WARN  no build target for: C:\botondepanico\model\Usuario.java
2026.05.11 21:38:30 INFO  no build target found for C:\botondepanico\model\Usuario.java. Using fallback presentation compiler.
2026.05.11 21:38:30 INFO  no build target found for C:\botondepanico\model\Usuario.java. Using fallback presentation compiler.
2026.05.11 21:38:32 INFO  no build target found for C:\botondepanico\model\Usuario.java. Using fallback presentation compiler.
2026.05.11 21:39:31 INFO  no build target found for C:\botondepanico\model\Usuario.java. Using fallback presentation compiler.
2026.05.11 21:39:31 INFO  no build target found for C:\botondepanico\model\Usuario.java. Using fallback presentation compiler.
2026.05.11 21:39:32 INFO  no build target found for C:\botondepanico\model\Usuario.java. Using fallback presentation compiler.
2026.05.11 21:39:32 INFO  no build target found for C:\botondepanico\model\Usuario.java. Using fallback presentation compiler.
2026.05.11 21:39:34 INFO  no build target found for C:\botondepanico\model\Usuario.java. Using fallback presentation compiler.
2026.05.11 21:39:34 INFO  no build target found for C:\botondepanico\model\Usuario.java. Using fallback presentation compiler.
2026.05.11 21:39:36 INFO  no build target found for C:\botondepanico\model\Usuario.java. Using fallback presentation compiler.
2026.05.11 21:39:36 INFO  no build target found for C:\botondepanico\model\Usuario.java. Using fallback presentation compiler.
2026.05.11 21:39:36 INFO  no build target found for C:\botondepanico\model\Usuario.java. Using fallback presentation compiler.
2026.05.11 21:39:37 INFO  no build target found for C:\botondepanico\model\Usuario.java. Using fallback presentation compiler.
2026.05.11 21:39:38 INFO  no build target found for C:\botondepanico\model\Usuario.java. Using fallback presentation compiler.
2026.05.11 21:39:44 INFO  no build target found for C:\botondepanico\model\Usuario.java. Using fallback presentation compiler.
may. 11, 2026 9:39:44 P. M. org.eclipse.lsp4j.jsonrpc.RemoteEndpoint handleCancellation
WARNING: Unmatched cancel notification for request id 72
2026.05.11 21:39:44 INFO  no build target found for C:\botondepanico\model\Usuario.java. Using fallback presentation compiler.
2026.05.11 21:39:54 INFO  no build target found for C:\botondepanico\model\Usuario.java. Using fallback presentation compiler.
2026.05.11 21:39:54 INFO  no build target found for C:\botondepanico\model\Usuario.java. Using fallback presentation compiler.
2026.05.11 21:39:56 INFO  no build target found for C:\botondepanico\model\Usuario.java. Using fallback presentation compiler.
2026.05.11 21:39:56 INFO  no build target found for C:\botondepanico\model\Usuario.java. Using fallback presentation compiler.
2026.05.11 21:39:56 INFO  no build target found for C:\botondepanico\model\Usuario.java. Using fallback presentation compiler.
2026.05.11 21:39:57 INFO  no build target found for C:\botondepanico\model\Usuario.java. Using fallback presentation compiler.
2026.05.11 21:39:57 INFO  no build target found for C:\botondepanico\model\Usuario.java. Using fallback presentation compiler.
2026.05.11 21:39:57 INFO  no build target found for C:\botondepanico\model\Usuario.java. Using fallback presentation compiler.
2026.05.11 21:39:58 INFO  no build target found for C:\botondepanico\model\Usuario.java. Using fallback presentation compiler.
2026.05.11 21:39:58 INFO  no build target found for C:\botondepanico\model\Usuario.java. Using fallback presentation compiler.
2026.05.11 21:39:59 INFO  no build target found for C:\botondepanico\model\Usuario.java. Using fallback presentation compiler.
2026.05.11 21:40:01 WARN  no build target for: C:\botondepanico\model\Usuario.java
2026.05.11 21:40:02 INFO  no build target found for C:\botondepanico\model\Usuario.java. Using fallback presentation compiler.
2026.05.11 21:40:33 INFO  no build target found for C:\botondepanico\model\Usuario.java. Using fallback presentation compiler.
2026.05.11 21:43:08 INFO  no build target found for C:\botondepanico\model\Usuario.java. Using fallback presentation compiler.
2026.05.11 21:43:11 INFO  no build target found for C:\botondepanico\repository\UsuarioRepository.java. Using fallback presentation compiler.
2026.05.11 21:43:12 INFO  no build target found for C:\botondepanico\repository\UsuarioRepository.java. Using fallback presentation compiler.
2026.05.11 21:43:12 INFO  no build target found for C:\botondepanico\repository\UsuarioRepository.java. Using fallback presentation compiler.
2026.05.11 21:43:12 INFO  no build target found for C:\botondepanico\repository\UsuarioRepository.java. Using fallback presentation compiler.
2026.05.11 21:43:14 INFO  no build target found for C:\botondepanico\repository\UsuarioRepository.java. Using fallback presentation compiler.
2026.05.11 21:43:24 INFO  no build target found for C:\botondepanico\repository\UsuarioRepository.java. Using fallback presentation compiler.
2026.05.11 21:43:24 INFO  no build target found for C:\botondepanico\repository\UsuarioRepository.java. Using fallback presentation compiler.
2026.05.11 21:43:25 INFO  no build target found for C:\botondepanico\repository\UsuarioRepository.java. Using fallback presentation compiler.
2026.05.11 21:43:25 INFO  no build target found for C:\botondepanico\repository\UsuarioRepository.java. Using fallback presentation compiler.
2026.05.11 21:43:25 INFO  no build target found for C:\botondepanico\repository\UsuarioRepository.java. Using fallback presentation compiler.
2026.05.11 21:43:26 INFO  no build target found for C:\botondepanico\repository\UsuarioRepository.java. Using fallback presentation compiler.
2026.05.11 21:43:25 INFO  no build target found for C:\botondepanico\repository\UsuarioRepository.java. Using fallback presentation compiler.
2026.05.11 21:43:27 INFO  no build target found for C:\botondepanico\repository\UsuarioRepository.java. Using fallback presentation compiler.
2026.05.11 21:43:27 WARN  no build target for: C:\botondepanico\repository\UsuarioRepository.java
2026.05.11 21:43:27 INFO  no build target found for C:\botondepanico\repository\UsuarioRepository.java. Using fallback presentation compiler.
2026.05.11 21:44:26 INFO  no build target found for C:\botondepanico\service\UsuarioService.java. Using fallback presentation compiler.
2026.05.11 21:44:27 INFO  no build target found for C:\botondepanico\service\UsuarioService.java. Using fallback presentation compiler.
2026.05.11 21:44:27 INFO  no build target found for C:\botondepanico\service\UsuarioService.java. Using fallback presentation compiler.
2026.05.11 21:44:27 INFO  no build target found for C:\botondepanico\service\UsuarioService.java. Using fallback presentation compiler.
2026.05.11 21:44:27 INFO  no build target found for C:\botondepanico\service\UsuarioService.java. Using fallback presentation compiler.
2026.05.11 21:44:28 INFO  no build target found for C:\botondepanico\service\UsuarioService.java. Using fallback presentation compiler.
2026.05.11 21:44:37 INFO  no build target found for C:\botondepanico\service\UsuarioService.java. Using fallback presentation compiler.
2026.05.11 21:44:37 INFO  no build target found for C:\botondepanico\service\UsuarioService.java. Using fallback presentation compiler.
2026.05.11 21:44:37 INFO  no build target found for C:\botondepanico\service\UsuarioService.java. Using fallback presentation compiler.
2026.05.11 21:44:38 INFO  no build target found for C:\botondepanico\service\UsuarioService.java. Using fallback presentation compiler.
2026.05.11 21:44:38 INFO  no build target found for C:\botondepanico\service\UsuarioService.java. Using fallback presentation compiler.
2026.05.11 21:44:38 INFO  no build target found for C:\botondepanico\service\UsuarioService.java. Using fallback presentation compiler.
2026.05.11 21:44:38 INFO  no build target found for C:\botondepanico\service\UsuarioService.java. Using fallback presentation compiler.
2026.05.11 21:44:38 INFO  no build target found for C:\botondepanico\service\UsuarioService.java. Using fallback presentation compiler.
2026.05.11 21:44:38 INFO  no build target found for C:\botondepanico\service\UsuarioService.java. Using fallback presentation compiler.
2026.05.11 21:44:42 INFO  no build target found for C:\botondepanico\service\UsuarioService.java. Using fallback presentation compiler.
2026.05.11 21:44:42 INFO  no build target found for C:\botondepanico\service\UsuarioService.java. Using fallback presentation compiler.
2026.05.11 21:44:43 WARN  no build target for: C:\botondepanico\service\UsuarioService.java
2026.05.11 21:44:43 INFO  no build target found for C:\botondepanico\service\UsuarioService.java. Using fallback presentation compiler.
2026.05.11 21:45:47 INFO  no build target found for C:\botondepanico\service\UsuarioService.java. Using fallback presentation compiler.
2026.05.11 21:45:52 INFO  no build target found for C:\botondepanico\service\UsuarioService.java. Using fallback presentation compiler.
2026.05.11 21:45:57 INFO  no build target found for C:\botondepanico\service\UsuarioService.java. Using fallback presentation compiler.
2026.05.11 21:46:02 INFO  no build target found for C:\botondepanico\controller\AuthController.java. Using fallback presentation compiler.
2026.05.11 21:46:02 INFO  no build target found for C:\botondepanico\controller\AuthController.java. Using fallback presentation compiler.
2026.05.11 21:46:02 INFO  no build target found for C:\botondepanico\controller\AuthController.java. Using fallback presentation compiler.
2026.05.11 21:46:02 INFO  no build target found for C:\botondepanico\controller\AuthController.java. Using fallback presentation compiler.
2026.05.11 21:46:02 INFO  no build target found for C:\botondepanico\controller\AuthController.java. Using fallback presentation compiler.
2026.05.11 21:46:04 INFO  no build target found for C:\botondepanico\controller\AuthController.java. Using fallback presentation compiler.
2026.05.11 21:46:13 INFO  no build target found for C:\botondepanico\controller\AuthController.java. Using fallback presentation compiler.
2026.05.11 21:46:13 INFO  no build target found for C:\botondepanico\controller\AuthController.java. Using fallback presentation compiler.
2026.05.11 21:46:14 INFO  no build target found for C:\botondepanico\controller\AuthController.java. Using fallback presentation compiler.
2026.05.11 21:46:14 INFO  no build target found for C:\botondepanico\controller\AuthController.java. Using fallback presentation compiler.
2026.05.11 21:46:14 INFO  no build target found for C:\botondepanico\controller\AuthController.java. Using fallback presentation compiler.
2026.05.11 21:46:14 INFO  no build target found for C:\botondepanico\controller\AuthController.java. Using fallback presentation compiler.
2026.05.11 21:46:14 INFO  no build target found for C:\botondepanico\controller\AuthController.java. Using fallback presentation compiler.
2026.05.11 21:46:16 INFO  no build target found for C:\botondepanico\controller\AuthController.java. Using fallback presentation compiler.
2026.05.11 21:46:16 WARN  no build target for: C:\botondepanico\controller\AuthController.java
2026.05.11 21:46:16 INFO  no build target found for C:\botondepanico\controller\AuthController.java. Using fallback presentation compiler.
2026.05.11 21:47:53 INFO  no build target found for C:\botondepanico\config\SecurityConfig.java. Using fallback presentation compiler.
2026.05.11 21:47:54 INFO  no build target found for C:\botondepanico\config\SecurityConfig.java. Using fallback presentation compiler.
2026.05.11 21:47:54 INFO  no build target found for C:\botondepanico\config\SecurityConfig.java. Using fallback presentation compiler.
2026.05.11 21:47:54 INFO  no build target found for C:\botondepanico\config\SecurityConfig.java. Using fallback presentation compiler.
may. 11, 2026 9:47:54 P. M. org.eclipse.lsp4j.jsonrpc.RemoteEndpoint handleCancellation
WARNING: Unmatched cancel notification for request id 226
2026.05.11 21:47:54 INFO  no build target found for C:\botondepanico\config\SecurityConfig.java. Using fallback presentation compiler.
2026.05.11 21:47:55 INFO  no build target found for C:\botondepanico\config\SecurityConfig.java. Using fallback presentation compiler.
2026.05.11 21:48:03 INFO  no build target found for C:\botondepanico\config\SecurityConfig.java. Using fallback presentation compiler.
2026.05.11 21:48:03 INFO  no build target found for C:\botondepanico\config\SecurityConfig.java. Using fallback presentation compiler.
2026.05.11 21:48:03 INFO  no build target found for C:\botondepanico\config\SecurityConfig.java. Using fallback presentation compiler.
2026.05.11 21:48:05 INFO  no build target found for C:\botondepanico\config\SecurityConfig.java. Using fallback presentation compiler.
2026.05.11 21:48:05 INFO  no build target found for C:\botondepanico\config\SecurityConfig.java. Using fallback presentation compiler.
2026.05.11 21:48:05 INFO  no build target found for C:\botondepanico\config\SecurityConfig.java. Using fallback presentation compiler.
2026.05.11 21:48:05 INFO  no build target found for C:\botondepanico\config\SecurityConfig.java. Using fallback presentation compiler.
2026.05.11 21:48:05 INFO  no build target found for C:\botondepanico\config\SecurityConfig.java. Using fallback presentation compiler.
2026.05.11 21:48:06 WARN  no build target for: C:\botondepanico\config\SecurityConfig.java
2026.05.11 21:48:06 INFO  no build target found for C:\botondepanico\config\SecurityConfig.java. Using fallback presentation compiler.
2026.05.11 21:48:06 INFO  no build target found for C:\botondepanico\config\SecurityConfig.java. Using fallback presentation compiler.
2026.05.11 21:50:43 INFO  no build target found for C:\botondepanico\config\SecurityConfig.java. Using fallback presentation compiler.
may. 11, 2026 9:50:48 P. M. org.eclipse.lsp4j.jsonrpc.services.GenericEndpoint notify
INFO: Unsupported notification method: $/setTrace
2026.05.11 21:50:49 INFO  no build target found for C:\botondepanico\config\SecurityConfig.java. Using fallback presentation compiler.
may. 11, 2026 9:50:52 P. M. org.eclipse.lsp4j.jsonrpc.services.GenericEndpoint notify
INFO: Unsupported notification method: $/setTrace
2026.05.11 21:50:52 INFO  no build target found for C:\botondepanico\config\SecurityConfig.java. Using fallback presentation compiler.
2026.05.11 21:50:53 INFO  no build target found for C:\botondepanico\config\SecurityConfig.java. Using fallback presentation compiler.
2026.05.11 21:50:55 INFO  no build target found for C:\botondepanico\service\UsuarioService.java. Using fallback presentation compiler.
2026.05.11 21:51:03 INFO  no build target found for C:\botondepanico\service\UsuarioService.java. Using fallback presentation compiler.
2026.05.11 21:51:03 WARN  no build target for: C:\botondepanico\service\UsuarioService.java
2026.05.11 21:51:03 INFO  no build target found for C:\botondepanico\service\UsuarioService.java. Using fallback presentation compiler.
may. 11, 2026 9:51:03 P. M. org.eclipse.lsp4j.jsonrpc.RemoteEndpoint handleCancellation
WARNING: Unmatched cancel notification for request id 265
2026.05.11 21:51:03 INFO  no build target found for C:\botondepanico\service\UsuarioService.java. Using fallback presentation compiler.
2026.05.11 21:51:03 INFO  no build target found for C:\botondepanico\service\UsuarioService.java. Using fallback presentation compiler.
2026.05.11 21:51:04 INFO  no build target found for C:\botondepanico\service\UsuarioService.java. Using fallback presentation compiler.
2026.05.11 21:51:04 INFO  no build target found for C:\botondepanico\service\UsuarioService.java. Using fallback presentation compiler.
2026.05.11 21:51:08 INFO  no build target found for C:\botondepanico\service\UsuarioService.java. Using fallback presentation compiler.
2026.05.11 21:51:42 INFO  no build target found for C:\botondepanico\service\UsuarioService.java. Using fallback presentation compiler.
2026.05.11 21:51:48 INFO  no build target found for C:\botondepanico\service\UsuarioService.java. Using fallback presentation compiler.
2026.05.11 21:52:26 INFO  no build target found for C:\botondepanico\service\UsuarioService.java. Using fallback presentation compiler.
2026.05.11 21:52:26 INFO  no build target found for C:\botondepanico\service\UsuarioService.java. Using fallback presentation compiler.
2026.05.11 21:52:29 INFO  no build target found for C:\botondepanico\service\UsuarioService.java. Using fallback presentation compiler.
2026.05.11 21:52:29 INFO  Created report: Optional[file:///C:/botondepanico/service/UsuarioService.java]
2026.05.11 21:52:29 INFO  empty definition using pc, found symbol in pc: _empty_/UsuarioRepository#existsByDni# (full report at: "C:\botondepanico\.metals\.reports\metals-full\2026-05-11\r_empty-definition_21-52-30-032.md")
2026.05.11 21:54:28 INFO  no build target found for c:\botondepanico\service\UsuarioService.java. Using fallback presentation compiler.
may. 11, 2026 9:54:29 P. M. org.eclipse.lsp4j.jsonrpc.RemoteEndpoint handleCancellation
WARNING: Unmatched cancel notification for request id 286
2026.05.11 21:54:28 INFO  no build target found for c:\botondepanico\service\UsuarioService.java. Using fallback presentation compiler.
2026.05.11 21:54:34 INFO  no build target found for C:\botondepanico\src\main\java\botondepanico\config\SecurityConfig.java. Using fallback presentation compiler.
may. 11, 2026 9:54:34 P. M. org.eclipse.lsp4j.jsonrpc.RemoteEndpoint handleCancellation
WARNING: Unmatched cancel notification for request id 288
2026.05.11 21:54:34 INFO  no build target found for C:\botondepanico\src\main\java\botondepanico\config\SecurityConfig.java. Using fallback presentation compiler.
2026.05.11 21:54:34 INFO  no build target found for C:\botondepanico\src\main\java\botondepanico\config\SecurityConfig.java. Using fallback presentation compiler.
2026.05.11 21:54:34 INFO  no build target found for C:\botondepanico\src\main\java\botondepanico\config\SecurityConfig.java. Using fallback presentation compiler.
2026.05.11 21:54:34 INFO  no build target found for C:\botondepanico\src\main\java\botondepanico\config\SecurityConfig.java. Using fallback presentation compiler.
2026.05.11 21:54:40 INFO  no build target found for C:\botondepanico\src\main\java\botondepanico\config\SecurityConfig.java. Using fallback presentation compiler.
2026.05.11 21:54:50 INFO  no build target found for C:\botondepanico\src\main\java\botondepanico\config\SecurityConfig.java. Using fallback presentation compiler.
2026.05.11 21:54:51 INFO  no build target found for C:\botondepanico\src\main\java\botondepanico\config\SecurityConfig.java. Using fallback presentation compiler.
2026.05.11 21:54:51 INFO  no build target found for C:\botondepanico\src\main\java\botondepanico\config\SecurityConfig.java. Using fallback presentation compiler.
2026.05.11 21:54:51 INFO  no build target found for C:\botondepanico\src\main\java\botondepanico\config\SecurityConfig.java. Using fallback presentation compiler.
2026.05.11 21:54:52 INFO  no build target found for C:\botondepanico\src\main\java\botondepanico\config\SecurityConfig.java. Using fallback presentation compiler.
2026.05.11 21:54:54 INFO  no build target found for C:\botondepanico\src\main\java\botondepanico\config\SecurityConfig.java. Using fallback presentation compiler.
2026.05.11 21:54:54 INFO  no build target found for C:\botondepanico\src\main\java\botondepanico\config\SecurityConfig.java. Using fallback presentation compiler.
2026.05.11 21:54:58 INFO  no build target found for C:\botondepanico\src\main\java\botondepanico\config\SecurityConfig.java. Using fallback presentation compiler.
2026.05.11 21:54:58 INFO  no build target found for C:\botondepanico\src\main\java\botondepanico\config\SecurityConfig.java. Using fallback presentation compiler.
2026.05.11 21:54:58 INFO  no build target found for C:\botondepanico\src\main\java\botondepanico\config\SecurityConfig.java. Using fallback presentation compiler.
2026.05.11 21:54:58 INFO  no build target found for C:\botondepanico\src\main\java\botondepanico\config\SecurityConfig.java. Using fallback presentation compiler.
2026.05.11 21:55:00 INFO  no build target found for c:\botondepanico\service\UsuarioService.java. Using fallback presentation compiler.
2026.05.11 21:55:00 WARN  no build target for: c:\botondepanico\service\UsuarioService.java
2026.05.11 21:55:00 INFO  no build target found for c:\botondepanico\service\UsuarioService.java. Using fallback presentation compiler.
2026.05.11 21:55:00 INFO  no build target found for c:\botondepanico\service\UsuarioService.java. Using fallback presentation compiler.
2026.05.11 21:55:00 INFO  no build target found for c:\botondepanico\service\UsuarioService.java. Using fallback presentation compiler.
2026.05.11 21:55:01 INFO  no build target found for c:\botondepanico\service\UsuarioService.java. Using fallback presentation compiler.
2026.05.11 21:55:00 INFO  no build target found for c:\botondepanico\service\UsuarioService.java. Using fallback presentation compiler.
2026.05.11 21:55:00 INFO  no build target found for c:\botondepanico\service\UsuarioService.java. Using fallback presentation compiler.
2026.05.11 21:55:01 INFO  no build target found for c:\botondepanico\service\UsuarioService.java. Using fallback presentation compiler.
2026.05.11 21:55:01 INFO  no build target found for c:\botondepanico\service\UsuarioService.java. Using fallback presentation compiler.
2026.05.11 21:55:01 INFO  no build target found for c:\botondepanico\service\UsuarioService.java. Using fallback presentation compiler.
2026.05.11 21:55:07 INFO  no build target found for c:\botondepanico\service\UsuarioService.java. Using fallback presentation compiler.
2026.05.11 21:55:07 INFO  no build target found for c:\botondepanico\service\UsuarioService.java. Using fallback presentation compiler.
2026.05.11 21:55:07 INFO  no build target found for c:\botondepanico\service\UsuarioService.java. Using fallback presentation compiler.
2026.05.11 21:55:07 INFO  no build target found for c:\botondepanico\service\UsuarioService.java. Using fallback presentation compiler.
2026.05.11 21:55:08 INFO  no build target found for c:\botondepanico\service\UsuarioService.java. Using fallback presentation compiler.
2026.05.11 21:55:08 INFO  no build target found for c:\botondepanico\service\UsuarioService.java. Using fallback presentation compiler.
2026.05.11 21:55:12 INFO  no build target found for c:\botondepanico\service\UsuarioService.java. Using fallback presentation compiler.
2026.05.11 21:55:12 INFO  no build target found for c:\botondepanico\service\UsuarioService.java. Using fallback presentation compiler.
2026.05.11 21:55:12 INFO  no build target found for c:\botondepanico\service\UsuarioService.java. Using fallback presentation compiler.
2026.05.11 21:55:12 INFO  no build target found for c:\botondepanico\service\UsuarioService.java. Using fallback presentation compiler.
2026.05.11 21:55:14 WARN  no build target for: C:\botondepanico\service\UsuarioService.java
2026.05.11 21:55:14 INFO  no build target found for C:\botondepanico\service\UsuarioService.java. Using fallback presentation compiler.
2026.05.11 21:55:17 INFO  no build target found for c:\botondepanico\repository\UsuarioRepository.java. Using fallback presentation compiler.
2026.05.11 21:55:17 WARN  no build target for: c:\botondepanico\repository\UsuarioRepository.java
2026.05.11 21:55:17 INFO  no build target found for c:\botondepanico\repository\UsuarioRepository.java. Using fallback presentation compiler.
2026.05.11 21:55:17 INFO  no build target found for c:\botondepanico\repository\UsuarioRepository.java. Using fallback presentation compiler.
2026.05.11 21:55:17 INFO  no build target found for c:\botondepanico\repository\UsuarioRepository.java. Using fallback presentation compiler.
2026.05.11 21:55:17 INFO  no build target found for c:\botondepanico\repository\UsuarioRepository.java. Using fallback presentation compiler.
2026.05.11 21:55:18 INFO  no build target found for c:\botondepanico\repository\UsuarioRepository.java. Using fallback presentation compiler.
2026.05.11 21:55:18 INFO  no build target found for c:\botondepanico\repository\UsuarioRepository.java. Using fallback presentation compiler.
2026.05.11 21:55:18 INFO  no build target found for c:\botondepanico\repository\UsuarioRepository.java. Using fallback presentation compiler.
2026.05.11 21:55:18 INFO  no build target found for c:\botondepanico\repository\UsuarioRepository.java. Using fallback presentation compiler.
2026.05.11 21:55:20 INFO  no build target found for c:\botondepanico\repository\UsuarioRepository.java. Using fallback presentation compiler.
2026.05.11 21:55:20 INFO  no build target found for c:\botondepanico\repository\UsuarioRepository.java. Using fallback presentation compiler.
2026.05.11 21:55:23 INFO  no build target found for c:\botondepanico\repository\UsuarioRepository.java. Using fallback presentation compiler.
2026.05.11 21:55:23 INFO  no build target found for c:\botondepanico\repository\UsuarioRepository.java. Using fallback presentation compiler.
2026.05.11 21:55:23 INFO  no build target found for c:\botondepanico\repository\UsuarioRepository.java. Using fallback presentation compiler.
2026.05.11 21:55:23 INFO  no build target found for c:\botondepanico\repository\UsuarioRepository.java. Using fallback presentation compiler.
2026.05.11 21:55:23 INFO  no build target found for c:\botondepanico\repository\UsuarioRepository.java. Using fallback presentation compiler.
2026.05.11 21:55:25 WARN  no build target for: C:\botondepanico\repository\UsuarioRepository.java
2026.05.11 21:55:25 INFO  no build target found for C:\botondepanico\repository\UsuarioRepository.java. Using fallback presentation compiler.
2026.05.11 21:55:27 INFO  no build target found for c:\botondepanico\model\Usuario.java. Using fallback presentation compiler.
2026.05.11 21:55:27 WARN  no build target for: c:\botondepanico\model\Usuario.java
2026.05.11 21:55:27 INFO  no build target found for c:\botondepanico\model\Usuario.java. Using fallback presentation compiler.
2026.05.11 21:55:27 INFO  no build target found for c:\botondepanico\model\Usuario.java. Using fallback presentation compiler.
2026.05.11 21:55:27 INFO  no build target found for c:\botondepanico\model\Usuario.java. Using fallback presentation compiler.
2026.05.11 21:55:27 INFO  no build target found for c:\botondepanico\model\Usuario.java. Using fallback presentation compiler.
2026.05.11 21:55:29 INFO  no build target found for c:\botondepanico\model\Usuario.java. Using fallback presentation compiler.
2026.05.11 21:55:29 INFO  no build target found for c:\botondepanico\model\Usuario.java. Using fallback presentation compiler.
2026.05.11 21:55:30 INFO  no build target found for c:\botondepanico\model\Usuario.java. Using fallback presentation compiler.
2026.05.11 21:55:31 INFO  no build target found for c:\botondepanico\model\Usuario.java. Using fallback presentation compiler.
2026.05.11 21:55:33 INFO  no build target found for c:\botondepanico\model\Usuario.java. Using fallback presentation compiler.
2026.05.11 21:55:33 INFO  no build target found for c:\botondepanico\model\Usuario.java. Using fallback presentation compiler.
2026.05.11 21:55:33 INFO  no build target found for c:\botondepanico\model\Usuario.java. Using fallback presentation compiler.
2026.05.11 21:55:33 INFO  no build target found for c:\botondepanico\model\Usuario.java. Using fallback presentation compiler.
2026.05.11 21:55:34 WARN  no build target for: C:\botondepanico\model\Usuario.java
2026.05.11 21:55:34 INFO  no build target found for C:\botondepanico\model\Usuario.java. Using fallback presentation compiler.
2026.05.11 21:55:39 INFO  no build target found for C:\botondepanico\src\main\java\botondepanico\controller\AuthController.java. Using fallback presentation compiler.
2026.05.11 21:55:39 INFO  no build target found for C:\botondepanico\src\main\java\botondepanico\controller\AuthController.java. Using fallback presentation compiler.
2026.05.11 21:55:39 INFO  no build target found for C:\botondepanico\src\main\java\botondepanico\controller\AuthController.java. Using fallback presentation compiler.
2026.05.11 21:55:39 INFO  no build target found for C:\botondepanico\src\main\java\botondepanico\controller\AuthController.java. Using fallback presentation compiler.
may. 11, 2026 9:55:40 P. M. org.eclipse.lsp4j.jsonrpc.RemoteEndpoint handleCancellation
WARNING: Unmatched cancel notification for request id 423
2026.05.11 21:55:40 INFO  no build target found for C:\botondepanico\src\main\java\botondepanico\controller\AuthController.java. Using fallback presentation compiler.
2026.05.11 21:55:40 INFO  no build target found for C:\botondepanico\src\main\java\botondepanico\controller\AuthController.java. Using fallback presentation compiler.
2026.05.11 21:55:42 INFO  no build target found for C:\botondepanico\src\main\java\botondepanico\controller\AuthController.java. Using fallback presentation compiler.
2026.05.11 21:55:42 INFO  no build target found for C:\botondepanico\src\main\java\botondepanico\controller\AuthController.java. Using fallback presentation compiler.
2026.05.11 21:55:43 INFO  no build target found for C:\botondepanico\src\main\java\botondepanico\controller\AuthController.java. Using fallback presentation compiler.
2026.05.11 21:55:46 INFO  no build target found for C:\botondepanico\src\main\java\botondepanico\controller\AuthController.java. Using fallback presentation compiler.
2026.05.11 21:55:46 INFO  no build target found for C:\botondepanico\src\main\java\botondepanico\controller\AuthController.java. Using fallback presentation compiler.
2026.05.11 21:55:46 INFO  no build target found for C:\botondepanico\src\main\java\botondepanico\controller\AuthController.java. Using fallback presentation compiler.
2026.05.11 21:55:46 INFO  no build target found for C:\botondepanico\src\main\java\botondepanico\controller\AuthController.java. Using fallback presentation compiler.
2026.05.11 21:55:47 WARN  no build target for: C:\botondepanico\src\main\java\botondepanico\controller\AuthController.java
2026.05.11 21:55:47 INFO  no build target found for C:\botondepanico\src\main\java\botondepanico\controller\AuthController.java. Using fallback presentation compiler.
2026.05.11 21:55:50 INFO  no build target found for C:\botondepanico\src\main\java\botondepanico\controller\AuthController.java. Using fallback presentation compiler.
2026.05.11 21:55:50 INFO  no build target found for C:\botondepanico\src\main\java\botondepanico\controller\AuthController.java. Using fallback presentation compiler.
2026.05.11 21:55:50 INFO  no build target found for C:\botondepanico\src\main\java\botondepanico\controller\AuthController.java. Using fallback presentation compiler.
2026.05.11 21:55:52 INFO  no build target found for C:\botondepanico\src\main\java\botondepanico\controller\AuthController.java. Using fallback presentation compiler.
2026.05.11 21:55:52 INFO  no build target found for C:\botondepanico\src\main\java\botondepanico\controller\AuthController.java. Using fallback presentation compiler.
2026.05.11 21:55:54 INFO  no build target found for C:\botondepanico\src\main\java\botondepanico\controller\AuthController.java. Using fallback presentation compiler.
2026.05.11 21:55:54 INFO  no build target found for C:\botondepanico\src\main\java\botondepanico\controller\AuthController.java. Using fallback presentation compiler.
2026.05.11 21:55:54 INFO  no build target found for C:\botondepanico\src\main\java\botondepanico\controller\AuthController.java. Using fallback presentation compiler.
2026.05.11 21:55:54 INFO  no build target found for C:\botondepanico\src\main\java\botondepanico\controller\AuthController.java. Using fallback presentation compiler.
2026.05.11 21:55:54 INFO  no build target found for C:\botondepanico\src\main\java\botondepanico\controller\AuthController.java. Using fallback presentation compiler.
2026.05.11 21:55:55 INFO  no build target found for C:\botondepanico\src\main\java\botondepanico\controller\AuthController.java. Using fallback presentation compiler.
2026.05.11 21:55:57 INFO  no build target found for C:\botondepanico\src\main\java\botondepanico\controller\AuthController.java. Using fallback presentation compiler.
2026.05.11 21:55:57 INFO  no build target found for C:\botondepanico\src\main\java\botondepanico\controller\AuthController.java. Using fallback presentation compiler.
2026.05.11 21:55:59 INFO  no build target found for C:\botondepanico\src\main\java\botondepanico\controller\AuthController.java. Using fallback presentation compiler.
2026.05.11 21:55:59 INFO  no build target found for C:\botondepanico\src\main\java\botondepanico\controller\AuthController.java. Using fallback presentation compiler.
2026.05.11 21:55:59 INFO  no build target found for C:\botondepanico\src\main\java\botondepanico\controller\AuthController.java. Using fallback presentation compiler.
2026.05.11 21:55:59 INFO  no build target found for C:\botondepanico\src\main\java\botondepanico\controller\AuthController.java. Using fallback presentation compiler.
2026.05.11 21:55:59 INFO  no build target found for C:\botondepanico\src\main\java\botondepanico\controller\AuthController.java. Using fallback presentation compiler.
2026.05.11 21:56:00 INFO  no build target found for C:\botondepanico\src\main\java\botondepanico\controller\AuthController.java. Using fallback presentation compiler.
2026.05.11 21:56:00 INFO  no build target found for C:\botondepanico\src\main\java\botondepanico\controller\AuthController.java. Using fallback presentation compiler.
2026.05.11 21:56:00 INFO  no build target found for C:\botondepanico\src\main\java\botondepanico\controller\AuthController.java. Using fallback presentation compiler.
2026.05.11 21:56:00 WARN  no build target for: C:\botondepanico\src\main\java\botondepanico\controller\AuthController.java
2026.05.11 21:56:00 INFO  no build target found for C:\botondepanico\src\main\java\botondepanico\controller\AuthController.java. Using fallback presentation compiler.
2026.05.11 21:56:02 INFO  no build target found for C:\botondepanico\src\main\java\botondepanico\controller\AuthController.java. Using fallback presentation compiler.
2026.05.11 21:56:10 INFO  no build target found for C:\botondepanico\src\main\java\botondepanico\model\Usuario.java. Using fallback presentation compiler.
may. 11, 2026 9:56:10 P. M. org.eclipse.lsp4j.jsonrpc.RemoteEndpoint handleCancellation
WARNING: Unmatched cancel notification for request id 482
2026.05.11 21:56:10 INFO  no build target found for C:\botondepanico\src\main\java\botondepanico\model\Usuario.java. Using fallback presentation compiler.
2026.05.11 21:56:10 INFO  no build target found for C:\botondepanico\src\main\java\botondepanico\model\Usuario.java. Using fallback presentation compiler.
2026.05.11 21:56:10 INFO  no build target found for C:\botondepanico\src\main\java\botondepanico\model\Usuario.java. Using fallback presentation compiler.
2026.05.11 21:56:11 INFO  no build target found for C:\botondepanico\src\main\java\botondepanico\model\Usuario.java. Using fallback presentation compiler.
2026.05.11 21:56:11 INFO  no build target found for C:\botondepanico\src\main\java\botondepanico\model\Usuario.java. Using fallback presentation compiler.
2026.05.11 21:56:11 INFO  no build target found for C:\botondepanico\src\main\java\botondepanico\model\Usuario.java. Using fallback presentation compiler.
2026.05.11 21:56:12 INFO  no build target found for C:\botondepanico\src\main\java\botondepanico\model\Usuario.java. Using fallback presentation compiler.
2026.05.11 21:56:12 INFO  no build target found for C:\botondepanico\src\main\java\botondepanico\model\Usuario.java. Using fallback presentation compiler.
2026.05.11 21:56:15 INFO  no build target found for C:\botondepanico\src\main\java\botondepanico\model\Usuario.java. Using fallback presentation compiler.
2026.05.11 21:56:15 INFO  no build target found for C:\botondepanico\src\main\java\botondepanico\model\Usuario.java. Using fallback presentation compiler.
2026.05.11 21:56:15 INFO  no build target found for C:\botondepanico\src\main\java\botondepanico\model\Usuario.java. Using fallback presentation compiler.
2026.05.11 21:56:15 INFO  no build target found for C:\botondepanico\src\main\java\botondepanico\model\Usuario.java. Using fallback presentation compiler.
2026.05.11 21:56:16 WARN  no build target for: C:\botondepanico\src\main\java\botondepanico\model\Usuario.java
2026.05.11 21:56:16 INFO  no build target found for C:\botondepanico\src\main\java\botondepanico\model\Usuario.java. Using fallback presentation compiler.
2026.05.11 21:56:19 INFO  no build target found for C:\botondepanico\src\main\java\botondepanico\model\Usuario.java. Using fallback presentation compiler.
2026.05.11 21:56:20 INFO  no build target found for C:\botondepanico\src\main\java\botondepanico\service\UsuarioService.java. Using fallback presentation compiler.
2026.05.11 21:56:20 INFO  no build target found for C:\botondepanico\src\main\java\botondepanico\service\UsuarioService.java. Using fallback presentation compiler.
may. 11, 2026 9:56:20 P. M. org.eclipse.lsp4j.jsonrpc.RemoteEndpoint handleCancellation
WARNING: Unmatched cancel notification for request id 513
2026.05.11 21:56:20 INFO  no build target found for C:\botondepanico\src\main\java\botondepanico\service\UsuarioService.java. Using fallback presentation compiler.
2026.05.11 21:56:20 INFO  no build target found for C:\botondepanico\src\main\java\botondepanico\service\UsuarioService.java. Using fallback presentation compiler.
may. 11, 2026 9:56:21 P. M. org.eclipse.lsp4j.jsonrpc.RemoteEndpoint handleCancellation
WARNING: Unmatched cancel notification for request id 519
2026.05.11 21:56:20 INFO  no build target found for C:\botondepanico\src\main\java\botondepanico\service\UsuarioService.java. Using fallback presentation compiler.
2026.05.11 21:56:22 INFO  no build target found for C:\botondepanico\src\main\java\botondepanico\service\UsuarioService.java. Using fallback presentation compiler.
2026.05.11 21:56:22 INFO  no build target found for C:\botondepanico\src\main\java\botondepanico\service\UsuarioService.java. Using fallback presentation compiler.
2026.05.11 21:56:23 INFO  no build target found for C:\botondepanico\src\main\java\botondepanico\service\UsuarioService.java. Using fallback presentation compiler.
2026.05.11 21:56:23 INFO  no build target found for C:\botondepanico\src\main\java\botondepanico\service\UsuarioService.java. Using fallback presentation compiler.
2026.05.11 21:56:25 INFO  no build target found for C:\botondepanico\src\main\java\botondepanico\service\UsuarioService.java. Using fallback presentation compiler.
2026.05.11 21:56:25 INFO  no build target found for C:\botondepanico\src\main\java\botondepanico\service\UsuarioService.java. Using fallback presentation compiler.
2026.05.11 21:56:26 INFO  no build target found for C:\botondepanico\src\main\java\botondepanico\service\UsuarioService.java. Using fallback presentation compiler.
2026.05.11 21:56:25 INFO  no build target found for C:\botondepanico\src\main\java\botondepanico\service\UsuarioService.java. Using fallback presentation compiler.
2026.05.11 21:56:25 INFO  no build target found for C:\botondepanico\src\main\java\botondepanico\service\UsuarioService.java. Using fallback presentation compiler.
2026.05.11 21:56:27 INFO  no build target found for C:\botondepanico\src\main\java\botondepanico\service\UsuarioService.java. Using fallback presentation compiler.
2026.05.11 21:56:29 INFO  no build target found for C:\botondepanico\src\main\java\botondepanico\service\UsuarioService.java. Using fallback presentation compiler.
2026.05.11 21:56:29 WARN  no build target for: C:\botondepanico\src\main\java\botondepanico\service\UsuarioService.java
2026.05.11 21:56:29 INFO  no build target found for C:\botondepanico\src\main\java\botondepanico\service\UsuarioService.java. Using fallback presentation compiler.
2026.05.11 21:56:29 INFO  no build target found for C:\botondepanico\src\main\java\botondepanico\config\SecurityConfig.java. Using fallback presentation compiler.
2026.05.11 21:56:29 WARN  no build target for: C:\botondepanico\src\main\java\botondepanico\config\SecurityConfig.java
2026.05.11 21:56:29 INFO  no build target found for C:\botondepanico\src\main\java\botondepanico\config\SecurityConfig.java. Using fallback presentation compiler.
2026.05.11 21:56:29 INFO  no build target found for C:\botondepanico\src\main\java\botondepanico\config\SecurityConfig.java. Using fallback presentation compiler.
2026.05.11 21:56:29 INFO  no build target found for C:\botondepanico\src\main\java\botondepanico\config\SecurityConfig.java. Using fallback presentation compiler.
2026.05.11 21:56:31 INFO  no build target found for C:\botondepanico\src\main\java\botondepanico\controller\AuthController.java. Using fallback presentation compiler.
2026.05.11 21:56:31 WARN  no build target for: C:\botondepanico\src\main\java\botondepanico\controller\AuthController.java
2026.05.11 21:56:31 INFO  no build target found for C:\botondepanico\src\main\java\botondepanico\controller\AuthController.java. Using fallback presentation compiler.
2026.05.11 21:56:31 INFO  no build target found for C:\botondepanico\src\main\java\botondepanico\controller\AuthController.java. Using fallback presentation compiler.
2026.05.11 21:56:31 INFO  no build target found for C:\botondepanico\src\main\java\botondepanico\controller\AuthController.java. Using fallback presentation compiler.
2026.05.11 21:56:31 INFO  no build target found for C:\botondepanico\src\main\java\botondepanico\controller\AuthController.java. Using fallback presentation compiler.
may. 11, 2026 9:56:32 P. M. org.eclipse.lsp4j.jsonrpc.RemoteEndpoint handleCancellation
WARNING: Unmatched cancel notification for request id 561
2026.05.11 21:56:31 INFO  no build target found for C:\botondepanico\src\main\java\botondepanico\controller\AuthController.java. Using fallback presentation compiler.
2026.05.11 21:56:33 INFO  no build target found for C:\botondepanico\src\main\java\botondepanico\controller\AuthController.java. Using fallback presentation compiler.
2026.05.11 21:56:33 INFO  no build target found for C:\botondepanico\src\main\java\botondepanico\controller\AuthController.java. Using fallback presentation compiler.
2026.05.11 21:56:36 INFO  no build target found for C:\botondepanico\src\main\java\botondepanico\controller\AuthController.java. Using fallback presentation compiler.
2026.05.11 21:56:36 INFO  no build target found for C:\botondepanico\src\main\java\botondepanico\controller\AuthController.java. Using fallback presentation compiler.
2026.05.11 21:56:36 INFO  no build target found for C:\botondepanico\src\main\java\botondepanico\controller\AuthController.java. Using fallback presentation compiler.
2026.05.11 21:56:36 INFO  no build target found for C:\botondepanico\src\main\java\botondepanico\controller\AuthController.java. Using fallback presentation compiler.
2026.05.11 21:56:36 INFO  no build target found for C:\botondepanico\src\main\java\botondepanico\controller\AuthController.java. Using fallback presentation compiler.
2026.05.11 21:56:37 INFO  no build target found for C:\botondepanico\src\main\java\botondepanico\controller\AuthController.java. Using fallback presentation compiler.
2026.05.11 21:56:37 INFO  no build target found for C:\botondepanico\src\main\java\botondepanico\controller\AuthController.java. Using fallback presentation compiler.
2026.05.11 21:56:37 INFO  no build target found for C:\botondepanico\src\main\java\botondepanico\controller\AuthController.java. Using fallback presentation compiler.
2026.05.11 21:56:37 INFO  no build target found for C:\botondepanico\src\main\java\botondepanico\controller\AuthController.java. Using fallback presentation compiler.
2026.05.11 21:56:37 INFO  no build target found for C:\botondepanico\src\main\java\botondepanico\controller\AuthController.java. Using fallback presentation compiler.
2026.05.11 21:56:38 INFO  no build target found for C:\botondepanico\src\main\java\botondepanico\controller\AuthController.java. Using fallback presentation compiler.
2026.05.11 21:56:38 INFO  no build target found for C:\botondepanico\src\main\java\botondepanico\controller\AuthController.java. Using fallback presentation compiler.
2026.05.11 21:56:42 INFO  no build target found for C:\botondepanico\src\main\java\botondepanico\controller\AuthController.java. Using fallback presentation compiler.
2026.05.11 21:56:42 INFO  no build target found for C:\botondepanico\src\main\java\botondepanico\controller\AuthController.java. Using fallback presentation compiler.
2026.05.11 21:56:42 INFO  no build target found for C:\botondepanico\src\main\java\botondepanico\controller\AuthController.java. Using fallback presentation compiler.
2026.05.11 21:56:45 INFO  no build target found for C:\botondepanico\src\main\java\botondepanico\controller\AuthController.java. Using fallback presentation compiler.
2026.05.11 21:56:45 INFO  no build target found for C:\botondepanico\src\main\java\botondepanico\controller\AuthController.java. Using fallback presentation compiler.
2026.05.11 21:56:52 INFO  no build target found for C:\botondepanico\src\main\java\botondepanico\controller\AuthController.java. Using fallback presentation compiler.
2026.05.11 21:56:53 INFO  no build target found for C:\botondepanico\src\main\java\botondepanico\service\UsuarioService.java. Using fallback presentation compiler.
2026.05.11 21:56:54 INFO  no build target found for C:\botondepanico\src\main\java\botondepanico\service\UsuarioService.java. Using fallback presentation compiler.
2026.05.11 21:56:59 INFO  no build target found for C:\botondepanico\repository\UsuarioRepository.java. Using fallback presentation compiler.
2026.05.11 22:00:18 INFO  Shutting down server
2026.05.11 22:00:18 INFO  Memory monitor stopped
2026.05.11 22:00:18 INFO  shutting down Metals
2026.05.12 03:29:30 INFO  Started: Metals version 1.6.7 in folders 'C:\botondepanico' for client Visual Studio Code 1.119.0.
2026.05.12 03:29:30 INFO  Memory monitor started
2026.05.12 03:29:36 WARN  Using H2 2.4.240 which is newer than the version Flyway has been verified with. The latest verified version of H2 is 2.3.232.
2026.05.12 03:29:37 INFO  no build target found for C:\botondepanico\model\Usuario.java. Using fallback presentation compiler.
2026.05.12 03:29:40 INFO  no build target found for C:\botondepanico\model\Usuario.java. Using fallback presentation compiler.
2026.05.12 03:29:45 WARN  no build target for: C:\botondepanico\src\main\java\botondepanico\controller\AuthController.java
2026.05.12 03:29:45 WARN  no build target for: C:\botondepanico\model\Usuario.java
2026.05.12 03:29:45 INFO  no build target found for C:\botondepanico\model\Usuario.java. Using fallback presentation compiler.
2026.05.12 03:29:47 INFO  no build target found for C:\botondepanico\model\Usuario.java. Using fallback presentation compiler.
2026.05.12 03:29:47 INFO  time: code lens generation in 2.11s
2026.05.12 03:29:48 INFO  no build target found for C:\botondepanico\model\Usuario.java. Using fallback presentation compiler.
2026.05.12 03:29:48 INFO  time: code lens generation in 2.73s
2026.05.12 03:29:51 WARN  no build target for: C:\botondepanico\src\main\java\botondepanico\service\UsuarioService.java
2026.05.12 03:29:51 INFO  no build target found for C:\botondepanico\src\main\java\botondepanico\service\UsuarioService.java. Using fallback presentation compiler.
may. 12, 2026 3:29:51 A. M. org.eclipse.lsp4j.jsonrpc.RemoteEndpoint handleCancellation
WARNING: Unmatched cancel notification for request id 15
2026.05.12 03:29:52 INFO  no build target found for C:\botondepanico\src\main\java\botondepanico\service\UsuarioService.java. Using fallback presentation compiler.
2026.05.12 03:29:51 INFO  no build target found for C:\botondepanico\src\main\java\botondepanico\service\UsuarioService.java. Using fallback presentation compiler.
may. 12, 2026 3:29:52 A. M. org.eclipse.lsp4j.jsonrpc.RemoteEndpoint handleCancellation
WARNING: Unmatched cancel notification for request id 19
2026.05.12 03:29:51 INFO  no build target found for C:\botondepanico\src\main\java\botondepanico\service\UsuarioService.java. Using fallback presentation compiler.
2026.05.12 03:29:52 INFO  no build target found for C:\botondepanico\src\main\java\botondepanico\service\UsuarioService.java. Using fallback presentation compiler.
2026.05.12 03:29:54 INFO  no build target found for C:\botondepanico\src\main\java\botondepanico\BotondepanicoApplication.java. Using fallback presentation compiler.
2026.05.12 03:29:54 WARN  no build target for: C:\botondepanico\src\main\java\botondepanico\BotondepanicoApplication.java
2026.05.12 03:29:54 INFO  no build target found for C:\botondepanico\src\main\java\botondepanico\BotondepanicoApplication.java. Using fallback presentation compiler.
2026.05.12 03:29:55 INFO  no build target found for C:\botondepanico\src\main\java\botondepanico\BotondepanicoApplication.java. Using fallback presentation compiler.
2026.05.12 03:29:56 INFO  no build target found for C:\botondepanico\src\main\java\botondepanico\service\UsuarioService.java. Using fallback presentation compiler.
2026.05.12 03:29:56 WARN  no build target for: C:\botondepanico\src\main\java\botondepanico\service\UsuarioService.java
2026.05.12 03:29:56 INFO  no build target found for C:\botondepanico\src\main\java\botondepanico\service\UsuarioService.java. Using fallback presentation compiler.
2026.05.12 03:29:56 INFO  no build target found for C:\botondepanico\src\main\java\botondepanico\service\UsuarioService.java. Using fallback presentation compiler.
2026.05.12 03:29:56 INFO  no build target found for C:\botondepanico\src\main\java\botondepanico\service\UsuarioService.java. Using fallback presentation compiler.
2026.05.12 03:29:57 INFO  no build target found for C:\botondepanico\src\main\java\botondepanico\service\UsuarioService.java. Using fallback presentation compiler.
2026.05.12 03:29:57 INFO  no build target found for C:\botondepanico\src\main\java\botondepanico\service\UsuarioService.java. Using fallback presentation compiler.
2026.05.12 03:29:57 INFO  no build target found for C:\botondepanico\src\main\java\botondepanico\service\UsuarioService.java. Using fallback presentation compiler.
may. 12, 2026 3:29:57 A. M. org.eclipse.lsp4j.jsonrpc.RemoteEndpoint handleCancellation
WARNING: Unmatched cancel notification for request id 36
may. 12, 2026 3:29:57 A. M. org.eclipse.lsp4j.jsonrpc.RemoteEndpoint handleCancellation
WARNING: Unmatched cancel notification for request id 37
2026.05.12 03:29:57 INFO  no build target found for C:\botondepanico\src\main\java\botondepanico\service\UsuarioService.java. Using fallback presentation compiler.
2026.05.12 03:29:57 INFO  no build target found for C:\botondepanico\src\main\java\botondepanico\service\UsuarioService.java. Using fallback presentation compiler.
2026.05.12 03:29:58 INFO  no build target found for C:\botondepanico\src\main\java\botondepanico\service\UsuarioService.java. Using fallback presentation compiler.
2026.05.12 03:29:59 INFO  no build target found for C:\botondepanico\src\main\java\botondepanico\BotondepanicoApplication.java. Using fallback presentation compiler.
2026.05.12 03:29:59 WARN  no build target for: C:\botondepanico\src\main\java\botondepanico\repository\UsuarioRepository.java
2026.05.12 03:29:59 INFO  no build target found for C:\botondepanico\src\main\java\botondepanico\repository\UsuarioRepository.java. Using fallback presentation compiler.
2026.05.12 03:29:59 INFO  no build target found for C:\botondepanico\src\main\java\botondepanico\repository\UsuarioRepository.java. Using fallback presentation compiler.
2026.05.12 03:29:59 INFO  no build target found for C:\botondepanico\src\main\java\botondepanico\repository\UsuarioRepository.java. Using fallback presentation compiler.
2026.05.12 03:30:02 INFO  no build target found for C:\botondepanico\src\main\java\botondepanico\model\Usuario.java. Using fallback presentation compiler.
2026.05.12 03:30:02 WARN  no build target for: C:\botondepanico\src\main\java\botondepanico\model\Usuario.java
2026.05.12 03:30:02 INFO  no build target found for C:\botondepanico\src\main\java\botondepanico\model\Usuario.java. Using fallback presentation compiler.
2026.05.12 03:30:02 INFO  no build target found for C:\botondepanico\src\main\java\botondepanico\model\Usuario.java. Using fallback presentation compiler.
may. 12, 2026 3:30:02 A. M. org.eclipse.lsp4j.jsonrpc.RemoteEndpoint handleCancellation
WARNING: Unmatched cancel notification for request id 52
2026.05.12 03:30:02 INFO  no build target found for C:\botondepanico\src\main\java\botondepanico\model\Usuario.java. Using fallback presentation compiler.
2026.05.12 03:30:07 INFO  no build target found for C:\botondepanico\src\main\java\botondepanico\controller\AuthController.java. Using fallback presentation compiler.
2026.05.12 03:30:07 WARN  no build target for: C:\botondepanico\src\main\java\botondepanico\controller\AuthController.java
may. 12, 2026 3:30:07 A. M. org.eclipse.lsp4j.jsonrpc.RemoteEndpoint handleCancellation
WARNING: Unmatched cancel notification for request id 56
2026.05.12 03:30:07 INFO  no build target found for C:\botondepanico\src\main\java\botondepanico\controller\AuthController.java. Using fallback presentation compiler.
2026.05.12 03:30:07 INFO  no build target found for C:\botondepanico\src\main\java\botondepanico\controller\AuthController.java. Using fallback presentation compiler.
2026.05.12 03:30:07 INFO  no build target found for C:\botondepanico\src\main\java\botondepanico\controller\AuthController.java. Using fallback presentation compiler.
2026.05.12 03:30:10 WARN  no build target for: C:\botondepanico\src\main\java\botondepanico\config\SecurityConfig.java
2026.05.12 03:30:10 INFO  no build target found for C:\botondepanico\src\main\java\botondepanico\config\SecurityConfig.java. Using fallback presentation compiler.
may. 12, 2026 3:30:10 A. M. org.eclipse.lsp4j.jsonrpc.RemoteEndpoint handleCancellation
WARNING: Unmatched cancel notification for request id 63
2026.05.12 03:30:10 INFO  no build target found for C:\botondepanico\src\main\java\botondepanico\config\SecurityConfig.java. Using fallback presentation compiler.
2026.05.12 03:30:10 INFO  no build target found for C:\botondepanico\src\main\java\botondepanico\config\SecurityConfig.java. Using fallback presentation compiler.
2026.05.12 03:30:10 INFO  no build target found for C:\botondepanico\src\main\java\botondepanico\config\SecurityConfig.java. Using fallback presentation compiler.
2026.05.12 03:30:12 INFO  no build target found for C:\botondepanico\src\main\java\botondepanico\config\SecurityConfig.java. Using fallback presentation compiler.
2026.05.12 03:30:15 INFO  no build target found for C:\botondepanico\src\main\java\botondepanico\config\SecurityConfig.java. Using fallback presentation compiler.
may. 12, 2026 3:30:21 A. M. org.eclipse.lsp4j.jsonrpc.services.GenericEndpoint notify
INFO: Unsupported notification method: $/setTrace
2026.05.12 03:30:24 INFO  no build target found for C:\botondepanico\src\main\java\botondepanico\controller\AuthController.java. Using fallback presentation compiler.
2026.05.12 03:30:29 INFO  no build target found for C:\botondepanico\src\main\java\botondepanico\config\SecurityConfig.java. Using fallback presentation compiler.
2026.05.12 03:30:29 INFO  no build target found for C:\botondepanico\src\main\java\botondepanico\config\SecurityConfig.java. Using fallback presentation compiler.
2026.05.12 03:30:32 INFO  no build target found for C:\botondepanico\src\main\java\botondepanico\config\SecurityConfig.java. Using fallback presentation compiler.
2026.05.12 03:30:32 INFO  no build target found for C:\botondepanico\src\main\java\botondepanico\controller\AuthController.java. Using fallback presentation compiler.
2026.05.12 03:30:32 INFO  no build target found for C:\botondepanico\src\main\java\botondepanico\config\SecurityConfig.java. Using fallback presentation compiler.
2026.05.12 03:30:34 INFO  no build target found for C:\botondepanico\src\main\java\botondepanico\config\SecurityConfig.java. Using fallback presentation compiler.
2026.05.12 03:30:37 INFO  no build target found for C:\botondepanico\src\main\java\botondepanico\service\UsuarioService.java. Using fallback presentation compiler.
2026.05.12 03:30:39 INFO  no build target found for C:\botondepanico\model\Usuario.java. Using fallback presentation compiler.
2026.05.12 03:30:47 INFO  no build target found for C:\botondepanico\src\main\java\botondepanico\service\UsuarioService.java. Using fallback presentation compiler.
2026.05.12 03:30:48 INFO  no build target found for C:\botondepanico\src\main\java\botondepanico\controller\AuthController.java. Using fallback presentation compiler.
may. 12, 2026 3:31:16 A. M. org.eclipse.lsp4j.jsonrpc.services.GenericEndpoint notify
INFO: Unsupported notification method: $/setTrace
2026.05.12 03:31:16 INFO  no build target found for C:\botondepanico\src\main\java\botondepanico\config\SecurityConfig.java. Using fallback presentation compiler.
may. 12, 2026 3:31:16 A. M. org.eclipse.lsp4j.jsonrpc.services.GenericEndpoint notify
INFO: Unsupported notification method: $/setTrace
2026.05.12 03:31:16 INFO  no build target found for C:\botondepanico\src\main\java\botondepanico\config\SecurityConfig.java. Using fallback presentation compiler.
2026.05.12 03:32:25 INFO  no build target found for C:\botondepanico\src\main\java\botondepanico\service\UsuarioService.java. Using fallback presentation compiler.
2026.05.12 03:32:31 INFO  no build target found for C:\botondepanico\model\Usuario.java. Using fallback presentation compiler.
2026.05.12 03:32:31 WARN  no build target for: C:\botondepanico\model\Usuario.java
2026.05.12 03:32:31 INFO  no build target found for C:\botondepanico\model\Usuario.java. Using fallback presentation compiler.
2026.05.12 03:32:32 INFO  no build target found for C:\botondepanico\model\Usuario.java. Using fallback presentation compiler.
2026.05.12 03:32:31 INFO  no build target found for C:\botondepanico\model\Usuario.java. Using fallback presentation compiler.
2026.05.12 03:32:33 INFO  no build target found for C:\botondepanico\model\Usuario.java. Using fallback presentation compiler.
2026.05.12 03:32:48 INFO  no build target found for C:\botondepanico\src\main\java\botondepanico\config\SecurityConfig.java. Using fallback presentation compiler.
2026.05.12 03:32:48 WARN  no build target for: C:\botondepanico\src\main\java\botondepanico\config\SecurityConfig.java
2026.05.12 03:32:48 INFO  no build target found for C:\botondepanico\src\main\java\botondepanico\config\SecurityConfig.java. Using fallback presentation compiler.
2026.05.12 03:32:48 INFO  no build target found for C:\botondepanico\src\main\java\botondepanico\config\SecurityConfig.java. Using fallback presentation compiler.
2026.05.12 03:32:48 INFO  no build target found for C:\botondepanico\src\main\java\botondepanico\config\SecurityConfig.java. Using fallback presentation compiler.
2026.05.12 03:32:50 INFO  no build target found for C:\botondepanico\src\main\java\botondepanico\controller\AuthController.java. Using fallback presentation compiler.
2026.05.12 03:32:50 WARN  no build target for: C:\botondepanico\src\main\java\botondepanico\controller\AuthController.java
2026.05.12 03:32:50 INFO  no build target found for C:\botondepanico\src\main\java\botondepanico\controller\AuthController.java. Using fallback presentation compiler.
2026.05.12 03:32:50 INFO  no build target found for C:\botondepanico\src\main\java\botondepanico\controller\AuthController.java. Using fallback presentation compiler.
2026.05.12 03:32:50 INFO  no build target found for C:\botondepanico\src\main\java\botondepanico\controller\AuthController.java. Using fallback presentation compiler.
2026.05.12 03:32:51 INFO  no build target found for C:\botondepanico\src\main\java\botondepanico\controller\AuthController.java. Using fallback presentation compiler.
2026.05.12 03:32:51 INFO  no build target found for C:\botondepanico\src\main\java\botondepanico\controller\AuthController.java. Using fallback presentation compiler.
may. 12, 2026 3:32:52 A. M. org.eclipse.lsp4j.jsonrpc.RemoteEndpoint handleCancellation
WARNING: Unmatched cancel notification for request id 123
2026.05.12 03:32:52 INFO  no build target found for C:\botondepanico\src\main\java\botondepanico\controller\AuthController.java. Using fallback presentation compiler.
2026.05.12 03:32:52 INFO  no build target found for C:\botondepanico\src\main\java\botondepanico\controller\AuthController.java. Using fallback presentation compiler.
2026.05.12 03:32:54 INFO  no build target found for C:\botondepanico\src\main\java\botondepanico\controller\AuthController.java. Using fallback presentation compiler.
2026.05.12 03:34:08 INFO  no build target found for C:\botondepanico\src\main\java\botondepanico\repository\UsuarioRepository.java. Using fallback presentation compiler.
2026.05.12 03:34:08 WARN  no build target for: C:\botondepanico\src\main\java\botondepanico\repository\UsuarioRepository.java
2026.05.12 03:34:08 INFO  no build target found for C:\botondepanico\src\main\java\botondepanico\repository\UsuarioRepository.java. Using fallback presentation compiler.
2026.05.12 03:34:08 INFO  no build target found for C:\botondepanico\src\main\java\botondepanico\repository\UsuarioRepository.java. Using fallback presentation compiler.
2026.05.12 03:34:08 INFO  no build target found for C:\botondepanico\src\main\java\botondepanico\repository\UsuarioRepository.java. Using fallback presentation compiler.
2026.05.12 03:34:10 INFO  no build target found for C:\botondepanico\src\main\java\botondepanico\service\UsuarioService.java. Using fallback presentation compiler.
2026.05.12 03:34:11 WARN  no build target for: C:\botondepanico\src\main\java\botondepanico\service\UsuarioService.java
2026.05.12 03:34:10 INFO  no build target found for C:\botondepanico\src\main\java\botondepanico\service\UsuarioService.java. Using fallback presentation compiler.
2026.05.12 03:34:11 INFO  no build target found for C:\botondepanico\src\main\java\botondepanico\service\UsuarioService.java. Using fallback presentation compiler.
2026.05.12 03:34:10 INFO  no build target found for C:\botondepanico\src\main\java\botondepanico\service\UsuarioService.java. Using fallback presentation compiler.
2026.05.12 03:34:10 INFO  no build target found for C:\botondepanico\src\main\java\botondepanico\service\UsuarioService.java. Using fallback presentation compiler.
2026.05.12 03:34:12 INFO  no build target found for C:\botondepanico\src\main\java\botondepanico\service\UsuarioService.java. Using fallback presentation compiler.
2026.05.12 03:34:12 INFO  no build target found for C:\botondepanico\src\main\java\botondepanico\service\UsuarioService.java. Using fallback presentation compiler.
2026.05.12 03:34:12 INFO  no build target found for C:\botondepanico\src\main\java\botondepanico\service\UsuarioService.java. Using fallback presentation compiler.
2026.05.12 03:34:15 INFO  no build target found for C:\botondepanico\src\main\java\botondepanico\service\UsuarioService.java. Using fallback presentation compiler.
2026.05.12 03:34:15 INFO  no build target found for C:\botondepanico\src\main\java\botondepanico\service\UsuarioService.java. Using fallback presentation compiler.
2026.05.12 03:34:16 INFO  no build target found for C:\botondepanico\src\main\java\botondepanico\service\UsuarioService.java. Using fallback presentation compiler.
2026.05.12 03:34:16 INFO  no build target found for C:\botondepanico\src\main\java\botondepanico\service\UsuarioService.java. Using fallback presentation compiler.
2026.05.12 03:34:16 INFO  no build target found for C:\botondepanico\src\main\java\botondepanico\service\UsuarioService.java. Using fallback presentation compiler.
2026.05.12 03:34:17 INFO  no build target found for C:\botondepanico\src\main\java\botondepanico\service\UsuarioService.java. Using fallback presentation compiler.
2026.05.12 03:34:18 INFO  no build target found for C:\botondepanico\src\main\java\botondepanico\service\UsuarioService.java. Using fallback presentation compiler.
2026.05.12 03:34:18 INFO  no build target found for C:\botondepanico\src\main\java\botondepanico\service\UsuarioService.java. Using fallback presentation compiler.
2026.05.12 03:34:18 INFO  no build target found for C:\botondepanico\src\main\java\botondepanico\service\UsuarioService.java. Using fallback presentation compiler.
2026.05.12 03:34:19 INFO  no build target found for C:\botondepanico\src\main\java\botondepanico\service\UsuarioService.java. Using fallback presentation compiler.
2026.05.12 03:34:21 INFO  no build target found for C:\botondepanico\src\main\java\botondepanico\service\UsuarioService.java. Using fallback presentation compiler.
2026.05.12 03:35:02 INFO  no build target found for C:\botondepanico\src\main\java\botondepanico\model\Usuario.java. Using fallback presentation compiler.
2026.05.12 03:35:02 WARN  no build target for: C:\botondepanico\src\main\java\botondepanico\model\Usuario.java
2026.05.12 03:35:02 INFO  no build target found for C:\botondepanico\src\main\java\botondepanico\model\Usuario.java. Using fallback presentation compiler.
2026.05.12 03:35:03 INFO  no build target found for C:\botondepanico\src\main\java\botondepanico\service\UsuarioService.java. Using fallback presentation compiler.
2026.05.12 03:35:03 INFO  no build target found for C:\botondepanico\src\main\java\botondepanico\model\Usuario.java. Using fallback presentation compiler.
2026.05.12 03:35:02 INFO  no build target found for C:\botondepanico\src\main\java\botondepanico\model\Usuario.java. Using fallback presentation compiler.
2026.05.12 03:35:02 INFO  no build target found for C:\botondepanico\src\main\java\botondepanico\model\Usuario.java. Using fallback presentation compiler.
2026.05.12 03:35:04 INFO  no build target found for C:\botondepanico\src\main\java\botondepanico\model\Usuario.java. Using fallback presentation compiler.
2026.05.12 03:35:04 INFO  no build target found for C:\botondepanico\src\main\java\botondepanico\model\Usuario.java. Using fallback presentation compiler.
2026.05.12 03:35:04 INFO  no build target found for C:\botondepanico\src\main\java\botondepanico\model\Usuario.java. Using fallback presentation compiler.
2026.05.12 03:35:04 INFO  no build target found for C:\botondepanico\src\main\java\botondepanico\model\Usuario.java. Using fallback presentation compiler.
2026.05.12 03:35:07 INFO  no build target found for C:\botondepanico\src\main\java\botondepanico\model\Usuario.java. Using fallback presentation compiler.
2026.05.12 03:35:07 INFO  no build target found for C:\botondepanico\src\main\java\botondepanico\model\Usuario.java. Using fallback presentation compiler.
2026.05.12 03:35:07 INFO  no build target found for C:\botondepanico\src\main\java\botondepanico\model\Usuario.java. Using fallback presentation compiler.
2026.05.12 03:35:08 INFO  no build target found for C:\botondepanico\src\main\java\botondepanico\model\Usuario.java. Using fallback presentation compiler.
2026.05.12 03:35:08 INFO  no build target found for C:\botondepanico\src\main\java\botondepanico\model\Usuario.java. Using fallback presentation compiler.
2026.05.12 03:35:08 WARN  no build target for: C:\botondepanico\src\main\java\botondepanico\model\Usuario.java
2026.05.12 03:35:08 INFO  no build target found for C:\botondepanico\src\main\java\botondepanico\service\UsuarioService.java. Using fallback presentation compiler.
2026.05.12 03:35:08 INFO  no build target found for C:\botondepanico\src\main\java\botondepanico\model\Usuario.java. Using fallback presentation compiler.
2026.05.12 03:35:13 INFO  no build target found for C:\botondepanico\src\main\java\botondepanico\repository\UsuarioRepository.java. Using fallback presentation compiler.
2026.05.12 03:35:13 WARN  no build target for: C:\botondepanico\src\main\java\botondepanico\repository\UsuarioRepository.java
2026.05.12 03:35:13 INFO  no build target found for C:\botondepanico\src\main\java\botondepanico\repository\UsuarioRepository.java. Using fallback presentation compiler.
2026.05.12 03:35:13 INFO  no build target found for C:\botondepanico\src\main\java\botondepanico\service\UsuarioService.java. Using fallback presentation compiler.
2026.05.12 03:35:13 INFO  no build target found for C:\botondepanico\src\main\java\botondepanico\repository\UsuarioRepository.java. Using fallback presentation compiler.
2026.05.12 03:35:13 INFO  no build target found for C:\botondepanico\src\main\java\botondepanico\repository\UsuarioRepository.java. Using fallback presentation compiler.
2026.05.12 03:35:23 INFO  no build target found for C:\botondepanico\src\main\java\botondepanico\repository\UsuarioRepository.java. Using fallback presentation compiler.
2026.05.12 03:35:25 INFO  no build target found for C:\botondepanico\src\main\java\botondepanico\repository\UsuarioRepository.java. Using fallback presentation compiler.
2026.05.12 03:35:25 INFO  no build target found for C:\botondepanico\src\main\java\botondepanico\repository\UsuarioRepository.java. Using fallback presentation compiler.
2026.05.12 03:35:25 INFO  no build target found for C:\botondepanico\src\main\java\botondepanico\repository\UsuarioRepository.java. Using fallback presentation compiler.
2026.05.12 03:35:26 INFO  no build target found for C:\botondepanico\src\main\java\botondepanico\repository\UsuarioRepository.java. Using fallback presentation compiler.
2026.05.12 03:35:27 INFO  no build target found for C:\botondepanico\src\main\java\botondepanico\repository\UsuarioRepository.java. Using fallback presentation compiler.
2026.05.12 03:35:26 INFO  no build target found for C:\botondepanico\src\main\java\botondepanico\repository\UsuarioRepository.java. Using fallback presentation compiler.
2026.05.12 03:35:26 INFO  no build target found for C:\botondepanico\src\main\java\botondepanico\repository\UsuarioRepository.java. Using fallback presentation compiler.
2026.05.12 03:35:27 INFO  no build target found for C:\botondepanico\src\main\java\botondepanico\repository\UsuarioRepository.java. Using fallback presentation compiler.
2026.05.12 03:35:28 WARN  no build target for: C:\botondepanico\src\main\java\botondepanico\repository\UsuarioRepository.java
2026.05.12 03:35:28 INFO  no build target found for C:\botondepanico\src\main\java\botondepanico\service\UsuarioService.java. Using fallback presentation compiler.
2026.05.12 03:35:28 INFO  no build target found for C:\botondepanico\src\main\java\botondepanico\repository\UsuarioRepository.java. Using fallback presentation compiler.
2026.05.12 03:35:28 INFO  no build target found for C:\botondepanico\src\main\java\botondepanico\repository\UsuarioRepository.java. Using fallback presentation compiler.
2026.05.12 03:35:45 INFO  no build target found for C:\botondepanico\src\main\java\botondepanico\service\UsuarioService.java. Using fallback presentation compiler.
2026.05.12 03:35:45 WARN  no build target for: C:\botondepanico\src\main\java\botondepanico\service\UsuarioService.java
2026.05.12 03:35:45 INFO  no build target found for C:\botondepanico\src\main\java\botondepanico\service\UsuarioService.java. Using fallback presentation compiler.
2026.05.12 03:35:45 INFO  no build target found for C:\botondepanico\src\main\java\botondepanico\service\UsuarioService.java. Using fallback presentation compiler.
2026.05.12 03:35:45 INFO  no build target found for C:\botondepanico\src\main\java\botondepanico\service\UsuarioService.java. Using fallback presentation compiler.
2026.05.12 03:35:45 INFO  no build target found for C:\botondepanico\src\main\java\botondepanico\service\UsuarioService.java. Using fallback presentation compiler.
2026.05.12 03:35:48 INFO  no build target found for C:\botondepanico\src\main\java\botondepanico\service\UsuarioService.java. Using fallback presentation compiler.
2026.05.12 03:35:48 INFO  no build target found for C:\botondepanico\src\main\java\botondepanico\service\UsuarioService.java. Using fallback presentation compiler.
2026.05.12 03:35:48 INFO  no build target found for C:\botondepanico\src\main\java\botondepanico\service\UsuarioService.java. Using fallback presentation compiler.
2026.05.12 03:35:48 INFO  no build target found for C:\botondepanico\src\main\java\botondepanico\service\UsuarioService.java. Using fallback presentation compiler.
2026.05.12 03:35:50 INFO  no build target found for C:\botondepanico\src\main\java\botondepanico\service\UsuarioService.java. Using fallback presentation compiler.
2026.05.12 03:35:50 INFO  no build target found for C:\botondepanico\src\main\java\botondepanico\service\UsuarioService.java. Using fallback presentation compiler.
2026.05.12 03:35:50 INFO  no build target found for C:\botondepanico\src\main\java\botondepanico\controller\AuthController.java. Using fallback presentation compiler.
2026.05.12 03:35:50 INFO  no build target found for C:\botondepanico\src\main\java\botondepanico\service\UsuarioService.java. Using fallback presentation compiler.
2026.05.12 03:35:51 INFO  no build target found for C:\botondepanico\src\main\java\botondepanico\service\UsuarioService.java. Using fallback presentation compiler.
2026.05.12 03:35:51 INFO  no build target found for C:\botondepanico\src\main\java\botondepanico\service\UsuarioService.java. Using fallback presentation compiler.
2026.05.12 03:35:51 WARN  no build target for: C:\botondepanico\src\main\java\botondepanico\service\UsuarioService.java
2026.05.12 03:35:51 WARN  Running javac-semanticdb failed for file:///C:/botondepanico/src/main/java/botondepanico/service/UsuarioService.java. Output:

2026.05.12 03:35:51 INFO  no build target found for C:\botondepanico\src\main\java\botondepanico\service\UsuarioService.java. Using fallback presentation compiler.
2026.05.12 03:35:56 INFO  no build target found for C:\botondepanico\src\main\java\botondepanico\controller\AuthController.java. Using fallback presentation compiler.
2026.05.12 03:35:56 WARN  no build target for: C:\botondepanico\src\main\java\botondepanico\controller\AuthController.java
2026.05.12 03:35:56 INFO  no build target found for C:\botondepanico\src\main\java\botondepanico\controller\AuthController.java. Using fallback presentation compiler.
2026.05.12 03:35:56 INFO  no build target found for C:\botondepanico\src\main\java\botondepanico\service\UsuarioService.java. Using fallback presentation compiler.
2026.05.12 03:35:56 INFO  no build target found for C:\botondepanico\src\main\java\botondepanico\controller\AuthController.java. Using fallback presentation compiler.
2026.05.12 03:35:56 INFO  no build target found for C:\botondepanico\src\main\java\botondepanico\controller\AuthController.java. Using fallback presentation compiler.
2026.05.12 03:35:56 INFO  no build target found for C:\botondepanico\src\main\java\botondepanico\controller\AuthController.java. Using fallback presentation compiler.
2026.05.12 03:36:07 INFO  no build target found for C:\botondepanico\src\main\java\botondepanico\controller\AuthController.java. Using fallback presentation compiler.
2026.05.12 03:36:07 INFO  no build target found for C:\botondepanico\src\main\java\botondepanico\controller\AuthController.java. Using fallback presentation compiler.
2026.05.12 03:36:07 INFO  no build target found for C:\botondepanico\src\main\java\botondepanico\controller\AuthController.java. Using fallback presentation compiler.
2026.05.12 03:36:07 INFO  no build target found for C:\botondepanico\src\main\java\botondepanico\controller\AuthController.java. Using fallback presentation compiler.
2026.05.12 03:36:08 INFO  no build target found for C:\botondepanico\src\main\java\botondepanico\controller\AuthController.java. Using fallback presentation compiler.
2026.05.12 03:36:08 INFO  no build target found for C:\botondepanico\src\main\java\botondepanico\controller\AuthController.java. Using fallback presentation compiler.
2026.05.12 03:36:08 INFO  no build target found for C:\botondepanico\src\main\java\botondepanico\controller\AuthController.java. Using fallback presentation compiler.
2026.05.12 03:36:08 INFO  no build target found for C:\botondepanico\model\Usuario.java. Using fallback presentation compiler.
2026.05.12 03:36:09 INFO  no build target found for C:\botondepanico\src\main\java\botondepanico\controller\AuthController.java. Using fallback presentation compiler.
2026.05.12 03:36:08 INFO  no build target found for C:\botondepanico\src\main\java\botondepanico\controller\AuthController.java. Using fallback presentation compiler.
2026.05.12 03:36:09 WARN  no build target for: C:\botondepanico\src\main\java\botondepanico\controller\AuthController.java
2026.05.12 03:36:09 INFO  no build target found for C:\botondepanico\src\main\java\botondepanico\controller\AuthController.java. Using fallback presentation compiler.
2026.05.12 03:36:09 INFO  no build target found for C:\botondepanico\src\main\java\botondepanico\service\UsuarioService.java. Using fallback presentation compiler.
2026.05.12 03:36:18 INFO  no build target found for C:\botondepanico\model\Usuario.java. Using fallback presentation compiler.
2026.05.12 03:36:18 WARN  no build target for: C:\botondepanico\model\Usuario.java
2026.05.12 03:36:18 INFO  no build target found for C:\botondepanico\model\Usuario.java. Using fallback presentation compiler.
2026.05.12 03:36:18 INFO  no build target found for C:\botondepanico\model\Usuario.java. Using fallback presentation compiler.
2026.05.12 03:36:18 INFO  no build target found for C:\botondepanico\src\main\java\botondepanico\service\UsuarioService.java. Using fallback presentation compiler.
2026.05.12 03:36:18 INFO  no build target found for C:\botondepanico\model\Usuario.java. Using fallback presentation compiler.
2026.05.12 03:36:18 INFO  no build target found for C:\botondepanico\model\Usuario.java. Using fallback presentation compiler.
2026.05.12 03:36:20 INFO  no build target found for C:\botondepanico\model\Usuario.java. Using fallback presentation compiler.
2026.05.12 03:36:20 INFO  no build target found for C:\botondepanico\model\Usuario.java. Using fallback presentation compiler.
2026.05.12 03:36:20 INFO  no build target found for C:\botondepanico\model\Usuario.java. Using fallback presentation compiler.
2026.05.12 03:36:20 INFO  no build target found for C:\botondepanico\model\Usuario.java. Using fallback presentation compiler.
2026.05.12 03:36:21 INFO  no build target found for C:\botondepanico\model\Usuario.java. Using fallback presentation compiler.
2026.05.12 03:36:22 INFO  no build target found for C:\botondepanico\model\Usuario.java. Using fallback presentation compiler.
2026.05.12 03:36:23 WARN  no build target for: C:\botondepanico\model\Usuario.java
2026.05.12 03:36:23 INFO  no build target found for C:\botondepanico\model\Usuario.java. Using fallback presentation compiler.
2026.05.12 03:36:23 INFO  no build target found for C:\botondepanico\src\main\java\botondepanico\service\UsuarioService.java. Using fallback presentation compiler.
2026.05.12 03:36:23 INFO  Created report: Optional[file:///C:/botondepanico/model/Usuario.java]
2026.05.12 03:36:23 INFO  QDox parse error in file:///C:/botondepanico/model/Usuario.java (full report at: "C:\botondepanico\.metals\.reports\metals-full\2026-05-12\r_qdox-error_03-36-23-919.md")
2026.05.12 03:37:39 WARN  no build target for: c:\botondepanico\model\Usuario.java
2026.05.12 03:37:39 INFO  no build target found for C:\botondepanico\src\main\java\botondepanico\service\UsuarioService.java. Using fallback presentation compiler.
2026.05.12 03:37:39 INFO  no build target found for c:\botondepanico\model\Usuario.java. Using fallback presentation compiler.
2026.05.12 03:38:27 INFO  no build target found for C:\botondepanico\src\main\java\botondepanico\model\Usuario.java. Using fallback presentation compiler.
2026.05.12 03:38:27 WARN  no build target for: C:\botondepanico\src\main\java\botondepanico\model\Usuario.java
2026.05.12 03:38:27 INFO  no build target found for C:\botondepanico\src\main\java\botondepanico\model\Usuario.java. Using fallback presentation compiler.
2026.05.12 03:38:27 INFO  no build target found for C:\botondepanico\src\main\java\botondepanico\service\UsuarioService.java. Using fallback presentation compiler.
2026.05.12 03:38:27 INFO  no build target found for C:\botondepanico\src\main\java\botondepanico\model\Usuario.java. Using fallback presentation compiler.
2026.05.12 03:38:27 INFO  no build target found for C:\botondepanico\src\main\java\botondepanico\model\Usuario.java. Using fallback presentation compiler.
2026.05.12 03:38:30 INFO  no build target found for C:\botondepanico\src\main\java\botondepanico\model\Usuario.java. Using fallback presentation compiler.
2026.05.12 03:38:30 INFO  no build target found for C:\botondepanico\src\main\java\botondepanico\model\Usuario.java. Using fallback presentation compiler.
2026.05.12 03:39:55 INFO  Shutting down server
2026.05.12 03:39:55 INFO  Memory monitor stopped
2026.05.12 03:39:55 INFO  shutting down Metals
2026.05.12 03:39:55 INFO  Exiting server
2026.05.12 03:40:21 INFO  Started: Metals version 1.6.7 in folders 'C:\botondepanico' for client Visual Studio Code 1.119.0.
2026.05.12 03:40:21 INFO  Memory monitor started
2026.05.12 03:40:24 WARN  Using H2 2.4.240 which is newer than the version Flyway has been verified with. The latest verified version of H2 is 2.3.232.
2026.05.12 03:40:24 INFO  no build target found for C:\botondepanico\src\main\java\botondepanico\model\Usuario.java. Using fallback presentation compiler.
2026.05.12 03:40:27 INFO  no build target found for C:\botondepanico\src\main\java\botondepanico\model\Usuario.java. Using fallback presentation compiler.
2026.05.12 03:40:33 INFO  no build target found for C:\botondepanico\src\main\java\botondepanico\model\Usuario.java. Using fallback presentation compiler.
2026.05.12 03:40:33 INFO  no build target found for C:\botondepanico\src\main\java\botondepanico\model\Usuario.java. Using fallback presentation compiler.
2026.05.12 03:40:34 INFO  no build target found for C:\botondepanico\src\main\java\botondepanico\model\Usuario.java. Using fallback presentation compiler.
2026.05.12 03:40:34 INFO  no build target found for C:\botondepanico\src\main\java\botondepanico\model\Usuario.java. Using fallback presentation compiler.
may. 12, 2026 3:40:34 A. M. org.eclipse.lsp4j.jsonrpc.RemoteEndpoint handleCancellation
WARNING: Unmatched cancel notification for request id 8
may. 12, 2026 3:40:34 A. M. org.eclipse.lsp4j.jsonrpc.RemoteEndpoint handleCancellation
WARNING: Unmatched cancel notification for request id 9
may. 12, 2026 3:40:34 A. M. org.eclipse.lsp4j.jsonrpc.RemoteEndpoint handleCancellation
WARNING: Unmatched cancel notification for request id 10
2026.05.12 03:40:35 INFO  no build target found for C:\botondepanico\src\main\java\botondepanico\model\Usuario.java. Using fallback presentation compiler.
2026.05.12 03:40:44 INFO  no build target found for C:\botondepanico\src\main\java\botondepanico\model\Usuario.java. Using fallback presentation compiler.
2026.05.12 03:41:00 INFO  no build target found for C:\botondepanico\src\main\java\botondepanico\model\Usuario.java. Using fallback presentation compiler.
2026.05.12 03:41:20 INFO  no build target found for C:\botondepanico\src\main\java\botondepanico\model\Usuario.java. Using fallback presentation compiler.
2026.05.12 03:41:22 INFO  no build target found for C:\botondepanico\src\main\java\botondepanico\model\Usuario.java. Using fallback presentation compiler.
2026.05.12 03:51:33 INFO  no build target found for C:\botondepanico\src\main\java\botondepanico\controller\AuthController.java. Using fallback presentation compiler.
2026.05.12 03:51:33 INFO  no build target found for C:\botondepanico\src\main\java\botondepanico\controller\AuthController.java. Using fallback presentation compiler.
2026.05.12 03:51:33 INFO  no build target found for C:\botondepanico\src\main\java\botondepanico\controller\AuthController.java. Using fallback presentation compiler.
may. 12, 2026 3:51:33 A. M. org.eclipse.lsp4j.jsonrpc.RemoteEndpoint handleCancellation
WARNING: Unmatched cancel notification for request id 26
may. 12, 2026 3:51:34 A. M. org.eclipse.lsp4j.jsonrpc.RemoteEndpoint handleCancellation
WARNING: Unmatched cancel notification for request id 29
2026.05.12 03:51:33 INFO  no build target found for C:\botondepanico\src\main\java\botondepanico\controller\AuthController.java. Using fallback presentation compiler.
2026.05.12 03:51:41 INFO  no build target found for C:\botondepanico\src\main\java\botondepanico\controller\HomeController.java. Using fallback presentation compiler.
2026.05.12 03:51:42 INFO  no build target found for C:\botondepanico\src\main\java\botondepanico\controller\HomeController.java. Using fallback presentation compiler.
2026.05.12 03:51:42 INFO  no build target found for C:\botondepanico\src\main\java\botondepanico\controller\HomeController.java. Using fallback presentation compiler.
2026.05.12 03:51:42 INFO  no build target found for C:\botondepanico\src\main\java\botondepanico\controller\HomeController.java. Using fallback presentation compiler.
2026.05.12 03:51:42 INFO  no build target found for C:\botondepanico\src\main\java\botondepanico\controller\HomeController.java. Using fallback presentation compiler.
2026.05.12 03:51:53 INFO  no build target found for C:\botondepanico\src\main\java\botondepanico\controller\HomeController.java. Using fallback presentation compiler.
2026.05.12 03:51:53 INFO  no build target found for C:\botondepanico\src\main\java\botondepanico\controller\HomeController.java. Using fallback presentation compiler.
2026.05.12 03:51:53 INFO  no build target found for C:\botondepanico\src\main\java\botondepanico\controller\HomeController.java. Using fallback presentation compiler.
2026.05.12 03:51:54 INFO  no build target found for C:\botondepanico\src\main\java\botondepanico\controller\HomeController.java. Using fallback presentation compiler.
may. 12, 2026 3:51:55 A. M. org.eclipse.lsp4j.jsonrpc.RemoteEndpoint handleCancellation
WARNING: Unmatched cancel notification for request id 58
2026.05.12 03:51:55 INFO  no build target found for C:\botondepanico\src\main\java\botondepanico\controller\HomeController.java. Using fallback presentation compiler.
2026.05.12 03:51:55 INFO  no build target found for C:\botondepanico\src\main\java\botondepanico\controller\HomeController.java. Using fallback presentation compiler.
2026.05.12 03:51:55 INFO  no build target found for C:\botondepanico\src\main\java\botondepanico\controller\HomeController.java. Using fallback presentation compiler.
2026.05.12 03:51:56 INFO  no build target found for C:\botondepanico\src\main\java\botondepanico\controller\HomeController.java. Using fallback presentation compiler.
2026.05.12 03:51:57 WARN  no build target for: C:\botondepanico\src\main\java\botondepanico\controller\HomeController.java
2026.05.12 03:51:57 INFO  no build target found for C:\botondepanico\src\main\java\botondepanico\controller\HomeController.java. Using fallback presentation compiler.
2026.05.12 03:51:58 INFO  no build target found for C:\botondepanico\src\main\java\botondepanico\controller\HomeController.java. Using fallback presentation compiler.
2026.05.12 03:53:21 INFO  no build target found for C:\botondepanico\src\main\java\botondepanico\config\SecurityConfig.java. Using fallback presentation compiler.
2026.05.12 03:53:21 INFO  no build target found for C:\botondepanico\src\main\java\botondepanico\config\SecurityConfig.java. Using fallback presentation compiler.
2026.05.12 03:53:21 INFO  no build target found for C:\botondepanico\src\main\java\botondepanico\config\SecurityConfig.java. Using fallback presentation compiler.
2026.05.12 03:53:21 INFO  no build target found for C:\botondepanico\src\main\java\botondepanico\config\SecurityConfig.java. Using fallback presentation compiler.
2026.05.12 03:53:21 INFO  no build target found for C:\botondepanico\src\main\java\botondepanico\config\SecurityConfig.java. Using fallback presentation compiler.
2026.05.12 03:53:25 INFO  no build target found for C:\botondepanico\src\main\java\botondepanico\config\SecurityConfig.java. Using fallback presentation compiler.
2026.05.12 03:53:25 INFO  no build target found for C:\botondepanico\src\main\java\botondepanico\config\SecurityConfig.java. Using fallback presentation compiler.
2026.05.12 03:53:26 INFO  no build target found for C:\botondepanico\src\main\java\botondepanico\config\SecurityConfig.java. Using fallback presentation compiler.
2026.05.12 03:53:26 INFO  no build target found for C:\botondepanico\src\main\java\botondepanico\config\SecurityConfig.java. Using fallback presentation compiler.
2026.05.12 03:53:26 INFO  no build target found for C:\botondepanico\src\main\java\botondepanico\config\SecurityConfig.java. Using fallback presentation compiler.
2026.05.12 03:53:27 INFO  no build target found for C:\botondepanico\src\main\java\botondepanico\config\SecurityConfig.java. Using fallback presentation compiler.
2026.05.12 03:53:29 INFO  no build target found for C:\botondepanico\src\main\java\botondepanico\config\SecurityConfig.java. Using fallback presentation compiler.
2026.05.12 03:53:29 WARN  no build target for: C:\botondepanico\src\main\java\botondepanico\config\SecurityConfig.java
2026.05.12 03:53:29 INFO  no build target found for C:\botondepanico\src\main\java\botondepanico\config\SecurityConfig.java. Using fallback presentation compiler.
2026.05.12 03:53:29 INFO  no build target found for C:\botondepanico\src\main\java\botondepanico\config\SecurityConfig.java. Using fallback presentation compiler.
C:\botondepanico\src\main\java\botondepanico\config\SecurityConfig.java:37: error: unmappable character (0x8F) for encoding windows-1252
        <a href="/home">ðŸ?  Inicio</a>
                          ^
C:\botondepanico\src\main\java\botondepanico\config\SecurityConfig.java:71: error: unmappable character (0x8F) for encoding windows-1252
                    ðŸ?›ï¸? ComisarÃ­a<br><small>ComisarÃ­a de tu distrito</small>
                      ^
C:\botondepanico\src\main\java\botondepanico\config\SecurityConfig.java:71: error: unmappable character (0x8F) for encoding windows-1252
                    ðŸ?›ï¸? ComisarÃ­a<br><small>ComisarÃ­a de tu distrito</small>
                          ^
2026.05.12 03:53:30 WARN  Running javac-semanticdb failed for file:///C:/botondepanico/src/main/java/botondepanico/config/SecurityConfig.java. Output:

2026.05.12 03:53:30 INFO  no build target found for C:\botondepanico\src\main\java\botondepanico\config\SecurityConfig.java. Using fallback presentation compiler.
2026.05.12 03:53:31 INFO  Created report: Optional[file:///C:/botondepanico/src/main/java/botondepanico/config/SecurityConfig.java]
2026.05.12 03:53:31 INFO  QDox parse error in file:///C:/botondepanico/src/main/java/botondepanico/config/SecurityConfig.java (full report at: "C:\botondepanico\.metals\.reports\metals-full\2026-05-12\r_qdox-error_03-53-31-348.md")
2026.05.12 03:53:36 INFO  no build target found for C:\botondepanico\src\main\java\botondepanico\config\SecurityConfig.java. Using fallback presentation compiler.
2026.05.12 03:53:36 INFO  no build target found for C:\botondepanico\src\main\java\botondepanico\config\SecurityConfig.java. Using fallback presentation compiler.
2026.05.12 03:53:38 INFO  no build target found for C:\botondepanico\src\main\java\botondepanico\config\SecurityConfig.java. Using fallback presentation compiler.
2026.05.12 03:53:38 INFO  no build target found for C:\botondepanico\src\main\java\botondepanico\config\SecurityConfig.java. Using fallback presentation compiler.
2026.05.12 03:53:39 INFO  no build target found for C:\botondepanico\src\main\java\botondepanico\config\SecurityConfig.java. Using fallback presentation compiler.
2026.05.12 03:53:39 INFO  no build target found for C:\botondepanico\src\main\java\botondepanico\config\SecurityConfig.java. Using fallback presentation compiler.
2026.05.12 03:53:40 INFO  no build target found for C:\botondepanico\src\main\java\botondepanico\config\SecurityConfig.java. Using fallback presentation compiler.
2026.05.12 03:53:39 INFO  no build target found for C:\botondepanico\src\main\java\botondepanico\config\SecurityConfig.java. Using fallback presentation compiler.
2026.05.12 03:53:41 WARN  no build target for: C:\botondepanico\src\main\java\botondepanico\config\SecurityConfig.java
2026.05.12 03:53:41 INFO  no build target found for C:\botondepanico\src\main\java\botondepanico\config\SecurityConfig.java. Using fallback presentation compiler.
2026.05.12 03:53:42 INFO  no build target found for C:\botondepanico\src\main\java\botondepanico\config\SecurityConfig.java. Using fallback presentation compiler.
2026.05.12 04:06:32 INFO  no build target found for C:\botondepanico\src\main\java\botondepanico\config\SecurityConfig.java. Using fallback presentation compiler.
2026.05.12 05:16:00 INFO  Shutting down server
2026.05.12 05:16:00 INFO  Memory monitor stopped
2026.05.12 05:16:00 INFO  shutting down Metals
2026.05.12 05:16:00 INFO  Exiting server
2026.05.14 10:32:34 INFO  Started: Metals version 1.6.7 in folders 'C:\botondepanico' for client Visual Studio Code 1.119.0.
2026.05.14 10:32:34 INFO  Memory monitor started
2026.05.14 10:32:35 WARN  Using H2 2.4.240 which is newer than the version Flyway has been verified with. The latest verified version of H2 is 2.3.232.
2026.05.14 10:32:35 INFO  no build target found for C:\botondepanico\src\main\java\botondepanico\model\Usuario.java. Using fallback presentation compiler.
2026.05.14 10:32:36 INFO  no build target found for C:\botondepanico\src\main\java\botondepanico\model\Usuario.java. Using fallback presentation compiler.
2026.05.14 10:33:43 INFO  no build target found for C:\botondepanico\src\main\java\botondepanico\model\Usuario.java. Using fallback presentation compiler.
2026.05.14 10:33:43 INFO  no build target found for C:\botondepanico\src\main\java\botondepanico\model\Usuario.java. Using fallback presentation compiler.
2026.05.14 10:33:45 INFO  no build target found for C:\botondepanico\src\main\java\botondepanico\model\Usuario.java. Using fallback presentation compiler.
2026.05.14 10:33:46 INFO  no build target found for C:\botondepanico\src\main\java\botondepanico\repository\UsuarioRepository.java. Using fallback presentation compiler.
2026.05.14 10:33:46 INFO  no build target found for C:\botondepanico\src\main\java\botondepanico\repository\UsuarioRepository.java. Using fallback presentation compiler.
2026.05.14 10:33:46 INFO  no build target found for C:\botondepanico\src\main\java\botondepanico\repository\UsuarioRepository.java. Using fallback presentation compiler.
2026.05.14 10:33:46 INFO  no build target found for C:\botondepanico\src\main\java\botondepanico\repository\UsuarioRepository.java. Using fallback presentation compiler.
2026.05.14 10:33:50 INFO  no build target found for C:\botondepanico\src\main\java\botondepanico\config\SecurityConfig.java. Using fallback presentation compiler.
2026.05.14 10:33:51 INFO  no build target found for C:\botondepanico\src\main\java\botondepanico\config\SecurityConfig.java. Using fallback presentation compiler.
2026.05.14 10:33:50 INFO  no build target found for C:\botondepanico\src\main\java\botondepanico\config\SecurityConfig.java. Using fallback presentation compiler.
2026.05.14 10:33:50 INFO  no build target found for C:\botondepanico\src\main\java\botondepanico\config\SecurityConfig.java. Using fallback presentation compiler.
2026.05.14 10:33:52 INFO  no build target found for C:\botondepanico\src\main\java\botondepanico\config\SecurityConfig.java. Using fallback presentation compiler.
2026.05.14 10:33:54 INFO  no build target found for C:\botondepanico\src\main\java\botondepanico\config\SecurityConfig.java. Using fallback presentation compiler.
2026.05.14 10:34:51 INFO  no build target found for C:\botondepanico\src\main\java\botondepanico\controller\AuthController.java. Using fallback presentation compiler.
2026.05.14 10:34:51 INFO  no build target found for C:\botondepanico\src\main\java\botondepanico\controller\AuthController.java. Using fallback presentation compiler.
2026.05.14 10:34:51 INFO  no build target found for C:\botondepanico\src\main\java\botondepanico\controller\AuthController.java. Using fallback presentation compiler.
2026.05.14 10:34:51 INFO  no build target found for C:\botondepanico\src\main\java\botondepanico\controller\AuthController.java. Using fallback presentation compiler.
may. 14, 2026 10:34:52 A. M. org.eclipse.lsp4j.jsonrpc.RemoteEndpoint handleCancellation
WARNING: Unmatched cancel notification for request id 36
2026.05.14 10:34:58 INFO  no build target found for C:\botondepanico\src\main\java\botondepanico\model\Usuario.java. Using fallback presentation compiler.
2026.05.14 10:34:58 WARN  no build target for: C:\botondepanico\src\main\java\botondepanico\model\Usuario.java
2026.05.14 10:34:58 INFO  no build target found for C:\botondepanico\src\main\java\botondepanico\model\Usuario.java. Using fallback presentation compiler.
2026.05.14 10:34:58 INFO  no build target found for C:\botondepanico\src\main\java\botondepanico\model\Usuario.java. Using fallback presentation compiler.
2026.05.14 10:34:58 INFO  no build target found for C:\botondepanico\src\main\java\botondepanico\model\Usuario.java. Using fallback presentation compiler.
2026.05.14 10:34:59 INFO  no build target found for C:\botondepanico\src\main\java\botondepanico\model\Usuario.java. Using fallback presentation compiler.
2026.05.14 10:35:04 INFO  no build target found for C:\botondepanico\src\main\java\botondepanico\model\Usuario.java. Using fallback presentation compiler.
2026.05.14 10:35:04 INFO  no build target found for C:\botondepanico\src\main\java\botondepanico\model\Usuario.java. Using fallback presentation compiler.
2026.05.14 10:35:06 INFO  no build target found for C:\botondepanico\src\main\java\botondepanico\model\Usuario.java. Using fallback presentation compiler.
2026.05.14 10:35:07 INFO  no build target found for C:\botondepanico\src\main\java\botondepanico\model\Usuario.java. Using fallback presentation compiler.
2026.05.14 10:35:12 INFO  no build target found for C:\botondepanico\src\main\java\botondepanico\repository\UsuarioRepository.java. Using fallback presentation compiler.
2026.05.14 10:35:12 WARN  no build target for: C:\botondepanico\src\main\java\botondepanico\repository\UsuarioRepository.java
2026.05.14 10:35:12 INFO  no build target found for C:\botondepanico\src\main\java\botondepanico\repository\UsuarioRepository.java. Using fallback presentation compiler.
2026.05.14 10:35:12 INFO  no build target found for C:\botondepanico\src\main\java\botondepanico\repository\UsuarioRepository.java. Using fallback presentation compiler.
2026.05.14 10:35:12 INFO  no build target found for C:\botondepanico\src\main\java\botondepanico\repository\UsuarioRepository.java. Using fallback presentation compiler.
2026.05.14 10:35:13 INFO  no build target found for C:\botondepanico\src\main\java\botondepanico\service\UsuarioService.java. Using fallback presentation compiler.
2026.05.14 10:35:13 INFO  no build target found for C:\botondepanico\src\main\java\botondepanico\service\UsuarioService.java. Using fallback presentation compiler.
2026.05.14 10:35:13 INFO  no build target found for C:\botondepanico\src\main\java\botondepanico\service\UsuarioService.java. Using fallback presentation compiler.
may. 14, 2026 10:35:14 A. M. org.eclipse.lsp4j.jsonrpc.RemoteEndpoint handleCancellation
WARNING: Unmatched cancel notification for request id 67
2026.05.14 10:35:13 INFO  no build target found for C:\botondepanico\src\main\java\botondepanico\service\UsuarioService.java. Using fallback presentation compiler.
2026.05.14 10:38:25 INFO  no build target found for C:\botondepanico\src\main\java\botondepanico\service\UsuarioService.java. Using fallback presentation compiler.
2026.05.14 11:34:24 INFO  Shutting down server
2026.05.14 11:34:24 INFO  Memory monitor stopped
2026.05.14 11:34:24 INFO  shutting down Metals
2026.05.14 11:34:24 INFO  Exiting server
2026.05.14 20:13:30 INFO  Started: Metals version 1.6.7 in folders 'C:\botondepanico' for client Visual Studio Code 1.119.0.
2026.05.14 20:13:30 INFO  Memory monitor started
2026.05.14 20:13:33 WARN  Using H2 2.4.240 which is newer than the version Flyway has been verified with. The latest verified version of H2 is 2.3.232.
2026.05.14 20:13:33 INFO  no build target found for C:\botondepanico\src\main\java\botondepanico\service\UsuarioService.java. Using fallback presentation compiler.
2026.05.14 20:13:48 INFO  no build target found for C:\botondepanico\src\main\java\botondepanico\service\UsuarioService.java. Using fallback presentation compiler.
2026.05.14 20:13:53 INFO  no build target found for C:\botondepanico\src\main\java\botondepanico\service\UsuarioService.java. Using fallback presentation compiler.
2026.05.14 20:13:53 INFO  no build target found for C:\botondepanico\src\main\java\botondepanico\service\UsuarioService.java. Using fallback presentation compiler.
2026.05.14 20:13:53 INFO  no build target found for C:\botondepanico\src\main\java\botondepanico\service\UsuarioService.java. Using fallback presentation compiler.
2026.05.14 20:13:53 INFO  no build target found for C:\botondepanico\src\main\java\botondepanico\service\UsuarioService.java. Using fallback presentation compiler.
may. 14, 2026 8:13:54 P. M. org.eclipse.lsp4j.jsonrpc.RemoteEndpoint handleCancellation
WARNING: Unmatched cancel notification for request id 10
may. 14, 2026 8:13:54 P. M. org.eclipse.lsp4j.jsonrpc.RemoteEndpoint handleCancellation
WARNING: Unmatched cancel notification for request id 11
may. 14, 2026 8:13:54 P. M. org.eclipse.lsp4j.jsonrpc.RemoteEndpoint handleCancellation
WARNING: Unmatched cancel notification for request id 12
2026.05.14 20:13:54 INFO  no build target found for C:\botondepanico\src\main\java\botondepanico\service\UsuarioService.java. Using fallback presentation compiler.
2026.05.14 20:14:11 INFO  no build target found for C:\botondepanico\src\main\java\botondepanico\service\UsuarioService.java. Using fallback presentation compiler.
2026.05.14 20:14:28 INFO  no build target found for C:\botondepanico\src\main\java\botondepanico\service\UsuarioService.java. Using fallback presentation compiler.
2026.05.14 20:14:29 INFO  no build target found for C:\botondepanico\src\main\java\botondepanico\service\UsuarioService.java. Using fallback presentation compiler.
2026.05.14 20:14:50 INFO  no build target found for C:\botondepanico\src\main\java\botondepanico\service\UsuarioService.java. Using fallback presentation compiler.
may. 14, 2026 8:14:52 P. M. org.eclipse.lsp4j.jsonrpc.services.GenericEndpoint notify
INFO: Unsupported notification method: $/setTrace
may. 14, 2026 8:14:52 P. M. org.eclipse.lsp4j.jsonrpc.services.GenericEndpoint notify
INFO: Unsupported notification method: $/setTrace
2026.05.14 20:14:52 INFO  no build target found for C:\botondepanico\src\main\java\botondepanico\service\UsuarioService.java. Using fallback presentation compiler.
may. 14, 2026 8:14:52 P. M. org.eclipse.lsp4j.jsonrpc.RemoteEndpoint handleCancellation
WARNING: Unmatched cancel notification for request id 25
2026.05.14 20:14:52 INFO  no build target found for C:\botondepanico\src\main\java\botondepanico\service\UsuarioService.java. Using fallback presentation compiler.
2026.05.14 20:14:52 INFO  no build target found for C:\botondepanico\src\main\java\botondepanico\service\UsuarioService.java. Using fallback presentation compiler.
may. 14, 2026 8:15:01 P. M. org.eclipse.lsp4j.jsonrpc.RemoteEndpoint handleCancellation
WARNING: Unmatched cancel notification for request id 30
2026.05.14 20:15:02 INFO  no build target found for C:\botondepanico\src\main\java\botondepanico\service\UsuarioService.java. Using fallback presentation compiler.
2026.05.14 20:15:02 INFO  no build target found for C:\botondepanico\src\main\java\botondepanico\service\UsuarioService.java. Using fallback presentation compiler.
2026.05.14 20:15:02 INFO  no build target found for C:\botondepanico\src\main\java\botondepanico\service\UsuarioService.java. Using fallback presentation compiler.
2026.05.14 20:15:02 INFO  no build target found for C:\botondepanico\src\main\java\botondepanico\service\UsuarioService.java. Using fallback presentation compiler.
may. 14, 2026 8:15:02 P. M. org.eclipse.lsp4j.jsonrpc.RemoteEndpoint handleCancellation
WARNING: Unmatched cancel notification for request id 32
may. 14, 2026 8:15:02 P. M. org.eclipse.lsp4j.jsonrpc.RemoteEndpoint handleCancellation
WARNING: Unmatched cancel notification for request id 33
may. 14, 2026 8:15:02 P. M. org.eclipse.lsp4j.jsonrpc.RemoteEndpoint handleCancellation
WARNING: Unmatched cancel notification for request id 34
may. 14, 2026 8:15:02 P. M. org.eclipse.lsp4j.jsonrpc.RemoteEndpoint handleCancellation
WARNING: Unmatched cancel notification for request id 35
may. 14, 2026 8:15:02 P. M. org.eclipse.lsp4j.jsonrpc.services.GenericEndpoint notify
INFO: Unsupported notification method: $/setTrace
may. 14, 2026 8:15:02 P. M. org.eclipse.lsp4j.jsonrpc.services.GenericEndpoint notify
INFO: Unsupported notification method: $/setTrace
may. 14, 2026 8:15:02 P. M. org.eclipse.lsp4j.jsonrpc.services.GenericEndpoint notify
INFO: Unsupported notification method: $/setTrace
may. 14, 2026 8:15:02 P. M. org.eclipse.lsp4j.jsonrpc.services.GenericEndpoint notify
INFO: Unsupported notification method: $/setTrace
may. 14, 2026 8:15:02 P. M. org.eclipse.lsp4j.jsonrpc.RemoteEndpoint handleCancellation
WARNING: Unmatched cancel notification for request id 31
2026.05.14 20:15:02 INFO  no build target found for C:\botondepanico\src\main\java\botondepanico\service\UsuarioService.java. Using fallback presentation compiler.
2026.05.14 20:15:02 INFO  no build target found for C:\botondepanico\src\main\java\botondepanico\service\UsuarioService.java. Using fallback presentation compiler.
2026.05.14 20:15:03 INFO  no build target found for C:\botondepanico\src\main\java\botondepanico\service\UsuarioService.java. Using fallback presentation compiler.
2026.05.14 20:15:03 INFO  no build target found for C:\botondepanico\src\main\java\botondepanico\service\UsuarioService.java. Using fallback presentation compiler.
2026.05.14 20:15:03 INFO  no build target found for C:\botondepanico\src\main\java\botondepanico\service\UsuarioService.java. Using fallback presentation compiler.
2026.05.14 20:15:03 INFO  no build target found for C:\botondepanico\src\main\java\botondepanico\service\UsuarioService.java. Using fallback presentation compiler.
2026.05.14 20:15:03 INFO  no build target found for C:\botondepanico\src\main\java\botondepanico\service\UsuarioService.java. Using fallback presentation compiler.
may. 14, 2026 8:15:03 P. M. org.eclipse.lsp4j.jsonrpc.RemoteEndpoint handleCancellation
WARNING: Unmatched cancel notification for request id 36
may. 14, 2026 8:15:03 P. M. org.eclipse.lsp4j.jsonrpc.RemoteEndpoint handleCancellation
WARNING: Unmatched cancel notification for request id 37
may. 14, 2026 8:15:03 P. M. org.eclipse.lsp4j.jsonrpc.RemoteEndpoint handleCancellation
WARNING: Unmatched cancel notification for request id 39
may. 14, 2026 8:15:03 P. M. org.eclipse.lsp4j.jsonrpc.RemoteEndpoint handleCancellation
WARNING: Unmatched cancel notification for request id 42
may. 14, 2026 8:15:03 P. M. org.eclipse.lsp4j.jsonrpc.RemoteEndpoint handleCancellation
WARNING: Unmatched cancel notification for request id 44
may. 14, 2026 8:15:03 P. M. org.eclipse.lsp4j.jsonrpc.RemoteEndpoint handleCancellation
WARNING: Unmatched cancel notification for request id 45
may. 14, 2026 8:15:03 P. M. org.eclipse.lsp4j.jsonrpc.RemoteEndpoint handleCancellation
WARNING: Unmatched cancel notification for request id 46
may. 14, 2026 8:17:48 P. M. org.eclipse.lsp4j.jsonrpc.services.GenericEndpoint notify
INFO: Unsupported notification method: $/setTrace
may. 14, 2026 8:17:49 P. M. org.eclipse.lsp4j.jsonrpc.services.GenericEndpoint notify
INFO: Unsupported notification method: $/setTrace
2026.05.14 20:43:37 INFO  Shutting down server
2026.05.14 20:43:37 INFO  Memory monitor stopped
2026.05.14 20:43:37 INFO  shutting down Metals
2026.05.14 20:43:37 INFO  Exiting server
2026.05.15 22:40:46 INFO  Started: Metals version 1.6.7 in folders 'C:\Users\Emi\Pictures\Documents\botondepanico' for client Visual Studio Code 1.120.0.
2026.05.15 22:40:46 INFO  Memory monitor started
2026.05.15 22:40:49 WARN  Using H2 2.4.240 which is newer than the version Flyway has been verified with. The latest verified version of H2 is 2.3.232.
2026.05.15 22:40:50 INFO  no build target found for C:\Users\Emi\Pictures\Documents\botondepanico\src\main\java\botondepanico\controller\HomeController.java. Using fallback presentation compiler.
2026.05.15 22:41:57 INFO  no build target found for C:\Users\Emi\Pictures\Documents\botondepanico\src\main\java\botondepanico\controller\HomeController.java. Using fallback presentation compiler.
2026.05.15 22:41:57 INFO  no build target found for C:\Users\Emi\Pictures\Documents\botondepanico\src\main\java\botondepanico\controller\HomeController.java. Using fallback presentation compiler.
2026.05.15 22:41:58 INFO  no build target found for C:\Users\Emi\Pictures\Documents\botondepanico\src\main\java\botondepanico\controller\HomeController.java. Using fallback presentation compiler.
2026.05.15 22:41:58 INFO  no build target found for C:\Users\Emi\Pictures\Documents\botondepanico\src\main\java\botondepanico\controller\HomeController.java. Using fallback presentation compiler.
2026.05.15 22:41:58 INFO  no build target found for C:\Users\Emi\Pictures\Documents\botondepanico\src\main\java\botondepanico\controller\HomeController.java. Using fallback presentation compiler.
2026.05.15 22:41:59 INFO  no build target found for C:\Users\Emi\Pictures\Documents\botondepanico\src\main\java\botondepanico\controller\HomeController.java. Using fallback presentation compiler.
2026.05.15 22:41:59 INFO  no build target found for C:\Users\Emi\Pictures\Documents\botondepanico\src\main\java\botondepanico\controller\HomeController.java. Using fallback presentation compiler.
2026.05.15 22:42:00 WARN  no build target for: C:\Users\Emi\Pictures\Documents\botondepanico\src\main\java\botondepanico\controller\HomeController.java
2026.05.15 22:42:00 INFO  no build target found for C:\Users\Emi\Pictures\Documents\botondepanico\src\main\java\botondepanico\controller\HomeController.java. Using fallback presentation compiler.
2026.05.15 22:42:06 INFO  no build target found for C:\Users\Emi\Pictures\Documents\botondepanico\src\main\java\botondepanico\controller\HomeController.java. Using fallback presentation compiler.
2026.05.15 22:43:27 INFO  no build target found for C:\Users\Emi\Pictures\Documents\botondepanico\src\main\java\botondepanico\controller\AuthController.java. Using fallback presentation compiler.
2026.05.15 22:43:38 INFO  no build target found for C:\Users\Emi\Pictures\Documents\botondepanico\src\main\java\botondepanico\controller\HomeController.java. Using fallback presentation compiler.
2026.05.15 22:43:39 WARN  no build target for: C:\Users\Emi\Pictures\Documents\botondepanico\src\main\java\botondepanico\controller\HomeController.java
may. 15, 2026 10:43:39 P. M. org.eclipse.lsp4j.jsonrpc.RemoteEndpoint handleCancellation
WARNING: Unmatched cancel notification for request id 29
2026.05.15 22:43:39 INFO  no build target found for C:\Users\Emi\Pictures\Documents\botondepanico\src\main\java\botondepanico\controller\HomeController.java. Using fallback presentation compiler.
2026.05.15 22:43:41 INFO  no build target found for C:\Users\Emi\Pictures\Documents\botondepanico\src\main\java\botondepanico\controller\HomeController.java. Using fallback presentation compiler.
2026.05.15 22:43:41 INFO  no build target found for C:\Users\Emi\Pictures\Documents\botondepanico\src\main\java\botondepanico\controller\HomeController.java. Using fallback presentation compiler.
2026.05.15 22:43:43 INFO  no build target found for C:\Users\Emi\Pictures\Documents\botondepanico\src\main\java\botondepanico\controller\HomeController.java. Using fallback presentation compiler.
2026.05.15 22:43:43 INFO  no build target found for C:\Users\Emi\Pictures\Documents\botondepanico\src\main\java\botondepanico\controller\HomeController.java. Using fallback presentation compiler.
2026.05.15 22:43:43 INFO  no build target found for C:\Users\Emi\Pictures\Documents\botondepanico\src\main\java\botondepanico\controller\HomeController.java. Using fallback presentation compiler.
2026.05.15 22:43:43 INFO  no build target found for C:\Users\Emi\Pictures\Documents\botondepanico\src\main\java\botondepanico\controller\HomeController.java. Using fallback presentation compiler.
2026.05.15 22:43:44 INFO  no build target found for C:\Users\Emi\Pictures\Documents\botondepanico\src\main\java\botondepanico\controller\HomeController.java. Using fallback presentation compiler.
2026.05.15 22:43:44 INFO  no build target found for C:\Users\Emi\Pictures\Documents\botondepanico\src\main\java\botondepanico\controller\HomeController.java. Using fallback presentation compiler.
2026.05.15 22:43:46 INFO  no build target found for C:\Users\Emi\Pictures\Documents\botondepanico\src\main\java\botondepanico\controller\HomeController.java. Using fallback presentation compiler.
2026.05.15 22:43:48 INFO  no build target found for C:\Users\Emi\Pictures\Documents\botondepanico\src\main\java\botondepanico\controller\HomeController.java. Using fallback presentation compiler.
2026.05.15 22:43:48 INFO  no build target found for C:\Users\Emi\Pictures\Documents\botondepanico\src\main\java\botondepanico\controller\HomeController.java. Using fallback presentation compiler.
2026.05.15 22:43:48 INFO  no build target found for C:\Users\Emi\Pictures\Documents\botondepanico\src\main\java\botondepanico\controller\HomeController.java. Using fallback presentation compiler.
2026.05.15 22:43:48 INFO  no build target found for C:\Users\Emi\Pictures\Documents\botondepanico\src\main\java\botondepanico\controller\HomeController.java. Using fallback presentation compiler.
2026.05.15 22:50:27 INFO  no build target found for C:\Users\Emi\Pictures\Documents\botondepanico\src\main\java\botondepanico\config\SecurityConfig.java. Using fallback presentation compiler.
2026.05.15 22:50:28 INFO  no build target found for C:\Users\Emi\Pictures\Documents\botondepanico\src\main\java\botondepanico\config\SecurityConfig.java. Using fallback presentation compiler.
2026.05.15 22:50:27 INFO  no build target found for C:\Users\Emi\Pictures\Documents\botondepanico\src\main\java\botondepanico\config\SecurityConfig.java. Using fallback presentation compiler.
may. 15, 2026 10:50:28 P. M. org.eclipse.lsp4j.jsonrpc.RemoteEndpoint handleCancellation
WARNING: Unmatched cancel notification for request id 50
may. 15, 2026 10:50:28 P. M. org.eclipse.lsp4j.jsonrpc.RemoteEndpoint handleCancellation
WARNING: Unmatched cancel notification for request id 54
2026.05.15 22:50:27 INFO  no build target found for C:\Users\Emi\Pictures\Documents\botondepanico\src\main\java\botondepanico\config\SecurityConfig.java. Using fallback presentation compiler.
2026.05.15 22:50:33 INFO  no build target found for C:\Users\Emi\Pictures\Documents\botondepanico\src\main\java\botondepanico\config\SecurityConfig.java. Using fallback presentation compiler.
2026.05.15 22:50:36 INFO  no build target found for C:\Users\Emi\Pictures\Documents\botondepanico\src\main\java\botondepanico\config\SecurityConfig.java. Using fallback presentation compiler.
2026.05.15 22:50:37 INFO  no build target found for C:\Users\Emi\Pictures\Documents\botondepanico\src\main\java\botondepanico\config\SecurityConfig.java. Using fallback presentation compiler.
2026.05.15 22:50:38 INFO  no build target found for C:\Users\Emi\Pictures\Documents\botondepanico\src\main\java\botondepanico\config\SecurityConfig.java. Using fallback presentation compiler.
2026.05.15 22:50:38 INFO  no build target found for C:\Users\Emi\Pictures\Documents\botondepanico\src\main\java\botondepanico\config\SecurityConfig.java. Using fallback presentation compiler.
2026.05.15 22:50:38 INFO  no build target found for C:\Users\Emi\Pictures\Documents\botondepanico\src\main\java\botondepanico\config\SecurityConfig.java. Using fallback presentation compiler.
2026.05.15 22:50:38 INFO  no build target found for C:\Users\Emi\Pictures\Documents\botondepanico\src\main\java\botondepanico\config\SecurityConfig.java. Using fallback presentation compiler.
may. 15, 2026 10:50:38 P. M. org.eclipse.lsp4j.jsonrpc.RemoteEndpoint handleCancellation
WARNING: Unmatched cancel notification for request id 74
2026.05.15 22:50:39 INFO  no build target found for C:\Users\Emi\Pictures\Documents\botondepanico\src\main\java\botondepanico\config\SecurityConfig.java. Using fallback presentation compiler.
2026.05.15 22:50:39 INFO  no build target found for C:\Users\Emi\Pictures\Documents\botondepanico\src\main\java\botondepanico\config\SecurityConfig.java. Using fallback presentation compiler.
2026.05.15 22:50:41 INFO  no build target found for C:\Users\Emi\Pictures\Documents\botondepanico\src\main\java\botondepanico\config\SecurityConfig.java. Using fallback presentation compiler.
2026.05.15 22:50:41 INFO  no build target found for C:\Users\Emi\Pictures\Documents\botondepanico\src\main\java\botondepanico\config\SecurityConfig.java. Using fallback presentation compiler.
2026.05.15 22:50:41 INFO  no build target found for C:\Users\Emi\Pictures\Documents\botondepanico\src\main\java\botondepanico\config\SecurityConfig.java. Using fallback presentation compiler.
2026.05.15 22:50:43 INFO  no build target found for C:\Users\Emi\Pictures\Documents\botondepanico\src\main\java\botondepanico\config\SecurityConfig.java. Using fallback presentation compiler.
2026.05.15 22:50:43 INFO  no build target found for C:\Users\Emi\Pictures\Documents\botondepanico\src\main\java\botondepanico\config\SecurityConfig.java. Using fallback presentation compiler.
2026.05.15 22:50:44 INFO  no build target found for C:\Users\Emi\Pictures\Documents\botondepanico\src\main\java\botondepanico\config\SecurityConfig.java. Using fallback presentation compiler.
2026.05.15 22:50:45 INFO  no build target found for C:\Users\Emi\Pictures\Documents\botondepanico\src\main\java\botondepanico\config\SecurityConfig.java. Using fallback presentation compiler.
2026.05.15 22:50:45 INFO  no build target found for C:\Users\Emi\Pictures\Documents\botondepanico\src\main\java\botondepanico\config\SecurityConfig.java. Using fallback presentation compiler.
2026.05.15 22:50:45 INFO  no build target found for C:\Users\Emi\Pictures\Documents\botondepanico\src\main\java\botondepanico\config\SecurityConfig.java. Using fallback presentation compiler.
2026.05.15 22:50:45 INFO  no build target found for C:\Users\Emi\Pictures\Documents\botondepanico\src\main\java\botondepanico\config\SecurityConfig.java. Using fallback presentation compiler.
2026.05.15 22:50:45 INFO  no build target found for C:\Users\Emi\Pictures\Documents\botondepanico\src\main\java\botondepanico\config\SecurityConfig.java. Using fallback presentation compiler.
2026.05.15 22:50:46 INFO  no build target found for C:\Users\Emi\Pictures\Documents\botondepanico\src\main\java\botondepanico\config\SecurityConfig.java. Using fallback presentation compiler.
2026.05.15 22:50:46 INFO  no build target found for C:\Users\Emi\Pictures\Documents\botondepanico\src\main\java\botondepanico\config\SecurityConfig.java. Using fallback presentation compiler.
2026.05.15 22:50:47 INFO  no build target found for C:\Users\Emi\Pictures\Documents\botondepanico\src\main\java\botondepanico\config\SecurityConfig.java. Using fallback presentation compiler.
2026.05.15 22:50:46 INFO  no build target found for C:\Users\Emi\Pictures\Documents\botondepanico\src\main\java\botondepanico\config\SecurityConfig.java. Using fallback presentation compiler.
2026.05.15 22:50:47 WARN  no build target for: C:\Users\Emi\Pictures\Documents\botondepanico\src\main\java\botondepanico\config\SecurityConfig.java
2026.05.15 22:50:47 INFO  no build target found for C:\Users\Emi\Pictures\Documents\botondepanico\src\main\java\botondepanico\config\SecurityConfig.java. Using fallback presentation compiler.
2026.05.15 22:50:48 INFO  no build target found for C:\Users\Emi\Pictures\Documents\botondepanico\src\main\java\botondepanico\config\SecurityConfig.java. Using fallback presentation compiler.
2026.05.15 22:51:04 INFO  no build target found for C:\Users\Emi\Pictures\Documents\botondepanico\src\main\java\botondepanico\config\SecurityConfig.java. Using fallback presentation compiler.
2026.05.15 22:51:06 INFO  no build target found for C:\Users\Emi\Pictures\Documents\botondepanico\src\main\java\botondepanico\config\SecurityConfig.java. Using fallback presentation compiler.
2026.05.15 22:51:06 INFO  no build target found for C:\Users\Emi\Pictures\Documents\botondepanico\src\main\java\botondepanico\config\SecurityConfig.java. Using fallback presentation compiler.
2026.05.15 22:51:08 INFO  no build target found for C:\Users\Emi\Pictures\Documents\botondepanico\src\main\java\botondepanico\config\SecurityConfig.java. Using fallback presentation compiler.
may. 15, 2026 10:51:09 P. M. org.eclipse.lsp4j.jsonrpc.RemoteEndpoint handleCancellation
WARNING: Unmatched cancel notification for request id 116
2026.05.15 22:51:08 INFO  no build target found for C:\Users\Emi\Pictures\Documents\botondepanico\src\main\java\botondepanico\config\SecurityConfig.java. Using fallback presentation compiler.
2026.05.15 22:51:08 INFO  no build target found for C:\Users\Emi\Pictures\Documents\botondepanico\src\main\java\botondepanico\config\SecurityConfig.java. Using fallback presentation compiler.
2026.05.15 22:51:08 INFO  no build target found for C:\Users\Emi\Pictures\Documents\botondepanico\src\main\java\botondepanico\config\SecurityConfig.java. Using fallback presentation compiler.
may. 15, 2026 10:51:09 P. M. org.eclipse.lsp4j.jsonrpc.RemoteEndpoint handleCancellation
WARNING: Unmatched cancel notification for request id 118
2026.05.15 22:54:28 INFO  no build target found for C:\Users\Emi\Pictures\Documents\botondepanico\src\main\java\botondepanico\config\SecurityConfig.java. Using fallback presentation compiler.
2026.05.15 22:54:28 INFO  no build target found for C:\Users\Emi\Pictures\Documents\botondepanico\src\main\java\botondepanico\config\SecurityConfig.java. Using fallback presentation compiler.
2026.05.15 22:54:29 INFO  no build target found for C:\Users\Emi\Pictures\Documents\botondepanico\src\main\java\botondepanico\config\SecurityConfig.java. Using fallback presentation compiler.
2026.05.15 22:54:29 INFO  no build target found for C:\Users\Emi\Pictures\Documents\botondepanico\src\main\java\botondepanico\config\SecurityConfig.java. Using fallback presentation compiler.
2026.05.15 22:54:30 INFO  no build target found for C:\Users\Emi\Pictures\Documents\botondepanico\src\main\java\botondepanico\config\SecurityConfig.java. Using fallback presentation compiler.
2026.05.15 22:54:33 INFO  no build target found for C:\Users\Emi\Pictures\Documents\botondepanico\src\main\java\botondepanico\config\SecurityConfig.java. Using fallback presentation compiler.
may. 15, 2026 10:54:33 P. M. org.eclipse.lsp4j.jsonrpc.RemoteEndpoint handleCancellation
WARNING: Unmatched cancel notification for request id 130
2026.05.15 22:54:33 INFO  no build target found for C:\Users\Emi\Pictures\Documents\botondepanico\src\main\java\botondepanico\config\SecurityConfig.java. Using fallback presentation compiler.
2026.05.15 22:54:33 INFO  no build target found for C:\Users\Emi\Pictures\Documents\botondepanico\src\main\java\botondepanico\config\SecurityConfig.java. Using fallback presentation compiler.
2026.05.15 22:54:34 INFO  no build target found for C:\Users\Emi\Pictures\Documents\botondepanico\src\main\java\botondepanico\config\SecurityConfig.java. Using fallback presentation compiler.
2026.05.15 22:54:34 INFO  no build target found for C:\Users\Emi\Pictures\Documents\botondepanico\src\main\java\botondepanico\config\SecurityConfig.java. Using fallback presentation compiler.
2026.05.15 22:54:34 INFO  no build target found for C:\Users\Emi\Pictures\Documents\botondepanico\src\main\java\botondepanico\config\SecurityConfig.java. Using fallback presentation compiler.
2026.05.15 22:54:35 INFO  no build target found for C:\Users\Emi\Pictures\Documents\botondepanico\src\main\java\botondepanico\config\SecurityConfig.java. Using fallback presentation compiler.
2026.05.15 22:54:35 INFO  no build target found for C:\Users\Emi\Pictures\Documents\botondepanico\src\main\java\botondepanico\config\SecurityConfig.java. Using fallback presentation compiler.
2026.05.15 22:54:37 INFO  no build target found for C:\Users\Emi\Pictures\Documents\botondepanico\src\main\java\botondepanico\config\SecurityConfig.java. Using fallback presentation compiler.
2026.05.15 22:54:37 INFO  no build target found for C:\Users\Emi\Pictures\Documents\botondepanico\src\main\java\botondepanico\config\SecurityConfig.java. Using fallback presentation compiler.
2026.05.15 22:54:37 INFO  no build target found for C:\Users\Emi\Pictures\Documents\botondepanico\src\main\java\botondepanico\config\SecurityConfig.java. Using fallback presentation compiler.
2026.05.15 22:54:37 INFO  no build target found for C:\Users\Emi\Pictures\Documents\botondepanico\src\main\java\botondepanico\config\SecurityConfig.java. Using fallback presentation compiler.
2026.05.15 22:54:39 WARN  no build target for: C:\Users\Emi\Pictures\Documents\botondepanico\src\main\java\botondepanico\config\SecurityConfig.java
2026.05.15 22:54:39 INFO  no build target found for C:\Users\Emi\Pictures\Documents\botondepanico\src\main\java\botondepanico\config\SecurityConfig.java. Using fallback presentation compiler.
2026.05.15 22:54:39 INFO  no build target found for C:\Users\Emi\Pictures\Documents\botondepanico\src\main\java\botondepanico\config\SecurityConfig.java. Using fallback presentation compiler.
2026.05.15 22:54:41 INFO  no build target found for C:\Users\Emi\Pictures\Documents\botondepanico\src\main\java\botondepanico\config\SecurityConfig.java. Using fallback presentation compiler.
2026.05.15 22:54:45 INFO  no build target found for C:\Users\Emi\Pictures\Documents\botondepanico\src\main\java\botondepanico\config\SecurityConfig.java. Using fallback presentation compiler.
2026.05.15 22:54:47 INFO  no build target found for C:\Users\Emi\Pictures\Documents\botondepanico\src\main\java\botondepanico\config\SecurityConfig.java. Using fallback presentation compiler.
2026.05.15 22:54:47 INFO  no build target found for C:\Users\Emi\Pictures\Documents\botondepanico\src\main\java\botondepanico\config\SecurityConfig.java. Using fallback presentation compiler.
2026.05.15 22:54:47 INFO  no build target found for C:\Users\Emi\Pictures\Documents\botondepanico\src\main\java\botondepanico\config\SecurityConfig.java. Using fallback presentation compiler.
2026.05.15 22:54:50 INFO  no build target found for C:\Users\Emi\Pictures\Documents\botondepanico\src\main\java\botondepanico\config\SecurityConfig.java. Using fallback presentation compiler.
2026.05.15 22:54:52 INFO  no build target found for C:\Users\Emi\Pictures\Documents\botondepanico\src\main\java\botondepanico\config\SecurityConfig.java. Using fallback presentation compiler.
2026.05.15 22:55:08 INFO  no build target found for C:\Users\Emi\Pictures\Documents\botondepanico\src\main\java\botondepanico\config\SecurityConfig.java. Using fallback presentation compiler.
2026.05.15 22:55:08 INFO  no build target found for C:\Users\Emi\Pictures\Documents\botondepanico\src\main\java\botondepanico\config\SecurityConfig.java. Using fallback presentation compiler.
may. 15, 2026 10:55:09 P. M. org.eclipse.lsp4j.jsonrpc.RemoteEndpoint handleCancellation
WARNING: Unmatched cancel notification for request id 167
2026.05.15 22:55:09 INFO  no build target found for C:\Users\Emi\Pictures\Documents\botondepanico\src\main\java\botondepanico\config\SecurityConfig.java. Using fallback presentation compiler.
2026.05.15 22:55:10 INFO  no build target found for C:\Users\Emi\Pictures\Documents\botondepanico\src\main\java\botondepanico\config\SecurityConfig.java. Using fallback presentation compiler.
2026.05.15 22:55:10 WARN  no build target for: C:\Users\Emi\Pictures\Documents\botondepanico\src\main\java\botondepanico\config\SecurityConfig.java
2026.05.15 22:55:10 INFO  no build target found for C:\Users\Emi\Pictures\Documents\botondepanico\src\main\java\botondepanico\config\SecurityConfig.java. Using fallback presentation compiler.
2026.05.15 22:55:11 INFO  no build target found for C:\Users\Emi\Pictures\Documents\botondepanico\src\main\java\botondepanico\config\SecurityConfig.java. Using fallback presentation compiler.
2026.05.15 22:55:11 INFO  no build target found for C:\Users\Emi\Pictures\Documents\botondepanico\src\main\java\botondepanico\config\SecurityConfig.java. Using fallback presentation compiler.
2026.05.15 22:55:13 INFO  no build target found for C:\Users\Emi\Pictures\Documents\botondepanico\src\main\java\botondepanico\config\SecurityConfig.java. Using fallback presentation compiler.
2026.05.15 22:55:13 INFO  no build target found for C:\Users\Emi\Pictures\Documents\botondepanico\src\main\java\botondepanico\config\SecurityConfig.java. Using fallback presentation compiler.
2026.05.15 22:55:13 INFO  no build target found for C:\Users\Emi\Pictures\Documents\botondepanico\src\main\java\botondepanico\config\SecurityConfig.java. Using fallback presentation compiler.
may. 15, 2026 10:55:14 P. M. org.eclipse.lsp4j.jsonrpc.RemoteEndpoint handleCancellation
WARNING: Unmatched cancel notification for request id 175
2026.05.15 22:55:13 INFO  no build target found for C:\Users\Emi\Pictures\Documents\botondepanico\src\main\java\botondepanico\config\SecurityConfig.java. Using fallback presentation compiler.
2026.05.15 22:55:14 INFO  no build target found for C:\Users\Emi\Pictures\Documents\botondepanico\src\main\java\botondepanico\config\SecurityConfig.java. Using fallback presentation compiler.
may. 15, 2026 11:06:13 P. M. org.eclipse.lsp4j.jsonrpc.services.GenericEndpoint notify
INFO: Unsupported notification method: $/setTrace
2026.05.15 23:06:59 INFO  no build target found for C:\Users\Emi\Pictures\Documents\botondepanico\src\main\java\botondepanico\service\EmailService.java. Using fallback presentation compiler.
2026.05.15 23:07:00 INFO  no build target found for C:\Users\Emi\Pictures\Documents\botondepanico\src\main\java\botondepanico\service\EmailService.java. Using fallback presentation compiler.
2026.05.15 23:07:00 INFO  no build target found for C:\Users\Emi\Pictures\Documents\botondepanico\src\main\java\botondepanico\service\EmailService.java. Using fallback presentation compiler.
2026.05.15 23:07:00 INFO  no build target found for C:\Users\Emi\Pictures\Documents\botondepanico\src\main\java\botondepanico\service\EmailService.java. Using fallback presentation compiler.
2026.05.15 23:07:00 INFO  no build target found for C:\Users\Emi\Pictures\Documents\botondepanico\src\main\java\botondepanico\service\EmailService.java. Using fallback presentation compiler.
2026.05.15 23:07:10 INFO  no build target found for C:\Users\Emi\Pictures\Documents\botondepanico\src\main\java\botondepanico\service\EmailService.java. Using fallback presentation compiler.
2026.05.15 23:07:10 INFO  no build target found for C:\Users\Emi\Pictures\Documents\botondepanico\src\main\java\botondepanico\service\EmailService.java. Using fallback presentation compiler.
2026.05.15 23:07:12 INFO  no build target found for C:\Users\Emi\Pictures\Documents\botondepanico\src\main\java\botondepanico\service\EmailService.java. Using fallback presentation compiler.
2026.05.15 23:07:12 INFO  no build target found for C:\Users\Emi\Pictures\Documents\botondepanico\src\main\java\botondepanico\service\EmailService.java. Using fallback presentation compiler.
2026.05.15 23:07:12 INFO  no build target found for C:\Users\Emi\Pictures\Documents\botondepanico\src\main\java\botondepanico\service\EmailService.java. Using fallback presentation compiler.
2026.05.15 23:07:12 INFO  no build target found for C:\Users\Emi\Pictures\Documents\botondepanico\src\main\java\botondepanico\service\EmailService.java. Using fallback presentation compiler.
2026.05.15 23:07:13 INFO  no build target found for C:\Users\Emi\Pictures\Documents\botondepanico\src\main\java\botondepanico\service\EmailService.java. Using fallback presentation compiler.
2026.05.15 23:07:16 WARN  no build target for: C:\Users\Emi\Pictures\Documents\botondepanico\src\main\java\botondepanico\service\EmailService.java
2026.05.15 23:07:16 INFO  no build target found for C:\Users\Emi\Pictures\Documents\botondepanico\src\main\java\botondepanico\service\EmailService.java. Using fallback presentation compiler.
2026.05.15 23:08:01 INFO  no build target found for C:\Users\Emi\Pictures\Documents\botondepanico\src\main\java\botondepanico\service\EmailService.java. Using fallback presentation compiler.
2026.05.15 23:08:02 INFO  no build target found for C:\Users\Emi\Pictures\Documents\botondepanico\src\main\java\botondepanico\model\Emergencia.java. Using fallback presentation compiler.
2026.05.15 23:08:05 INFO  no build target found for C:\Users\Emi\Pictures\Documents\botondepanico\src\main\java\botondepanico\model\Emergencia.java. Using fallback presentation compiler.
2026.05.15 23:08:05 INFO  no build target found for C:\Users\Emi\Pictures\Documents\botondepanico\src\main\java\botondepanico\model\Emergencia.java. Using fallback presentation compiler.
may. 15, 2026 11:08:05 P. M. org.eclipse.lsp4j.jsonrpc.RemoteEndpoint handleCancellation
WARNING: Unmatched cancel notification for request id 225
2026.05.15 23:08:05 INFO  no build target found for C:\Users\Emi\Pictures\Documents\botondepanico\src\main\java\botondepanico\model\Emergencia.java. Using fallback presentation compiler.
may. 15, 2026 11:08:05 P. M. org.eclipse.lsp4j.jsonrpc.RemoteEndpoint handleCancellation
WARNING: Unmatched cancel notification for request id 229
2026.05.15 23:08:06 INFO  no build target found for C:\Users\Emi\Pictures\Documents\botondepanico\src\main\java\botondepanico\model\Emergencia.java. Using fallback presentation compiler.
2026.05.15 23:08:09 INFO  no build target found for C:\Users\Emi\Pictures\Documents\botondepanico\src\main\java\botondepanico\model\Emergencia.java. Using fallback presentation compiler.
2026.05.15 23:08:09 INFO  no build target found for C:\Users\Emi\Pictures\Documents\botondepanico\src\main\java\botondepanico\model\Emergencia.java. Using fallback presentation compiler.
2026.05.15 23:08:09 INFO  no build target found for C:\Users\Emi\Pictures\Documents\botondepanico\src\main\java\botondepanico\model\Emergencia.java. Using fallback presentation compiler.
2026.05.15 23:08:10 INFO  no build target found for C:\Users\Emi\Pictures\Documents\botondepanico\src\main\java\botondepanico\model\Emergencia.java. Using fallback presentation compiler.
2026.05.15 23:08:10 INFO  no build target found for C:\Users\Emi\Pictures\Documents\botondepanico\src\main\java\botondepanico\model\Emergencia.java. Using fallback presentation compiler.
2026.05.15 23:08:11 WARN  no build target for: C:\Users\Emi\Pictures\Documents\botondepanico\src\main\java\botondepanico\model\Emergencia.java
2026.05.15 23:08:11 INFO  no build target found for C:\Users\Emi\Pictures\Documents\botondepanico\src\main\java\botondepanico\model\Emergencia.java. Using fallback presentation compiler.
2026.05.15 23:08:12 INFO  no build target found for C:\Users\Emi\Pictures\Documents\botondepanico\src\main\java\botondepanico\model\Emergencia.java. Using fallback presentation compiler.
2026.05.15 23:08:57 INFO  no build target found for C:\Users\Emi\Pictures\Documents\botondepanico\src\main\java\botondepanico\repository\EmergenciaRepository.java. Using fallback presentation compiler.
2026.05.15 23:08:58 INFO  no build target found for C:\Users\Emi\Pictures\Documents\botondepanico\src\main\java\botondepanico\repository\EmergenciaRepository.java. Using fallback presentation compiler.
2026.05.15 23:08:58 INFO  no build target found for C:\Users\Emi\Pictures\Documents\botondepanico\src\main\java\botondepanico\repository\EmergenciaRepository.java. Using fallback presentation compiler.
may. 15, 2026 11:08:58 P. M. org.eclipse.lsp4j.jsonrpc.RemoteEndpoint handleCancellation
WARNING: Unmatched cancel notification for request id 256
2026.05.15 23:08:58 INFO  no build target found for C:\Users\Emi\Pictures\Documents\botondepanico\src\main\java\botondepanico\repository\EmergenciaRepository.java. Using fallback presentation compiler.
2026.05.15 23:08:59 INFO  no build target found for C:\Users\Emi\Pictures\Documents\botondepanico\src\main\java\botondepanico\repository\EmergenciaRepository.java. Using fallback presentation compiler.
2026.05.15 23:09:10 INFO  no build target found for C:\Users\Emi\Pictures\Documents\botondepanico\src\main\java\botondepanico\repository\EmergenciaRepository.java. Using fallback presentation compiler.
2026.05.15 23:09:10 INFO  no build target found for C:\Users\Emi\Pictures\Documents\botondepanico\src\main\java\botondepanico\repository\EmergenciaRepository.java. Using fallback presentation compiler.
2026.05.15 23:09:10 INFO  no build target found for C:\Users\Emi\Pictures\Documents\botondepanico\src\main\java\botondepanico\repository\EmergenciaRepository.java. Using fallback presentation compiler.
2026.05.15 23:09:11 INFO  no build target found for C:\Users\Emi\Pictures\Documents\botondepanico\src\main\java\botondepanico\repository\EmergenciaRepository.java. Using fallback presentation compiler.
2026.05.15 23:09:11 INFO  no build target found for C:\Users\Emi\Pictures\Documents\botondepanico\src\main\java\botondepanico\repository\EmergenciaRepository.java. Using fallback presentation compiler.
2026.05.15 23:09:11 INFO  no build target found for C:\Users\Emi\Pictures\Documents\botondepanico\src\main\java\botondepanico\repository\EmergenciaRepository.java. Using fallback presentation compiler.
2026.05.15 23:09:11 INFO  no build target found for C:\Users\Emi\Pictures\Documents\botondepanico\src\main\java\botondepanico\repository\EmergenciaRepository.java. Using fallback presentation compiler.
2026.05.15 23:09:12 WARN  no build target for: C:\Users\Emi\Pictures\Documents\botondepanico\src\main\java\botondepanico\repository\EmergenciaRepository.java
2026.05.15 23:09:12 INFO  no build target found for C:\Users\Emi\Pictures\Documents\botondepanico\src\main\java\botondepanico\repository\EmergenciaRepository.java. Using fallback presentation compiler.
2026.05.15 23:10:13 INFO  no build target found for C:\Users\Emi\Pictures\Documents\botondepanico\src\main\java\botondepanico\config\SecurityConfig.java. Using fallback presentation compiler.
2026.05.15 23:10:14 WARN  no build target for: C:\Users\Emi\Pictures\Documents\botondepanico\src\main\java\botondepanico\config\SecurityConfig.java
may. 15, 2026 11:10:14 P. M. org.eclipse.lsp4j.jsonrpc.RemoteEndpoint handleCancellation
WARNING: Unmatched cancel notification for request id 284
2026.05.15 23:10:13 INFO  no build target found for C:\Users\Emi\Pictures\Documents\botondepanico\src\main\java\botondepanico\config\SecurityConfig.java. Using fallback presentation compiler.
may. 15, 2026 11:10:14 P. M. org.eclipse.lsp4j.jsonrpc.RemoteEndpoint handleCancellation
WARNING: Unmatched cancel notification for request id 285
2026.05.15 23:10:13 INFO  no build target found for C:\Users\Emi\Pictures\Documents\botondepanico\src\main\java\botondepanico\config\SecurityConfig.java. Using fallback presentation compiler.
2026.05.15 23:10:14 INFO  no build target found for C:\Users\Emi\Pictures\Documents\botondepanico\src\main\java\botondepanico\config\SecurityConfig.java. Using fallback presentation compiler.
2026.05.15 23:10:14 INFO  no build target found for C:\Users\Emi\Pictures\Documents\botondepanico\src\main\java\botondepanico\config\SecurityConfig.java. Using fallback presentation compiler.
2026.05.15 23:10:18 INFO  no build target found for C:\Users\Emi\Pictures\Documents\botondepanico\src\main\java\botondepanico\config\SecurityConfig.java. Using fallback presentation compiler.
2026.05.15 23:10:21 INFO  no build target found for C:\Users\Emi\Pictures\Documents\botondepanico\src\main\java\botondepanico\controller\AuthController.java. Using fallback presentation compiler.
2026.05.15 23:10:21 INFO  no build target found for C:\Users\Emi\Pictures\Documents\botondepanico\src\main\java\botondepanico\controller\AuthController.java. Using fallback presentation compiler.
2026.05.15 23:10:21 INFO  no build target found for C:\Users\Emi\Pictures\Documents\botondepanico\src\main\java\botondepanico\controller\AuthController.java. Using fallback presentation compiler.
2026.05.15 23:10:21 INFO  no build target found for C:\Users\Emi\Pictures\Documents\botondepanico\src\main\java\botondepanico\controller\AuthController.java. Using fallback presentation compiler.
2026.05.15 23:10:26 INFO  no build target found for C:\Users\Emi\Pictures\Documents\botondepanico\src\main\java\botondepanico\controller\AuthController.java. Using fallback presentation compiler.
2026.05.15 23:10:28 INFO  no build target found for C:\Users\Emi\Pictures\Documents\botondepanico\src\main\java\botondepanico\controller\HomeController.java. Using fallback presentation compiler.
2026.05.15 23:10:28 WARN  no build target for: C:\Users\Emi\Pictures\Documents\botondepanico\src\main\java\botondepanico\controller\HomeController.java
2026.05.15 23:10:28 INFO  no build target found for C:\Users\Emi\Pictures\Documents\botondepanico\src\main\java\botondepanico\controller\HomeController.java. Using fallback presentation compiler.
2026.05.15 23:10:28 INFO  no build target found for C:\Users\Emi\Pictures\Documents\botondepanico\src\main\java\botondepanico\controller\HomeController.java. Using fallback presentation compiler.
2026.05.15 23:10:28 INFO  no build target found for C:\Users\Emi\Pictures\Documents\botondepanico\src\main\java\botondepanico\controller\HomeController.java. Using fallback presentation compiler.
2026.05.15 23:10:28 INFO  no build target found for C:\Users\Emi\Pictures\Documents\botondepanico\src\main\java\botondepanico\controller\HomeController.java. Using fallback presentation compiler.
2026.05.15 23:10:33 INFO  no build target found for C:\Users\Emi\Pictures\Documents\botondepanico\src\main\java\botondepanico\controller\HomeController.java. Using fallback presentation compiler.
2026.05.15 23:10:38 INFO  no build target found for C:\Users\Emi\Pictures\Documents\botondepanico\src\main\java\botondepanico\model\Emergencia.java. Using fallback presentation compiler.
2026.05.15 23:10:38 WARN  no build target for: C:\Users\Emi\Pictures\Documents\botondepanico\src\main\java\botondepanico\model\Emergencia.java
2026.05.15 23:10:38 INFO  no build target found for C:\Users\Emi\Pictures\Documents\botondepanico\src\main\java\botondepanico\model\Emergencia.java. Using fallback presentation compiler.
2026.05.15 23:10:40 INFO  no build target found for C:\Users\Emi\Pictures\Documents\botondepanico\src\main\java\botondepanico\model\Emergencia.java. Using fallback presentation compiler.
2026.05.15 23:10:40 INFO  no build target found for C:\Users\Emi\Pictures\Documents\botondepanico\src\main\java\botondepanico\model\Emergencia.java. Using fallback presentation compiler.
may. 15, 2026 11:10:42 P. M. org.eclipse.lsp4j.jsonrpc.RemoteEndpoint handleCancellation
WARNING: Unmatched cancel notification for request id 327
2026.05.15 23:10:42 INFO  no build target found for C:\Users\Emi\Pictures\Documents\botondepanico\src\main\java\botondepanico\model\Usuario.java. Using fallback presentation compiler.
2026.05.15 23:10:42 INFO  no build target found for C:\Users\Emi\Pictures\Documents\botondepanico\src\main\java\botondepanico\model\Usuario.java. Using fallback presentation compiler.
2026.05.15 23:10:42 INFO  no build target found for C:\Users\Emi\Pictures\Documents\botondepanico\src\main\java\botondepanico\model\Usuario.java. Using fallback presentation compiler.
may. 15, 2026 11:10:42 P. M. org.eclipse.lsp4j.jsonrpc.RemoteEndpoint handleCancellation
WARNING: Unmatched cancel notification for request id 328
2026.05.15 23:10:43 INFO  no build target found for C:\Users\Emi\Pictures\Documents\botondepanico\src\main\java\botondepanico\model\Usuario.java. Using fallback presentation compiler.
2026.05.15 23:10:45 INFO  no build target found for C:\Users\Emi\Pictures\Documents\botondepanico\src\main\java\botondepanico\repository\EmergenciaRepository.java. Using fallback presentation compiler.
2026.05.15 23:10:45 WARN  no build target for: C:\Users\Emi\Pictures\Documents\botondepanico\src\main\java\botondepanico\repository\EmergenciaRepository.java
2026.05.15 23:10:45 INFO  no build target found for C:\Users\Emi\Pictures\Documents\botondepanico\src\main\java\botondepanico\repository\EmergenciaRepository.java. Using fallback presentation compiler.
2026.05.15 23:10:45 INFO  no build target found for C:\Users\Emi\Pictures\Documents\botondepanico\src\main\java\botondepanico\repository\EmergenciaRepository.java. Using fallback presentation compiler.
2026.05.15 23:10:45 INFO  no build target found for C:\Users\Emi\Pictures\Documents\botondepanico\src\main\java\botondepanico\repository\EmergenciaRepository.java. Using fallback presentation compiler.
2026.05.15 23:10:47 INFO  no build target found for C:\Users\Emi\Pictures\Documents\botondepanico\src\main\java\botondepanico\service\EmailService.java. Using fallback presentation compiler.
2026.05.15 23:10:47 WARN  no build target for: C:\Users\Emi\Pictures\Documents\botondepanico\src\main\java\botondepanico\service\EmailService.java
2026.05.15 23:10:47 INFO  no build target found for C:\Users\Emi\Pictures\Documents\botondepanico\src\main\java\botondepanico\service\EmailService.java. Using fallback presentation compiler.
2026.05.15 23:10:47 INFO  no build target found for C:\Users\Emi\Pictures\Documents\botondepanico\src\main\java\botondepanico\service\EmailService.java. Using fallback presentation compiler.
2026.05.15 23:10:47 INFO  no build target found for C:\Users\Emi\Pictures\Documents\botondepanico\src\main\java\botondepanico\service\EmailService.java. Using fallback presentation compiler.
2026.05.15 23:10:49 INFO  no build target found for C:\Users\Emi\Pictures\Documents\botondepanico\src\main\java\botondepanico\service\EmailService.java. Using fallback presentation compiler.
2026.05.15 23:10:51 INFO  no build target found for C:\Users\Emi\Pictures\Documents\botondepanico\src\main\java\botondepanico\service\UsuarioService.java. Using fallback presentation compiler.
2026.05.15 23:10:51 INFO  no build target found for C:\Users\Emi\Pictures\Documents\botondepanico\src\main\java\botondepanico\service\UsuarioService.java. Using fallback presentation compiler.
2026.05.15 23:10:51 INFO  no build target found for C:\Users\Emi\Pictures\Documents\botondepanico\src\main\java\botondepanico\service\UsuarioService.java. Using fallback presentation compiler.
2026.05.15 23:10:59 INFO  no build target found for C:\Users\Emi\Pictures\Documents\botondepanico\src\main\java\botondepanico\service\UsuarioService.java. Using fallback presentation compiler.
2026.05.15 23:10:59 INFO  no build target found for C:\Users\Emi\Pictures\Documents\botondepanico\src\main\java\botondepanico\service\UsuarioService.java. Using fallback presentation compiler.
2026.05.15 23:13:21 INFO  no build target found for C:\Users\Emi\Pictures\Documents\botondepanico\src\main\java\botondepanico\controller\AuthController.java. Using fallback presentation compiler.
2026.05.15 23:13:42 INFO  no build target found for C:\Users\Emi\Pictures\Documents\botondepanico\src\main\java\botondepanico\model\Usuario.java. Using fallback presentation compiler.
2026.05.15 23:13:51 INFO  no build target found for C:\Users\Emi\Pictures\Documents\botondepanico\src\main\java\botondepanico\service\UsuarioService.java. Using fallback presentation compiler.
2026.05.15 23:14:05 INFO  no build target found for C:\Users\Emi\Pictures\Documents\botondepanico\src\main\java\botondepanico\model\Emergencia.java. Using fallback presentation compiler.
2026.05.15 23:14:05 WARN  no build target for: C:\Users\Emi\Pictures\Documents\botondepanico\src\main\java\botondepanico\model\Emergencia.java
may. 15, 2026 11:14:05 P. M. org.eclipse.lsp4j.jsonrpc.RemoteEndpoint handleCancellation
WARNING: Unmatched cancel notification for request id 367
2026.05.15 23:14:05 INFO  no build target found for C:\Users\Emi\Pictures\Documents\botondepanico\src\main\java\botondepanico\model\Emergencia.java. Using fallback presentation compiler.
2026.05.15 23:14:07 INFO  no build target found for C:\Users\Emi\Pictures\Documents\botondepanico\src\main\java\botondepanico\model\Emergencia.java. Using fallback presentation compiler.
2026.05.15 23:14:10 INFO  no build target found for C:\Users\Emi\Pictures\Documents\botondepanico\src\main\java\botondepanico\model\Emergencia.java. Using fallback presentation compiler.
2026.05.15 23:14:10 INFO  no build target found for C:\Users\Emi\Pictures\Documents\botondepanico\src\main\java\botondepanico\model\Emergencia.java. Using fallback presentation compiler.
2026.05.15 23:14:25 INFO  no build target found for C:\Users\Emi\Pictures\Documents\botondepanico\src\main\java\botondepanico\repository\EmergenciaRepository.java. Using fallback presentation compiler.
2026.05.15 23:14:25 WARN  no build target for: C:\Users\Emi\Pictures\Documents\botondepanico\src\main\java\botondepanico\repository\EmergenciaRepository.java
2026.05.15 23:14:25 INFO  no build target found for C:\Users\Emi\Pictures\Documents\botondepanico\src\main\java\botondepanico\repository\EmergenciaRepository.java. Using fallback presentation compiler.
2026.05.15 23:14:25 INFO  no build target found for C:\Users\Emi\Pictures\Documents\botondepanico\src\main\java\botondepanico\repository\EmergenciaRepository.java. Using fallback presentation compiler.
2026.05.15 23:14:25 INFO  no build target found for C:\Users\Emi\Pictures\Documents\botondepanico\src\main\java\botondepanico\repository\EmergenciaRepository.java. Using fallback presentation compiler.
2026.05.15 23:14:26 INFO  no build target found for C:\Users\Emi\Pictures\Documents\botondepanico\src\main\java\botondepanico\repository\EmergenciaRepository.java. Using fallback presentation compiler.
2026.05.15 23:14:26 INFO  no build target found for C:\Users\Emi\Pictures\Documents\botondepanico\src\main\java\botondepanico\repository\EmergenciaRepository.java. Using fallback presentation compiler.
2026.05.15 23:14:43 INFO  no build target found for C:\Users\Emi\Pictures\Documents\botondepanico\src\main\java\botondepanico\service\EmailService.java. Using fallback presentation compiler.
2026.05.15 23:14:43 WARN  no build target for: C:\Users\Emi\Pictures\Documents\botondepanico\src\main\java\botondepanico\service\EmailService.java
2026.05.15 23:14:43 INFO  no build target found for C:\Users\Emi\Pictures\Documents\botondepanico\src\main\java\botondepanico\service\EmailService.java. Using fallback presentation compiler.
2026.05.15 23:14:43 INFO  no build target found for C:\Users\Emi\Pictures\Documents\botondepanico\src\main\java\botondepanico\service\EmailService.java. Using fallback presentation compiler.
2026.05.15 23:14:43 INFO  no build target found for C:\Users\Emi\Pictures\Documents\botondepanico\src\main\java\botondepanico\service\EmailService.java. Using fallback presentation compiler.
2026.05.15 23:14:48 INFO  no build target found for C:\Users\Emi\Pictures\Documents\botondepanico\src\main\java\botondepanico\service\EmailService.java. Using fallback presentation compiler.
2026.05.15 23:14:48 INFO  no build target found for C:\Users\Emi\Pictures\Documents\botondepanico\src\main\java\botondepanico\service\EmailService.java. Using fallback presentation compiler.
2026.05.15 23:14:48 INFO  no build target found for C:\Users\Emi\Pictures\Documents\botondepanico\src\main\java\botondepanico\service\EmailService.java. Using fallback presentation compiler.
2026.05.15 23:14:49 INFO  no build target found for C:\Users\Emi\Pictures\Documents\botondepanico\src\main\java\botondepanico\service\EmailService.java. Using fallback presentation compiler.
2026.05.15 23:20:53 INFO  no build target found for C:\Users\Emi\Pictures\Documents\botondepanico\src\main\java\botondepanico\service\UsuarioService.java. Using fallback presentation compiler.
2026.05.15 23:20:54 INFO  no build target found for C:\Users\Emi\Pictures\Documents\botondepanico\src\main\java\botondepanico\service\UsuarioService.java. Using fallback presentation compiler.
may. 15, 2026 11:20:54 P. M. org.eclipse.lsp4j.jsonrpc.RemoteEndpoint handleCancellation
WARNING: Unmatched cancel notification for request id 408
2026.05.15 23:20:53 INFO  no build target found for C:\Users\Emi\Pictures\Documents\botondepanico\src\main\java\botondepanico\service\UsuarioService.java. Using fallback presentation compiler.
may. 15, 2026 11:20:54 P. M. org.eclipse.lsp4j.jsonrpc.RemoteEndpoint handleCancellation
WARNING: Unmatched cancel notification for request id 412
2026.05.15 23:20:53 INFO  no build target found for C:\Users\Emi\Pictures\Documents\botondepanico\src\main\java\botondepanico\service\UsuarioService.java. Using fallback presentation compiler.
may. 15, 2026 11:20:54 P. M. org.eclipse.lsp4j.jsonrpc.RemoteEndpoint handleCancellation
WARNING: Unmatched cancel notification for request id 411
2026.05.15 23:35:14 INFO  no build target found for C:\Users\Emi\Pictures\Documents\botondepanico\src\main\java\botondepanico\service\UsuarioService.java. Using fallback presentation compiler.
2026.05.15 23:35:15 INFO  no build target found for C:\Users\Emi\Pictures\Documents\botondepanico\src\main\java\botondepanico\service\UsuarioService.java. Using fallback presentation compiler.
2026.05.15 23:55:51 INFO  no build target found for C:\Users\Emi\Pictures\Documents\botondepanico\src\main\java\botondepanico\service\UsuarioService.java. Using fallback presentation compiler.
2026.05.15 23:55:51 INFO  no build target found for C:\Users\Emi\Pictures\Documents\botondepanico\src\main\java\botondepanico\controller\AuthController.java. Using fallback presentation compiler.
2026.05.15 23:55:52 INFO  no build target found for C:\Users\Emi\Pictures\Documents\botondepanico\src\main\java\botondepanico\controller\AuthController.java. Using fallback presentation compiler.
may. 15, 2026 11:55:52 P. M. org.eclipse.lsp4j.jsonrpc.RemoteEndpoint handleCancellation
WARNING: Unmatched cancel notification for request id 421
2026.05.15 23:55:51 INFO  no build target found for C:\Users\Emi\Pictures\Documents\botondepanico\src\main\java\botondepanico\controller\AuthController.java. Using fallback presentation compiler.
may. 15, 2026 11:55:52 P. M. org.eclipse.lsp4j.jsonrpc.RemoteEndpoint handleCancellation
WARNING: Unmatched cancel notification for request id 424
2026.05.15 23:55:53 INFO  no build target found for C:\Users\Emi\Pictures\Documents\botondepanico\src\main\java\botondepanico\controller\AuthController.java. Using fallback presentation compiler.
2026.05.15 23:55:55 INFO  no build target found for C:\Users\Emi\Pictures\Documents\botondepanico\src\main\java\botondepanico\controller\HomeController.java. Using fallback presentation compiler.
may. 15, 2026 11:55:55 P. M. org.eclipse.lsp4j.jsonrpc.RemoteEndpoint handleCancellation
WARNING: Unmatched cancel notification for request id 432
2026.05.15 23:55:55 INFO  no build target found for C:\Users\Emi\Pictures\Documents\botondepanico\src\main\java\botondepanico\controller\HomeController.java. Using fallback presentation compiler.
2026.05.15 23:55:55 WARN  no build target for: C:\Users\Emi\Pictures\Documents\botondepanico\src\main\java\botondepanico\controller\HomeController.java
2026.05.15 23:55:55 INFO  no build target found for C:\Users\Emi\Pictures\Documents\botondepanico\src\main\java\botondepanico\controller\HomeController.java. Using fallback presentation compiler.
2026.05.15 23:55:56 INFO  no build target found for C:\Users\Emi\Pictures\Documents\botondepanico\src\main\java\botondepanico\controller\HomeController.java. Using fallback presentation compiler.
2026.05.15 23:55:56 INFO  no build target found for C:\Users\Emi\Pictures\Documents\botondepanico\src\main\java\botondepanico\controller\HomeController.java. Using fallback presentation compiler.
2026.05.15 23:56:00 INFO  no build target found for C:\Users\Emi\Pictures\Documents\botondepanico\src\main\java\botondepanico\controller\HomeController.java. Using fallback presentation compiler.
2026.05.15 23:56:00 INFO  no build target found for C:\Users\Emi\Pictures\Documents\botondepanico\src\main\java\botondepanico\controller\HomeController.java. Using fallback presentation compiler.
2026.05.15 23:56:00 INFO  no build target found for C:\Users\Emi\Pictures\Documents\botondepanico\src\main\java\botondepanico\controller\HomeController.java. Using fallback presentation compiler.
2026.05.15 23:56:02 INFO  no build target found for C:\Users\Emi\Pictures\Documents\botondepanico\src\main\java\botondepanico\controller\HomeController.java. Using fallback presentation compiler.
2026.05.15 23:56:02 INFO  no build target found for C:\Users\Emi\Pictures\Documents\botondepanico\src\main\java\botondepanico\controller\HomeController.java. Using fallback presentation compiler.
2026.05.15 23:56:02 INFO  no build target found for C:\Users\Emi\Pictures\Documents\botondepanico\src\main\java\botondepanico\controller\HomeController.java. Using fallback presentation compiler.
2026.05.15 23:56:02 INFO  no build target found for C:\Users\Emi\Pictures\Documents\botondepanico\src\main\java\botondepanico\controller\HomeController.java. Using fallback presentation compiler.
2026.05.16 00:00:46 INFO  no build target found for C:\Users\Emi\Pictures\Documents\botondepanico\src\main\java\botondepanico\controller\HomeController.java. Using fallback presentation compiler.
2026.05.16 00:00:50 INFO  no build target found for C:\Users\Emi\Pictures\Documents\botondepanico\src\main\java\botondepanico\model\Emergencia.java. Using fallback presentation compiler.
2026.05.16 00:00:50 WARN  no build target for: C:\Users\Emi\Pictures\Documents\botondepanico\src\main\java\botondepanico\model\Emergencia.java
2026.05.16 00:00:50 INFO  no build target found for C:\Users\Emi\Pictures\Documents\botondepanico\src\main\java\botondepanico\model\Emergencia.java. Using fallback presentation compiler.
2026.05.16 00:00:50 INFO  no build target found for C:\Users\Emi\Pictures\Documents\botondepanico\src\main\java\botondepanico\model\Emergencia.java. Using fallback presentation compiler.
2026.05.16 00:00:50 INFO  no build target found for C:\Users\Emi\Pictures\Documents\botondepanico\src\main\java\botondepanico\model\Emergencia.java. Using fallback presentation compiler.
2026.05.16 00:00:53 INFO  no build target found for C:\Users\Emi\Pictures\Documents\botondepanico\src\main\java\botondepanico\model\Emergencia.java. Using fallback presentation compiler.
2026.05.16 00:00:53 INFO  no build target found for C:\Users\Emi\Pictures\Documents\botondepanico\src\main\java\botondepanico\model\Emergencia.java. Using fallback presentation compiler.
2026.05.16 00:00:53 INFO  no build target found for C:\Users\Emi\Pictures\Documents\botondepanico\src\main\java\botondepanico\model\Emergencia.java. Using fallback presentation compiler.
2026.05.16 00:00:53 INFO  no build target found for C:\Users\Emi\Pictures\Documents\botondepanico\src\main\java\botondepanico\model\Emergencia.java. Using fallback presentation compiler.
2026.05.16 00:00:53 INFO  no build target found for C:\Users\Emi\Pictures\Documents\botondepanico\src\main\java\botondepanico\model\Emergencia.java. Using fallback presentation compiler.
2026.05.16 00:01:07 INFO  no build target found for C:\Users\Emi\Pictures\Documents\botondepanico\src\main\java\botondepanico\repository\EmergenciaRepository.java. Using fallback presentation compiler.
2026.05.16 00:01:07 WARN  no build target for: C:\Users\Emi\Pictures\Documents\botondepanico\src\main\java\botondepanico\repository\EmergenciaRepository.java
2026.05.16 00:01:07 INFO  no build target found for C:\Users\Emi\Pictures\Documents\botondepanico\src\main\java\botondepanico\repository\EmergenciaRepository.java. Using fallback presentation compiler.
2026.05.16 00:01:08 INFO  no build target found for C:\Users\Emi\Pictures\Documents\botondepanico\src\main\java\botondepanico\repository\EmergenciaRepository.java. Using fallback presentation compiler.
2026.05.16 00:01:07 INFO  no build target found for C:\Users\Emi\Pictures\Documents\botondepanico\src\main\java\botondepanico\repository\EmergenciaRepository.java. Using fallback presentation compiler.
2026.05.16 00:01:09 INFO  no build target found for C:\Users\Emi\Pictures\Documents\botondepanico\src\main\java\botondepanico\repository\EmergenciaRepository.java. Using fallback presentation compiler.
2026.05.16 00:01:09 INFO  no build target found for C:\Users\Emi\Pictures\Documents\botondepanico\src\main\java\botondepanico\repository\EmergenciaRepository.java. Using fallback presentation compiler.
2026.05.16 00:01:09 INFO  no build target found for C:\Users\Emi\Pictures\Documents\botondepanico\src\main\java\botondepanico\repository\EmergenciaRepository.java. Using fallback presentation compiler.
2026.05.16 00:01:21 INFO  no build target found for C:\Users\Emi\Pictures\Documents\botondepanico\src\main\java\botondepanico\service\EmailService.java. Using fallback presentation compiler.
2026.05.16 00:01:21 WARN  no build target for: C:\Users\Emi\Pictures\Documents\botondepanico\src\main\java\botondepanico\service\EmailService.java
2026.05.16 00:01:21 INFO  no build target found for C:\Users\Emi\Pictures\Documents\botondepanico\src\main\java\botondepanico\service\EmailService.java. Using fallback presentation compiler.
2026.05.16 00:01:21 INFO  no build target found for C:\Users\Emi\Pictures\Documents\botondepanico\src\main\java\botondepanico\service\EmailService.java. Using fallback presentation compiler.
2026.05.16 00:01:21 INFO  no build target found for C:\Users\Emi\Pictures\Documents\botondepanico\src\main\java\botondepanico\service\EmailService.java. Using fallback presentation compiler.
2026.05.16 00:01:21 INFO  no build target found for C:\Users\Emi\Pictures\Documents\botondepanico\src\main\java\botondepanico\service\EmailService.java. Using fallback presentation compiler.
2026.05.16 00:01:25 INFO  no build target found for C:\Users\Emi\Pictures\Documents\botondepanico\src\main\java\botondepanico\service\EmailService.java. Using fallback presentation compiler.
2026.05.16 00:01:25 INFO  no build target found for C:\Users\Emi\Pictures\Documents\botondepanico\src\main\java\botondepanico\service\EmailService.java. Using fallback presentation compiler.
2026.05.16 00:01:25 INFO  no build target found for C:\Users\Emi\Pictures\Documents\botondepanico\src\main\java\botondepanico\service\EmailService.java. Using fallback presentation compiler.
2026.05.16 00:02:02 INFO  no build target found for C:\Users\Emi\Pictures\Documents\botondepanico\src\main\java\botondepanico\model\Emergencia.java. Using fallback presentation compiler.
2026.05.16 00:02:02 WARN  no build target for: C:\Users\Emi\Pictures\Documents\botondepanico\src\main\java\botondepanico\model\Emergencia.java
2026.05.16 00:02:02 INFO  no build target found for C:\Users\Emi\Pictures\Documents\botondepanico\src\main\java\botondepanico\model\Emergencia.java. Using fallback presentation compiler.
2026.05.16 00:02:02 INFO  no build target found for C:\Users\Emi\Pictures\Documents\botondepanico\src\main\java\botondepanico\model\Emergencia.java. Using fallback presentation compiler.
2026.05.16 00:02:02 INFO  no build target found for C:\Users\Emi\Pictures\Documents\botondepanico\src\main\java\botondepanico\model\Emergencia.java. Using fallback presentation compiler.
2026.05.16 00:02:03 INFO  no build target found for C:\Users\Emi\Pictures\Documents\botondepanico\src\main\java\botondepanico\model\Emergencia.java. Using fallback presentation compiler.
2026.05.16 00:02:41 INFO  no build target found for C:\Users\Emi\Pictures\Documents\botondepanico\src\main\java\botondepanico\model\Emergencia.java. Using fallback presentation compiler.
2026.05.16 00:02:41 INFO  no build target found for C:\Users\Emi\Pictures\Documents\botondepanico\src\main\java\botondepanico\model\Emergencia.java. Using fallback presentation compiler.
2026.05.16 00:02:42 INFO  no build target found for C:\Users\Emi\Pictures\Documents\botondepanico\src\main\java\botondepanico\model\Emergencia.java. Using fallback presentation compiler.
2026.05.16 00:02:42 INFO  no build target found for C:\Users\Emi\Pictures\Documents\botondepanico\src\main\java\botondepanico\model\Emergencia.java. Using fallback presentation compiler.
2026.05.16 00:02:42 INFO  no build target found for C:\Users\Emi\Pictures\Documents\botondepanico\src\main\java\botondepanico\model\Emergencia.java. Using fallback presentation compiler.
2026.05.16 00:02:44 INFO  no build target found for C:\Users\Emi\Pictures\Documents\botondepanico\src\main\java\botondepanico\model\Emergencia.java. Using fallback presentation compiler.
2026.05.16 00:02:44 INFO  no build target found for C:\Users\Emi\Pictures\Documents\botondepanico\src\main\java\botondepanico\model\Emergencia.java. Using fallback presentation compiler.
2026.05.16 00:02:44 INFO  no build target found for C:\Users\Emi\Pictures\Documents\botondepanico\src\main\java\botondepanico\model\Emergencia.java. Using fallback presentation compiler.
2026.05.16 00:02:44 INFO  no build target found for C:\Users\Emi\Pictures\Documents\botondepanico\src\main\java\botondepanico\model\Emergencia.java. Using fallback presentation compiler.
2026.05.16 00:02:46 INFO  no build target found for C:\Users\Emi\Pictures\Documents\botondepanico\src\main\java\botondepanico\model\Emergencia.java. Using fallback presentation compiler.
2026.05.16 00:02:46 INFO  no build target found for C:\Users\Emi\Pictures\Documents\botondepanico\src\main\java\botondepanico\model\Emergencia.java. Using fallback presentation compiler.
may. 16, 2026 12:02:46 A. M. org.eclipse.lsp4j.jsonrpc.RemoteEndpoint handleCancellation
WARNING: Unmatched cancel notification for request id 553
2026.05.16 00:02:46 INFO  no build target found for C:\Users\Emi\Pictures\Documents\botondepanico\src\main\java\botondepanico\model\Emergencia.java. Using fallback presentation compiler.
2026.05.16 00:02:46 INFO  no build target found for C:\Users\Emi\Pictures\Documents\botondepanico\src\main\java\botondepanico\model\Emergencia.java. Using fallback presentation compiler.
may. 16, 2026 12:02:47 A. M. org.eclipse.lsp4j.jsonrpc.RemoteEndpoint handleCancellation
WARNING: Unmatched cancel notification for request id 556
may. 16, 2026 12:02:47 A. M. org.eclipse.lsp4j.jsonrpc.RemoteEndpoint handleCancellation
WARNING: Unmatched cancel notification for request id 558
may. 16, 2026 12:02:47 A. M. org.eclipse.lsp4j.jsonrpc.RemoteEndpoint handleCancellation
WARNING: Unmatched cancel notification for request id 562
2026.05.16 00:02:47 INFO  no build target found for C:\Users\Emi\Pictures\Documents\botondepanico\src\main\java\botondepanico\model\Emergencia.java. Using fallback presentation compiler.
2026.05.16 00:02:47 INFO  no build target found for C:\Users\Emi\Pictures\Documents\botondepanico\src\main\java\botondepanico\model\Emergencia.java. Using fallback presentation compiler.
2026.05.16 00:02:48 INFO  no build target found for C:\Users\Emi\Pictures\Documents\botondepanico\src\main\java\botondepanico\model\Emergencia.java. Using fallback presentation compiler.
2026.05.16 00:02:47 INFO  no build target found for C:\Users\Emi\Pictures\Documents\botondepanico\src\main\java\botondepanico\model\Emergencia.java. Using fallback presentation compiler.
2026.05.16 00:02:48 WARN  no build target for: C:\Users\Emi\Pictures\Documents\botondepanico\src\main\java\botondepanico\model\Emergencia.java
2026.05.16 00:02:48 INFO  no build target found for C:\Users\Emi\Pictures\Documents\botondepanico\src\main\java\botondepanico\model\Emergencia.java. Using fallback presentation compiler.
2026.05.16 00:02:49 INFO  no build target found for C:\Users\Emi\Pictures\Documents\botondepanico\src\main\java\botondepanico\model\Emergencia.java. Using fallback presentation compiler.
2026.05.16 00:02:53 INFO  no build target found for C:\Users\Emi\Pictures\Documents\botondepanico\src\main\java\botondepanico\model\Emergencia.java. Using fallback presentation compiler.
2026.05.16 00:02:53 INFO  no build target found for C:\Users\Emi\Pictures\Documents\botondepanico\src\main\java\botondepanico\model\Emergencia.java. Using fallback presentation compiler.
2026.05.16 00:03:21 INFO  no build target found for C:\Users\Emi\Pictures\Documents\botondepanico\src\main\java\botondepanico\model\Emergencia.java. Using fallback presentation compiler.
2026.05.16 00:03:40 INFO  no build target found for C:\Users\Emi\Pictures\Documents\botondepanico\src\main\java\botondepanico\model\Emergencia.java. Using fallback presentation compiler.
2026.05.16 00:03:42 INFO  no build target found for C:\Users\Emi\Pictures\Documents\botondepanico\src\main\java\botondepanico\repository\EmergenciaRepository.java. Using fallback presentation compiler.
2026.05.16 00:03:42 WARN  no build target for: C:\Users\Emi\Pictures\Documents\botondepanico\src\main\java\botondepanico\repository\EmergenciaRepository.java
2026.05.16 00:03:42 INFO  no build target found for C:\Users\Emi\Pictures\Documents\botondepanico\src\main\java\botondepanico\repository\EmergenciaRepository.java. Using fallback presentation compiler.
may. 16, 2026 12:03:43 A. M. org.eclipse.lsp4j.jsonrpc.RemoteEndpoint handleCancellation
WARNING: Unmatched cancel notification for request id 582
may. 16, 2026 12:03:43 A. M. org.eclipse.lsp4j.jsonrpc.RemoteEndpoint handleCancellation
WARNING: Unmatched cancel notification for request id 584
2026.05.16 00:03:42 INFO  no build target found for C:\Users\Emi\Pictures\Documents\botondepanico\src\main\java\botondepanico\repository\EmergenciaRepository.java. Using fallback presentation compiler.
2026.05.16 00:03:43 INFO  no build target found for C:\Users\Emi\Pictures\Documents\botondepanico\src\main\java\botondepanico\repository\EmergenciaRepository.java. Using fallback presentation compiler.
2026.05.16 00:03:44 INFO  no build target found for C:\Users\Emi\Pictures\Documents\botondepanico\src\main\java\botondepanico\repository\EmergenciaRepository.java. Using fallback presentation compiler.
2026.05.16 00:03:51 INFO  no build target found for C:\Users\Emi\Pictures\Documents\botondepanico\src\main\java\botondepanico\repository\EmergenciaRepository.java. Using fallback presentation compiler.
2026.05.16 00:03:51 INFO  no build target found for C:\Users\Emi\Pictures\Documents\botondepanico\src\main\java\botondepanico\repository\EmergenciaRepository.java. Using fallback presentation compiler.
2026.05.16 00:03:51 INFO  no build target found for C:\Users\Emi\Pictures\Documents\botondepanico\src\main\java\botondepanico\repository\EmergenciaRepository.java. Using fallback presentation compiler.
2026.05.16 00:03:51 INFO  no build target found for C:\Users\Emi\Pictures\Documents\botondepanico\src\main\java\botondepanico\repository\EmergenciaRepository.java. Using fallback presentation compiler.
2026.05.16 00:04:02 INFO  no build target found for C:\Users\Emi\Pictures\Documents\botondepanico\src\main\java\botondepanico\repository\EmergenciaRepository.java. Using fallback presentation compiler.
2026.05.16 00:04:02 INFO  no build target found for C:\Users\Emi\Pictures\Documents\botondepanico\src\main\java\botondepanico\repository\EmergenciaRepository.java. Using fallback presentation compiler.
2026.05.16 00:04:03 INFO  no build target found for C:\Users\Emi\Pictures\Documents\botondepanico\src\main\java\botondepanico\repository\EmergenciaRepository.java. Using fallback presentation compiler.
2026.05.16 00:04:05 INFO  no build target found for C:\Users\Emi\Pictures\Documents\botondepanico\src\main\java\botondepanico\repository\EmergenciaRepository.java. Using fallback presentation compiler.
2026.05.16 00:04:05 INFO  no build target found for C:\Users\Emi\Pictures\Documents\botondepanico\src\main\java\botondepanico\repository\EmergenciaRepository.java. Using fallback presentation compiler.
2026.05.16 00:04:05 INFO  no build target found for C:\Users\Emi\Pictures\Documents\botondepanico\src\main\java\botondepanico\repository\EmergenciaRepository.java. Using fallback presentation compiler.
2026.05.16 00:04:05 WARN  no build target for: C:\Users\Emi\Pictures\Documents\botondepanico\src\main\java\botondepanico\repository\EmergenciaRepository.java
2026.05.16 00:04:05 INFO  no build target found for C:\Users\Emi\Pictures\Documents\botondepanico\src\main\java\botondepanico\repository\EmergenciaRepository.java. Using fallback presentation compiler.
2026.05.16 00:04:06 INFO  no build target found for C:\Users\Emi\Pictures\Documents\botondepanico\src\main\java\botondepanico\repository\EmergenciaRepository.java. Using fallback presentation compiler.
2026.05.16 00:04:45 INFO  no build target found for C:\Users\Emi\Pictures\Documents\botondepanico\src\main\java\botondepanico\service\EmailService.java. Using fallback presentation compiler.
2026.05.16 00:04:45 WARN  no build target for: C:\Users\Emi\Pictures\Documents\botondepanico\src\main\java\botondepanico\service\EmailService.java
2026.05.16 00:04:45 INFO  no build target found for C:\Users\Emi\Pictures\Documents\botondepanico\src\main\java\botondepanico\service\EmailService.java. Using fallback presentation compiler.
2026.05.16 00:04:45 INFO  no build target found for C:\Users\Emi\Pictures\Documents\botondepanico\src\main\java\botondepanico\service\EmailService.java. Using fallback presentation compiler.
2026.05.16 00:04:45 INFO  no build target found for C:\Users\Emi\Pictures\Documents\botondepanico\src\main\java\botondepanico\service\EmailService.java. Using fallback presentation compiler.
2026.05.16 00:04:45 INFO  no build target found for C:\Users\Emi\Pictures\Documents\botondepanico\src\main\java\botondepanico\service\EmailService.java. Using fallback presentation compiler.
2026.05.16 00:04:50 INFO  no build target found for C:\Users\Emi\Pictures\Documents\botondepanico\src\main\java\botondepanico\service\EmailService.java. Using fallback presentation compiler.
2026.05.16 00:04:56 INFO  no build target found for C:\Users\Emi\Pictures\Documents\botondepanico\src\main\java\botondepanico\service\EmailService.java. Using fallback presentation compiler.
2026.05.16 00:04:57 INFO  no build target found for C:\Users\Emi\Pictures\Documents\botondepanico\src\main\java\botondepanico\service\EmailService.java. Using fallback presentation compiler.
2026.05.16 00:04:57 INFO  no build target found for C:\Users\Emi\Pictures\Documents\botondepanico\src\main\java\botondepanico\service\EmailService.java. Using fallback presentation compiler.
2026.05.16 00:05:00 INFO  no build target found for C:\Users\Emi\Pictures\Documents\botondepanico\src\main\java\botondepanico\service\EmailService.java. Using fallback presentation compiler.
2026.05.16 00:05:00 INFO  no build target found for C:\Users\Emi\Pictures\Documents\botondepanico\src\main\java\botondepanico\service\EmailService.java. Using fallback presentation compiler.
2026.05.16 00:05:01 INFO  no build target found for C:\Users\Emi\Pictures\Documents\botondepanico\src\main\java\botondepanico\service\EmailService.java. Using fallback presentation compiler.
2026.05.16 00:05:02 INFO  no build target found for C:\Users\Emi\Pictures\Documents\botondepanico\src\main\java\botondepanico\service\EmailService.java. Using fallback presentation compiler.
2026.05.16 00:05:02 INFO  no build target found for C:\Users\Emi\Pictures\Documents\botondepanico\src\main\java\botondepanico\service\EmailService.java. Using fallback presentation compiler.
2026.05.16 00:05:02 INFO  no build target found for C:\Users\Emi\Pictures\Documents\botondepanico\src\main\java\botondepanico\service\EmailService.java. Using fallback presentation compiler.
2026.05.16 00:05:03 WARN  no build target for: C:\Users\Emi\Pictures\Documents\botondepanico\src\main\java\botondepanico\service\EmailService.java
2026.05.16 00:05:03 INFO  no build target found for C:\Users\Emi\Pictures\Documents\botondepanico\src\main\java\botondepanico\service\EmailService.java. Using fallback presentation compiler.
2026.05.16 00:05:03 INFO  no build target found for C:\Users\Emi\Pictures\Documents\botondepanico\src\main\java\botondepanico\service\EmailService.java. Using fallback presentation compiler.
2026.05.16 00:05:04 INFO  no build target found for C:\Users\Emi\Pictures\Documents\botondepanico\src\main\java\botondepanico\service\EmailService.java. Using fallback presentation compiler.
2026.05.16 00:13:05 INFO  no build target found for C:\Users\Emi\Pictures\Documents\botondepanico\src\main\java\botondepanico\service\EmergenciaService.java. Using fallback presentation compiler.
2026.05.16 00:13:07 INFO  no build target found for C:\Users\Emi\Pictures\Documents\botondepanico\src\main\java\botondepanico\service\EmergenciaService.java. Using fallback presentation compiler.
2026.05.16 00:13:07 INFO  no build target found for C:\Users\Emi\Pictures\Documents\botondepanico\src\main\java\botondepanico\service\EmergenciaService.java. Using fallback presentation compiler.
may. 16, 2026 12:13:07 A. M. org.eclipse.lsp4j.jsonrpc.RemoteEndpoint handleCancellation
WARNING: Unmatched cancel notification for request id 663
2026.05.16 00:13:07 INFO  no build target found for C:\Users\Emi\Pictures\Documents\botondepanico\src\main\java\botondepanico\service\EmergenciaService.java. Using fallback presentation compiler.
2026.05.16 00:13:09 INFO  no build target found for C:\Users\Emi\Pictures\Documents\botondepanico\src\main\java\botondepanico\service\EmergenciaService.java. Using fallback presentation compiler.
2026.05.16 00:13:34 INFO  no build target found for C:\Users\Emi\Pictures\Documents\botondepanico\src\main\java\botondepanico\controller\EmergenciaController.java. Using fallback presentation compiler.
2026.05.16 00:13:34 INFO  no build target found for C:\Users\Emi\Pictures\Documents\botondepanico\src\main\java\botondepanico\controller\EmergenciaController.java. Using fallback presentation compiler.
2026.05.16 00:13:34 INFO  no build target found for C:\Users\Emi\Pictures\Documents\botondepanico\src\main\java\botondepanico\controller\EmergenciaController.java. Using fallback presentation compiler.
2026.05.16 00:13:34 INFO  no build target found for C:\Users\Emi\Pictures\Documents\botondepanico\src\main\java\botondepanico\controller\EmergenciaController.java. Using fallback presentation compiler.
2026.05.16 00:13:35 INFO  no build target found for C:\Users\Emi\Pictures\Documents\botondepanico\src\main\java\botondepanico\controller\EmergenciaController.java. Using fallback presentation compiler.
2026.05.16 00:15:56 INFO  no build target found for C:\Users\Emi\Pictures\Documents\botondepanico\src\main\java\botondepanico\controller\EmergenciaController.java. Using fallback presentation compiler.
2026.05.16 00:15:56 INFO  no build target found for C:\Users\Emi\Pictures\Documents\botondepanico\src\main\java\botondepanico\controller\EmergenciaController.java. Using fallback presentation compiler.
2026.05.16 00:15:57 WARN  no build target for: C:\Users\Emi\Pictures\Documents\botondepanico\src\main\java\botondepanico\controller\EmergenciaController.java
may. 16, 2026 12:15:57 A. M. org.eclipse.lsp4j.jsonrpc.RemoteEndpoint handleCancellation
WARNING: Unmatched cancel notification for request id 691
may. 16, 2026 12:15:57 A. M. org.eclipse.lsp4j.jsonrpc.RemoteEndpoint handleCancellation
WARNING: Unmatched cancel notification for request id 693
2026.05.16 00:15:56 INFO  no build target found for C:\Users\Emi\Pictures\Documents\botondepanico\src\main\java\botondepanico\controller\EmergenciaController.java. Using fallback presentation compiler.
2026.05.16 00:15:57 INFO  no build target found for C:\Users\Emi\Pictures\Documents\botondepanico\src\main\java\botondepanico\controller\EmergenciaController.java. Using fallback presentation compiler.
2026.05.16 00:15:57 INFO  no build target found for C:\Users\Emi\Pictures\Documents\botondepanico\src\main\java\botondepanico\controller\EmergenciaController.java. Using fallback presentation compiler.
2026.05.16 00:16:06 INFO  no build target found for C:\Users\Emi\Pictures\Documents\botondepanico\src\main\java\botondepanico\controller\EmergenciaController.java. Using fallback presentation compiler.
2026.05.16 00:16:06 INFO  no build target found for C:\Users\Emi\Pictures\Documents\botondepanico\src\main\java\botondepanico\controller\EmergenciaController.java. Using fallback presentation compiler.
2026.05.16 00:16:06 INFO  no build target found for C:\Users\Emi\Pictures\Documents\botondepanico\src\main\java\botondepanico\controller\EmergenciaController.java. Using fallback presentation compiler.
2026.05.16 00:16:07 INFO  no build target found for C:\Users\Emi\Pictures\Documents\botondepanico\src\main\java\botondepanico\controller\EmergenciaController.java. Using fallback presentation compiler.
2026.05.16 00:16:08 INFO  no build target found for C:\Users\Emi\Pictures\Documents\botondepanico\src\main\java\botondepanico\controller\EmergenciaController.java. Using fallback presentation compiler.
2026.05.16 00:16:08 INFO  no build target found for C:\Users\Emi\Pictures\Documents\botondepanico\src\main\java\botondepanico\controller\EmergenciaController.java. Using fallback presentation compiler.
2026.05.16 00:16:08 INFO  no build target found for C:\Users\Emi\Pictures\Documents\botondepanico\src\main\java\botondepanico\controller\EmergenciaController.java. Using fallback presentation compiler.
2026.05.16 00:16:08 INFO  no build target found for C:\Users\Emi\Pictures\Documents\botondepanico\src\main\java\botondepanico\controller\EmergenciaController.java. Using fallback presentation compiler.
2026.05.16 00:16:09 WARN  no build target for: C:\Users\Emi\Pictures\Documents\botondepanico\src\main\java\botondepanico\controller\EmergenciaController.java
2026.05.16 00:16:09 INFO  no build target found for C:\Users\Emi\Pictures\Documents\botondepanico\src\main\java\botondepanico\controller\EmergenciaController.java. Using fallback presentation compiler.
2026.05.16 00:16:12 INFO  no build target found for C:\Users\Emi\Pictures\Documents\botondepanico\src\main\java\botondepanico\controller\EmergenciaController.java. Using fallback presentation compiler.
2026.05.16 00:16:12 INFO  no build target found for C:\Users\Emi\Pictures\Documents\botondepanico\src\main\java\botondepanico\controller\EmergenciaController.java. Using fallback presentation compiler.
2026.05.16 00:16:13 INFO  no build target found for C:\Users\Emi\Pictures\Documents\botondepanico\src\main\java\botondepanico\controller\EmergenciaController.java. Using fallback presentation compiler.
may. 16, 2026 12:16:13 A. M. org.eclipse.lsp4j.jsonrpc.RemoteEndpoint handleCancellation
WARNING: Unmatched cancel notification for request id 720
may. 16, 2026 12:16:13 A. M. org.eclipse.lsp4j.jsonrpc.RemoteEndpoint handleCancellation
WARNING: Unmatched cancel notification for request id 721
2026.05.16 00:16:13 INFO  no build target found for C:\Users\Emi\Pictures\Documents\botondepanico\src\main\java\botondepanico\controller\EmergenciaController.java. Using fallback presentation compiler.
2026.05.16 00:16:13 INFO  no build target found for C:\Users\Emi\Pictures\Documents\botondepanico\src\main\java\botondepanico\controller\EmergenciaController.java. Using fallback presentation compiler.
2026.05.16 00:16:13 INFO  no build target found for C:\Users\Emi\Pictures\Documents\botondepanico\src\main\java\botondepanico\controller\EmergenciaController.java. Using fallback presentation compiler.
may. 16, 2026 12:16:14 A. M. org.eclipse.lsp4j.jsonrpc.RemoteEndpoint handleCancellation
WARNING: Unmatched cancel notification for request id 723
2026.05.16 00:16:13 INFO  no build target found for C:\Users\Emi\Pictures\Documents\botondepanico\src\main\java\botondepanico\controller\EmergenciaController.java. Using fallback presentation compiler.
2026.05.16 00:16:15 INFO  no build target found for C:\Users\Emi\Pictures\Documents\botondepanico\src\main\java\botondepanico\controller\EmergenciaController.java. Using fallback presentation compiler.
2026.05.16 00:16:15 INFO  no build target found for C:\Users\Emi\Pictures\Documents\botondepanico\src\main\java\botondepanico\controller\EmergenciaController.java. Using fallback presentation compiler.
2026.05.16 00:16:15 INFO  no build target found for C:\Users\Emi\Pictures\Documents\botondepanico\src\main\java\botondepanico\controller\EmergenciaController.java. Using fallback presentation compiler.
may. 16, 2026 12:16:15 A. M. org.eclipse.lsp4j.jsonrpc.RemoteEndpoint handleCancellation
WARNING: Unmatched cancel notification for request id 727
2026.05.16 00:16:15 INFO  no build target found for C:\Users\Emi\Pictures\Documents\botondepanico\src\main\java\botondepanico\controller\EmergenciaController.java. Using fallback presentation compiler.
2026.05.16 00:16:16 INFO  no build target found for C:\Users\Emi\Pictures\Documents\botondepanico\src\main\java\botondepanico\controller\EmergenciaController.java. Using fallback presentation compiler.
2026.05.16 00:17:16 INFO  no build target found for C:\Users\Emi\Pictures\Documents\botondepanico\src\main\java\botondepanico\controller\EmergenciaController.java. Using fallback presentation compiler.
2026.05.16 00:17:23 INFO  no build target found for C:\Users\Emi\Pictures\Documents\botondepanico\src\main\java\botondepanico\model\Emergencia.java. Using fallback presentation compiler.
2026.05.16 00:17:23 WARN  no build target for: C:\Users\Emi\Pictures\Documents\botondepanico\src\main\java\botondepanico\model\Emergencia.java
2026.05.16 00:17:23 INFO  no build target found for C:\Users\Emi\Pictures\Documents\botondepanico\src\main\java\botondepanico\model\Emergencia.java. Using fallback presentation compiler.
may. 16, 2026 12:17:23 A. M. org.eclipse.lsp4j.jsonrpc.RemoteEndpoint handleCancellation
WARNING: Unmatched cancel notification for request id 733
may. 16, 2026 12:17:23 A. M. org.eclipse.lsp4j.jsonrpc.RemoteEndpoint handleCancellation
WARNING: Unmatched cancel notification for request id 734
2026.05.16 00:17:23 INFO  no build target found for C:\Users\Emi\Pictures\Documents\botondepanico\src\main\java\botondepanico\model\Emergencia.java. Using fallback presentation compiler.
2026.05.16 00:17:24 INFO  no build target found for C:\Users\Emi\Pictures\Documents\botondepanico\src\main\java\botondepanico\model\Emergencia.java. Using fallback presentation compiler.
2026.05.16 00:17:23 INFO  no build target found for C:\Users\Emi\Pictures\Documents\botondepanico\src\main\java\botondepanico\model\Emergencia.java. Using fallback presentation compiler.
2026.05.16 00:17:28 INFO  no build target found for C:\Users\Emi\Pictures\Documents\botondepanico\src\main\java\botondepanico\model\Emergencia.java. Using fallback presentation compiler.
2026.05.16 00:17:29 INFO  no build target found for C:\Users\Emi\Pictures\Documents\botondepanico\src\main\java\botondepanico\model\Emergencia.java. Using fallback presentation compiler.
2026.05.16 00:17:31 INFO  no build target found for C:\Users\Emi\Pictures\Documents\botondepanico\src\main\java\botondepanico\controller\EmergenciaController.java. Using fallback presentation compiler.
2026.05.16 00:17:31 WARN  no build target for: C:\Users\Emi\Pictures\Documents\botondepanico\src\main\java\botondepanico\controller\EmergenciaController.java
2026.05.16 00:17:31 INFO  no build target found for C:\Users\Emi\Pictures\Documents\botondepanico\src\main\java\botondepanico\controller\EmergenciaController.java. Using fallback presentation compiler.
may. 16, 2026 12:17:31 A. M. org.eclipse.lsp4j.jsonrpc.RemoteEndpoint handleCancellation
WARNING: Unmatched cancel notification for request id 746
2026.05.16 00:17:31 INFO  no build target found for C:\Users\Emi\Pictures\Documents\botondepanico\src\main\java\botondepanico\controller\EmergenciaController.java. Using fallback presentation compiler.
2026.05.16 00:17:31 INFO  no build target found for C:\Users\Emi\Pictures\Documents\botondepanico\src\main\java\botondepanico\controller\EmergenciaController.java. Using fallback presentation compiler.
2026.05.16 00:17:32 INFO  no build target found for C:\Users\Emi\Pictures\Documents\botondepanico\src\main\java\botondepanico\controller\EmergenciaController.java. Using fallback presentation compiler.
2026.05.16 00:17:31 INFO  no build target found for C:\Users\Emi\Pictures\Documents\botondepanico\src\main\java\botondepanico\controller\EmergenciaController.java. Using fallback presentation compiler.
2026.05.16 00:17:33 INFO  no build target found for C:\Users\Emi\Pictures\Documents\botondepanico\src\main\java\botondepanico\controller\EmergenciaController.java. Using fallback presentation compiler.
2026.05.16 00:17:38 INFO  no build target found for C:\Users\Emi\Pictures\Documents\botondepanico\src\main\java\botondepanico\controller\EmergenciaController.java. Using fallback presentation compiler.
2026.05.16 00:17:38 INFO  no build target found for C:\Users\Emi\Pictures\Documents\botondepanico\src\main\java\botondepanico\controller\EmergenciaController.java. Using fallback presentation compiler.
2026.05.16 00:17:43 INFO  no build target found for C:\Users\Emi\Pictures\Documents\botondepanico\src\main\java\botondepanico\controller\EmergenciaController.java. Using fallback presentation compiler.
2026.05.16 00:17:50 INFO  no build target found for C:\Users\Emi\Pictures\Documents\botondepanico\src\main\java\botondepanico\controller\EmergenciaController.java. Using fallback presentation compiler.
2026.05.16 00:17:51 INFO  no build target found for C:\Users\Emi\Pictures\Documents\botondepanico\src\main\java\botondepanico\controller\EmergenciaController.java. Using fallback presentation compiler.
2026.05.16 00:17:51 INFO  no build target found for C:\Users\Emi\Pictures\Documents\botondepanico\src\main\java\botondepanico\controller\EmergenciaController.java. Using fallback presentation compiler.
2026.05.16 00:17:54 INFO  no build target found for C:\Users\Emi\Pictures\Documents\botondepanico\src\main\java\botondepanico\service\EmergenciaService.java. Using fallback presentation compiler.
2026.05.16 00:17:54 INFO  no build target found for C:\Users\Emi\Pictures\Documents\botondepanico\src\main\java\botondepanico\controller\EmergenciaController.java. Using fallback presentation compiler.
2026.05.16 00:17:54 INFO  no build target found for C:\Users\Emi\Pictures\Documents\botondepanico\src\main\java\botondepanico\controller\EmergenciaController.java. Using fallback presentation compiler.
2026.05.16 00:17:54 INFO  no build target found for C:\Users\Emi\Pictures\Documents\botondepanico\src\main\java\botondepanico\controller\EmergenciaController.java. Using fallback presentation compiler.
2026.05.16 00:17:56 INFO  no build target found for C:\Users\Emi\Pictures\Documents\botondepanico\src\main\java\botondepanico\controller\EmergenciaController.java. Using fallback presentation compiler.
2026.05.16 00:18:05 INFO  no build target found for C:\Users\Emi\Pictures\Documents\botondepanico\src\main\java\botondepanico\controller\EmergenciaController.java. Using fallback presentation compiler.
2026.05.16 00:19:17 INFO  no build target found for C:\Users\Emi\Pictures\Documents\botondepanico\src\main\java\botondepanico\controller\AuthController.java. Using fallback presentation compiler.
2026.05.16 00:19:17 WARN  no build target for: C:\Users\Emi\Pictures\Documents\botondepanico\src\main\java\botondepanico\controller\AuthController.java
may. 16, 2026 12:19:17 A. M. org.eclipse.lsp4j.jsonrpc.RemoteEndpoint handleCancellation
WARNING: Unmatched cancel notification for request id 778
2026.05.16 00:19:17 INFO  no build target found for C:\Users\Emi\Pictures\Documents\botondepanico\src\main\java\botondepanico\controller\AuthController.java. Using fallback presentation compiler.
2026.05.16 00:19:17 INFO  no build target found for C:\Users\Emi\Pictures\Documents\botondepanico\src\main\java\botondepanico\controller\AuthController.java. Using fallback presentation compiler.
2026.05.16 00:19:18 INFO  no build target found for C:\Users\Emi\Pictures\Documents\botondepanico\src\main\java\botondepanico\controller\AuthController.java. Using fallback presentation compiler.
2026.05.16 00:19:18 INFO  no build target found for C:\Users\Emi\Pictures\Documents\botondepanico\src\main\java\botondepanico\controller\AuthController.java. Using fallback presentation compiler.
2026.05.16 00:19:19 INFO  no build target found for C:\Users\Emi\Pictures\Documents\botondepanico\src\main\java\botondepanico\controller\AuthController.java. Using fallback presentation compiler.
2026.05.16 00:19:19 INFO  no build target found for C:\Users\Emi\Pictures\Documents\botondepanico\src\main\java\botondepanico\controller\AuthController.java. Using fallback presentation compiler.
2026.05.16 00:19:20 INFO  no build target found for C:\Users\Emi\Pictures\Documents\botondepanico\src\main\java\botondepanico\controller\AuthController.java. Using fallback presentation compiler.
2026.05.16 00:19:22 INFO  no build target found for C:\Users\Emi\Pictures\Documents\botondepanico\src\main\java\botondepanico\controller\AuthController.java. Using fallback presentation compiler.
2026.05.16 00:19:22 INFO  no build target found for C:\Users\Emi\Pictures\Documents\botondepanico\src\main\java\botondepanico\controller\AuthController.java. Using fallback presentation compiler.
2026.05.16 00:19:46 INFO  no build target found for C:\Users\Emi\Pictures\Documents\botondepanico\src\main\java\botondepanico\controller\AuthController.java. Using fallback presentation compiler.
2026.05.16 00:19:46 INFO  no build target found for C:\Users\Emi\Pictures\Documents\botondepanico\src\main\java\botondepanico\controller\AuthController.java. Using fallback presentation compiler.
2026.05.16 00:19:48 INFO  no build target found for C:\Users\Emi\Pictures\Documents\botondepanico\src\main\java\botondepanico\controller\AuthController.java. Using fallback presentation compiler.
2026.05.16 00:19:50 INFO  no build target found for C:\Users\Emi\Pictures\Documents\botondepanico\src\main\java\botondepanico\controller\AuthController.java. Using fallback presentation compiler.
2026.05.16 00:19:50 INFO  no build target found for C:\Users\Emi\Pictures\Documents\botondepanico\src\main\java\botondepanico\controller\AuthController.java. Using fallback presentation compiler.
2026.05.16 00:19:50 INFO  no build target found for C:\Users\Emi\Pictures\Documents\botondepanico\src\main\java\botondepanico\controller\AuthController.java. Using fallback presentation compiler.
2026.05.16 00:19:50 WARN  no build target for: C:\Users\Emi\Pictures\Documents\botondepanico\src\main\java\botondepanico\controller\AuthController.java
2026.05.16 00:19:51 INFO  no build target found for C:\Users\Emi\Pictures\Documents\botondepanico\src\main\java\botondepanico\controller\AuthController.java. Using fallback presentation compiler.
2026.05.16 00:19:51 INFO  no build target found for C:\Users\Emi\Pictures\Documents\botondepanico\src\main\java\botondepanico\controller\AuthController.java. Using fallback presentation compiler.
2026.05.16 00:19:53 INFO  no build target found for C:\Users\Emi\Pictures\Documents\botondepanico\src\main\java\botondepanico\controller\AuthController.java. Using fallback presentation compiler.
2026.05.16 00:20:08 INFO  no build target found for C:\Users\Emi\Pictures\Documents\botondepanico\src\main\java\botondepanico\service\UsuarioService.java. Using fallback presentation compiler.
2026.05.16 00:20:08 INFO  no build target found for C:\Users\Emi\Pictures\Documents\botondepanico\src\main\java\botondepanico\service\UsuarioService.java. Using fallback presentation compiler.
may. 16, 2026 12:20:08 A. M. org.eclipse.lsp4j.jsonrpc.RemoteEndpoint handleCancellation
WARNING: Unmatched cancel notification for request id 818
may. 16, 2026 12:20:08 A. M. org.eclipse.lsp4j.jsonrpc.RemoteEndpoint handleCancellation
WARNING: Unmatched cancel notification for request id 820
2026.05.16 00:20:08 INFO  no build target found for C:\Users\Emi\Pictures\Documents\botondepanico\src\main\java\botondepanico\service\UsuarioService.java. Using fallback presentation compiler.
2026.05.16 00:20:08 INFO  no build target found for C:\Users\Emi\Pictures\Documents\botondepanico\src\main\java\botondepanico\service\UsuarioService.java. Using fallback presentation compiler.
2026.05.16 00:20:09 INFO  no build target found for C:\Users\Emi\Pictures\Documents\botondepanico\src\main\java\botondepanico\service\UsuarioService.java. Using fallback presentation compiler.
2026.05.16 00:20:10 INFO  no build target found for C:\Users\Emi\Pictures\Documents\botondepanico\src\main\java\botondepanico\service\UsuarioService.java. Using fallback presentation compiler.
2026.05.16 00:20:10 INFO  no build target found for C:\Users\Emi\Pictures\Documents\botondepanico\src\main\java\botondepanico\service\UsuarioService.java. Using fallback presentation compiler.
may. 16, 2026 12:20:11 A. M. org.eclipse.lsp4j.jsonrpc.RemoteEndpoint handleCancellation
WARNING: Unmatched cancel notification for request id 828
2026.05.16 00:20:10 INFO  no build target found for C:\Users\Emi\Pictures\Documents\botondepanico\src\main\java\botondepanico\service\UsuarioService.java. Using fallback presentation compiler.
may. 16, 2026 12:20:11 A. M. org.eclipse.lsp4j.jsonrpc.RemoteEndpoint handleCancellation
WARNING: Unmatched cancel notification for request id 830
2026.05.16 00:20:13 INFO  no build target found for C:\Users\Emi\Pictures\Documents\botondepanico\src\main\java\botondepanico\service\UsuarioService.java. Using fallback presentation compiler.
2026.05.16 00:20:13 INFO  no build target found for C:\Users\Emi\Pictures\Documents\botondepanico\src\main\java\botondepanico\service\UsuarioService.java. Using fallback presentation compiler.
2026.05.16 00:20:36 INFO  no build target found for C:\Users\Emi\Pictures\Documents\botondepanico\src\main\java\botondepanico\service\UsuarioService.java. Using fallback presentation compiler.
2026.05.16 00:20:36 INFO  no build target found for C:\Users\Emi\Pictures\Documents\botondepanico\src\main\java\botondepanico\service\UsuarioService.java. Using fallback presentation compiler.
2026.05.16 00:20:37 INFO  no build target found for C:\Users\Emi\Pictures\Documents\botondepanico\src\main\java\botondepanico\service\UsuarioService.java. Using fallback presentation compiler.
2026.05.16 00:20:37 INFO  no build target found for C:\Users\Emi\Pictures\Documents\botondepanico\src\main\java\botondepanico\service\UsuarioService.java. Using fallback presentation compiler.
2026.05.16 00:20:37 INFO  no build target found for C:\Users\Emi\Pictures\Documents\botondepanico\src\main\java\botondepanico\service\UsuarioService.java. Using fallback presentation compiler.
2026.05.16 00:20:38 WARN  no build target for: C:\Users\Emi\Pictures\Documents\botondepanico\src\main\java\botondepanico\service\UsuarioService.java
2026.05.16 00:20:38 INFO  no build target found for C:\Users\Emi\Pictures\Documents\botondepanico\src\main\java\botondepanico\service\UsuarioService.java. Using fallback presentation compiler.
2026.05.16 00:20:40 INFO  no build target found for C:\Users\Emi\Pictures\Documents\botondepanico\src\main\java\botondepanico\service\UsuarioService.java. Using fallback presentation compiler.
2026.05.16 00:20:50 INFO  no build target found for C:\Users\Emi\Pictures\Documents\botondepanico\src\main\java\botondepanico\controller\HomeController.java. Using fallback presentation compiler.
2026.05.16 00:20:50 WARN  no build target for: C:\Users\Emi\Pictures\Documents\botondepanico\src\main\java\botondepanico\controller\HomeController.java
2026.05.16 00:20:50 INFO  no build target found for C:\Users\Emi\Pictures\Documents\botondepanico\src\main\java\botondepanico\controller\HomeController.java. Using fallback presentation compiler.
2026.05.16 00:20:50 INFO  no build target found for C:\Users\Emi\Pictures\Documents\botondepanico\src\main\java\botondepanico\controller\HomeController.java. Using fallback presentation compiler.
may. 16, 2026 12:20:50 A. M. org.eclipse.lsp4j.jsonrpc.RemoteEndpoint handleCancellation
WARNING: Unmatched cancel notification for request id 856
2026.05.16 00:20:50 INFO  no build target found for C:\Users\Emi\Pictures\Documents\botondepanico\src\main\java\botondepanico\controller\HomeController.java. Using fallback presentation compiler.
may. 16, 2026 12:20:50 A. M. org.eclipse.lsp4j.jsonrpc.RemoteEndpoint handleCancellation
WARNING: Unmatched cancel notification for request id 861
2026.05.16 00:20:50 INFO  no build target found for C:\Users\Emi\Pictures\Documents\botondepanico\src\main\java\botondepanico\controller\HomeController.java. Using fallback presentation compiler.
2026.05.16 00:20:50 INFO  no build target found for C:\Users\Emi\Pictures\Documents\botondepanico\src\main\java\botondepanico\controller\HomeController.java. Using fallback presentation compiler.
2026.05.16 00:20:50 INFO  no build target found for C:\Users\Emi\Pictures\Documents\botondepanico\src\main\java\botondepanico\controller\HomeController.java. Using fallback presentation compiler.
2026.05.16 00:20:51 INFO  no build target found for C:\Users\Emi\Pictures\Documents\botondepanico\src\main\java\botondepanico\controller\HomeController.java. Using fallback presentation compiler.
2026.05.16 00:21:19 INFO  no build target found for C:\Users\Emi\Pictures\Documents\botondepanico\src\main\java\botondepanico\controller\HomeController.java. Using fallback presentation compiler.
2026.05.16 00:21:19 INFO  no build target found for C:\Users\Emi\Pictures\Documents\botondepanico\src\main\java\botondepanico\controller\HomeController.java. Using fallback presentation compiler.
2026.05.16 00:21:20 INFO  no build target found for C:\Users\Emi\Pictures\Documents\botondepanico\src\main\java\botondepanico\controller\HomeController.java. Using fallback presentation compiler.
2026.05.16 00:21:19 INFO  no build target found for C:\Users\Emi\Pictures\Documents\botondepanico\src\main\java\botondepanico\controller\HomeController.java. Using fallback presentation compiler.
2026.05.16 00:21:21 WARN  no build target for: C:\Users\Emi\Pictures\Documents\botondepanico\src\main\java\botondepanico\controller\HomeController.java
2026.05.16 00:21:21 INFO  no build target found for C:\Users\Emi\Pictures\Documents\botondepanico\src\main\java\botondepanico\controller\HomeController.java. Using fallback presentation compiler.
2026.05.16 00:21:23 INFO  no build target found for C:\Users\Emi\Pictures\Documents\botondepanico\src\main\java\botondepanico\controller\HomeController.java. Using fallback presentation compiler.
2026.05.16 00:21:44 INFO  no build target found for C:\Users\Emi\Pictures\Documents\botondepanico\src\main\java\botondepanico\config\SecurityConfig.java. Using fallback presentation compiler.
2026.05.16 00:21:44 WARN  no build target for: C:\Users\Emi\Pictures\Documents\botondepanico\src\main\java\botondepanico\config\SecurityConfig.java
2026.05.16 00:21:44 INFO  no build target found for C:\Users\Emi\Pictures\Documents\botondepanico\src\main\java\botondepanico\config\SecurityConfig.java. Using fallback presentation compiler.
2026.05.16 00:21:44 INFO  no build target found for C:\Users\Emi\Pictures\Documents\botondepanico\src\main\java\botondepanico\config\SecurityConfig.java. Using fallback presentation compiler.
2026.05.16 00:21:44 INFO  no build target found for C:\Users\Emi\Pictures\Documents\botondepanico\src\main\java\botondepanico\config\SecurityConfig.java. Using fallback presentation compiler.
2026.05.16 00:21:49 INFO  no build target found for C:\Users\Emi\Pictures\Documents\botondepanico\src\main\java\botondepanico\config\SecurityConfig.java. Using fallback presentation compiler.
2026.05.16 00:21:49 INFO  no build target found for C:\Users\Emi\Pictures\Documents\botondepanico\src\main\java\botondepanico\config\SecurityConfig.java. Using fallback presentation compiler.
2026.05.16 00:22:51 INFO  no build target found for C:\Users\Emi\Pictures\Documents\botondepanico\src\main\java\botondepanico\config\SecurityConfig.java. Using fallback presentation compiler.
2026.05.16 00:22:52 INFO  no build target found for C:\Users\Emi\Pictures\Documents\botondepanico\src\main\java\botondepanico\config\SecurityConfig.java. Using fallback presentation compiler.
2026.05.16 00:22:52 INFO  no build target found for C:\Users\Emi\Pictures\Documents\botondepanico\src\main\java\botondepanico\config\SecurityConfig.java. Using fallback presentation compiler.
2026.05.16 00:22:52 INFO  no build target found for C:\Users\Emi\Pictures\Documents\botondepanico\src\main\java\botondepanico\config\SecurityConfig.java. Using fallback presentation compiler.
2026.05.16 00:22:52 INFO  no build target found for C:\Users\Emi\Pictures\Documents\botondepanico\src\main\java\botondepanico\config\SecurityConfig.java. Using fallback presentation compiler.
2026.05.16 00:22:52 INFO  no build target found for C:\Users\Emi\Pictures\Documents\botondepanico\src\main\java\botondepanico\config\SecurityConfig.java. Using fallback presentation compiler.
2026.05.16 00:22:54 WARN  no build target for: C:\Users\Emi\Pictures\Documents\botondepanico\src\main\java\botondepanico\config\SecurityConfig.java
2026.05.16 00:22:54 INFO  no build target found for C:\Users\Emi\Pictures\Documents\botondepanico\src\main\java\botondepanico\config\SecurityConfig.java. Using fallback presentation compiler.
2026.05.16 00:22:54 INFO  no build target found for C:\Users\Emi\Pictures\Documents\botondepanico\src\main\java\botondepanico\config\SecurityConfig.java. Using fallback presentation compiler.
2026.05.16 00:22:56 INFO  no build target found for c:\Users\Emi\Pictures\Documents\botondepanico\src\main\java\botondepanico\config\SecurityConfig.java. Using fallback presentation compiler.
2026.05.16 00:22:57 INFO  no build target found for C:\Users\Emi\Pictures\Documents\botondepanico\src\main\java\botondepanico\config\AuthController.java. Using fallback presentation compiler.
may. 16, 2026 12:22:57 A. M. org.eclipse.lsp4j.jsonrpc.RemoteEndpoint handleCancellation
WARNING: Unmatched cancel notification for request id 926
2026.05.16 00:22:57 INFO  no build target found for C:\Users\Emi\Pictures\Documents\botondepanico\src\main\java\botondepanico\config\AuthController.java. Using fallback presentation compiler.
2026.05.16 00:22:58 INFO  no build target found for C:\Users\Emi\Pictures\Documents\botondepanico\src\main\java\botondepanico\config\AuthController.java. Using fallback presentation compiler.
2026.05.16 00:22:57 INFO  no build target found for C:\Users\Emi\Pictures\Documents\botondepanico\src\main\java\botondepanico\config\AuthController.java. Using fallback presentation compiler.
may. 16, 2026 12:22:58 A. M. org.eclipse.lsp4j.jsonrpc.RemoteEndpoint handleCancellation
WARNING: Unmatched cancel notification for request id 928
2026.05.16 00:23:01 INFO  no build target found for C:\Users\Emi\Pictures\Documents\botondepanico\src\main\java\botondepanico\config\AuthController.java. Using fallback presentation compiler.
2026.05.16 00:23:03 INFO  no build target found for C:\Users\Emi\Pictures\Documents\botondepanico\src\main\java\botondepanico\config\AuthController.java. Using fallback presentation compiler.
2026.05.16 00:23:03 INFO  no build target found for C:\Users\Emi\Pictures\Documents\botondepanico\src\main\java\botondepanico\config\AuthController.java. Using fallback presentation compiler.
2026.05.16 00:23:03 INFO  no build target found for C:\Users\Emi\Pictures\Documents\botondepanico\src\main\java\botondepanico\config\AuthController.java. Using fallback presentation compiler.
may. 16, 2026 12:23:03 A. M. org.eclipse.lsp4j.jsonrpc.RemoteEndpoint handleCancellation
WARNING: Unmatched cancel notification for request id 938
2026.05.16 00:23:03 INFO  no build target found for C:\Users\Emi\Pictures\Documents\botondepanico\src\main\java\botondepanico\config\AuthController.java. Using fallback presentation compiler.
2026.05.16 00:23:04 INFO  no build target found for C:\Users\Emi\Pictures\Documents\botondepanico\src\main\java\botondepanico\config\AuthController.java. Using fallback presentation compiler.
may. 16, 2026 12:23:05 A. M. org.eclipse.lsp4j.jsonrpc.RemoteEndpoint handleCancellation
WARNING: Unmatched cancel notification for request id 940
may. 16, 2026 12:23:05 A. M. org.eclipse.lsp4j.jsonrpc.RemoteEndpoint handleCancellation
WARNING: Unmatched cancel notification for request id 942
2026.05.16 00:23:05 INFO  no build target found for C:\Users\Emi\Pictures\Documents\botondepanico\src\main\java\botondepanico\config\AuthController.java. Using fallback presentation compiler.
2026.05.16 00:23:05 INFO  no build target found for C:\Users\Emi\Pictures\Documents\botondepanico\src\main\java\botondepanico\config\AuthController.java. Using fallback presentation compiler.
2026.05.16 00:23:07 INFO  no build target found for C:\Users\Emi\Pictures\Documents\botondepanico\src\main\java\botondepanico\config\AuthController.java. Using fallback presentation compiler.
2026.05.16 00:23:07 INFO  no build target found for C:\Users\Emi\Pictures\Documents\botondepanico\src\main\java\botondepanico\config\AuthController.java. Using fallback presentation compiler.
2026.05.16 00:23:09 INFO  no build target found for C:\Users\Emi\Pictures\Documents\botondepanico\src\main\java\botondepanico\config\AuthController.java. Using fallback presentation compiler.
2026.05.16 00:24:42 INFO  no build target found for C:\Users\Emi\Pictures\Documents\botondepanico\src\main\java\botondepanico\config\AuthController.java. Using fallback presentation compiler.
2026.05.16 00:24:43 INFO  no build target found for C:\Users\Emi\Pictures\Documents\botondepanico\src\main\java\botondepanico\config\AuthController.java. Using fallback presentation compiler.
2026.05.16 00:24:43 INFO  no build target found for C:\Users\Emi\Pictures\Documents\botondepanico\src\main\java\botondepanico\config\AuthController.java. Using fallback presentation compiler.
may. 16, 2026 12:24:44 A. M. org.eclipse.lsp4j.jsonrpc.RemoteEndpoint handleCancellation
WARNING: Unmatched cancel notification for request id 953
2026.05.16 00:24:43 INFO  no build target found for C:\Users\Emi\Pictures\Documents\botondepanico\src\main\java\botondepanico\config\AuthController.java. Using fallback presentation compiler.
2026.05.16 00:24:47 INFO  no build target found for C:\Users\Emi\Pictures\Documents\botondepanico\src\main\java\botondepanico\config\AuthController.java. Using fallback presentation compiler.
2026.05.16 00:25:11 INFO  no build target found for C:\Users\Emi\Pictures\Documents\botondepanico\src\main\java\botondepanico\config\AuthController.java. Using fallback presentation compiler.
2026.05.16 00:25:11 INFO  no build target found for C:\Users\Emi\Pictures\Documents\botondepanico\src\main\java\botondepanico\config\AuthController.java. Using fallback presentation compiler.
2026.05.16 00:25:11 INFO  no build target found for C:\Users\Emi\Pictures\Documents\botondepanico\src\main\java\botondepanico\config\AuthController.java. Using fallback presentation compiler.
2026.05.16 00:25:12 INFO  no build target found for C:\Users\Emi\Pictures\Documents\botondepanico\src\main\java\botondepanico\config\AuthController.java. Using fallback presentation compiler.
2026.05.16 00:25:12 INFO  no build target found for C:\Users\Emi\Pictures\Documents\botondepanico\src\main\java\botondepanico\config\AuthController.java. Using fallback presentation compiler.
2026.05.16 00:25:12 INFO  no build target found for C:\Users\Emi\Pictures\Documents\botondepanico\src\main\java\botondepanico\config\AuthController.java. Using fallback presentation compiler.
2026.05.16 00:25:13 WARN  no build target for: C:\Users\Emi\Pictures\Documents\botondepanico\src\main\java\botondepanico\config\AuthController.java
2026.05.16 00:25:13 INFO  no build target found for C:\Users\Emi\Pictures\Documents\botondepanico\src\main\java\botondepanico\config\AuthController.java. Using fallback presentation compiler.
2026.05.16 00:25:13 INFO  no build target found for C:\Users\Emi\Pictures\Documents\botondepanico\src\main\java\botondepanico\config\AuthController.java. Using fallback presentation compiler.
2026.05.16 00:25:13 INFO  no build target found for C:\Users\Emi\Pictures\Documents\botondepanico\src\main\java\botondepanico\config\AuthController.java. Using fallback presentation compiler.
may. 16, 2026 12:25:14 A. M. org.eclipse.lsp4j.jsonrpc.RemoteEndpoint handleCancellation
WARNING: Unmatched cancel notification for request id 975
2026.05.16 00:25:16 INFO  no build target found for C:\Users\Emi\Pictures\Documents\botondepanico\src\main\java\botondepanico\config\AuthController.java. Using fallback presentation compiler.
2026.05.16 00:25:16 INFO  no build target found for C:\Users\Emi\Pictures\Documents\botondepanico\src\main\java\botondepanico\config\AuthController.java. Using fallback presentation compiler.
2026.05.16 00:25:16 INFO  no build target found for C:\Users\Emi\Pictures\Documents\botondepanico\src\main\java\botondepanico\config\AuthController.java. Using fallback presentation compiler.
2026.05.16 00:25:16 INFO  no build target found for C:\Users\Emi\Pictures\Documents\botondepanico\src\main\java\botondepanico\config\AuthController.java. Using fallback presentation compiler.
2026.05.16 00:25:16 INFO  no build target found for C:\Users\Emi\Pictures\Documents\botondepanico\src\main\java\botondepanico\config\AuthController.java. Using fallback presentation compiler.
2026.05.16 00:25:18 INFO  no build target found for C:\Users\Emi\Pictures\Documents\botondepanico\src\main\java\botondepanico\config\AuthController.java. Using fallback presentation compiler.
2026.05.16 00:25:18 INFO  no build target found for C:\Users\Emi\Pictures\Documents\botondepanico\src\main\java\botondepanico\config\AuthController.java. Using fallback presentation compiler.
2026.05.16 00:25:20 INFO  no build target found for C:\Users\Emi\Pictures\Documents\botondepanico\src\main\java\botondepanico\config\AuthController.java. Using fallback presentation compiler.
2026.05.16 00:25:20 INFO  no build target found for C:\Users\Emi\Pictures\Documents\botondepanico\src\main\java\botondepanico\config\AuthController.java. Using fallback presentation compiler.
2026.05.16 00:25:24 INFO  no build target found for C:\Users\Emi\Pictures\Documents\botondepanico\src\main\java\botondepanico\config\AuthController.java. Using fallback presentation compiler.
2026.05.16 00:25:25 INFO  no build target found for C:\Users\Emi\Pictures\Documents\botondepanico\src\main\java\botondepanico\config\AuthController.java. Using fallback presentation compiler.
2026.05.16 00:25:25 INFO  no build target found for C:\Users\Emi\Pictures\Documents\botondepanico\src\main\java\botondepanico\config\AuthController.java. Using fallback presentation compiler.
2026.05.16 00:25:29 INFO  no build target found for C:\Users\Emi\Pictures\Documents\botondepanico\src\main\java\botondepanico\config\AuthController.java. Using fallback presentation compiler.
2026.05.16 00:25:29 INFO  no build target found for C:\Users\Emi\Pictures\Documents\botondepanico\src\main\java\botondepanico\config\AuthController.java. Using fallback presentation compiler.
2026.05.16 00:25:29 INFO  no build target found for C:\Users\Emi\Pictures\Documents\botondepanico\src\main\java\botondepanico\config\AuthController.java. Using fallback presentation compiler.
2026.05.16 00:25:29 INFO  no build target found for C:\Users\Emi\Pictures\Documents\botondepanico\src\main\java\botondepanico\config\AuthController.java. Using fallback presentation compiler.
2026.05.16 00:25:29 INFO  no build target found for C:\Users\Emi\Pictures\Documents\botondepanico\src\main\java\botondepanico\config\AuthController.java. Using fallback presentation compiler.
2026.05.16 00:25:30 INFO  no build target found for C:\Users\Emi\Pictures\Documents\botondepanico\src\main\java\botondepanico\config\AuthController.java. Using fallback presentation compiler.
2026.05.16 00:25:32 INFO  no build target found for C:\Users\Emi\Pictures\Documents\botondepanico\src\main\java\botondepanico\config\AuthController.java. Using fallback presentation compiler.
2026.05.16 00:25:32 INFO  no build target found for C:\Users\Emi\Pictures\Documents\botondepanico\src\main\java\botondepanico\config\AuthController.java. Using fallback presentation compiler.
2026.05.16 00:25:35 INFO  no build target found for C:\Users\Emi\Pictures\Documents\botondepanico\src\main\java\botondepanico\config\AuthController.java. Using fallback presentation compiler.
2026.05.16 00:25:35 INFO  no build target found for C:\Users\Emi\Pictures\Documents\botondepanico\src\main\java\botondepanico\config\AuthController.java. Using fallback presentation compiler.
2026.05.16 00:25:35 INFO  no build target found for C:\Users\Emi\Pictures\Documents\botondepanico\src\main\java\botondepanico\config\AuthController.java. Using fallback presentation compiler.
2026.05.16 00:25:36 INFO  no build target found for C:\Users\Emi\Pictures\Documents\botondepanico\src\main\java\botondepanico\config\AuthController.java. Using fallback presentation compiler.
2026.05.16 00:25:36 WARN  no build target for: C:\Users\Emi\Pictures\Documents\botondepanico\src\main\java\botondepanico\config\AuthController.java
2026.05.16 00:25:36 INFO  no build target found for C:\Users\Emi\Pictures\Documents\botondepanico\src\main\java\botondepanico\config\AuthController.java. Using fallback presentation compiler.
2026.05.16 00:25:37 INFO  no build target found for C:\Users\Emi\Pictures\Documents\botondepanico\src\main\java\botondepanico\config\AuthController.java. Using fallback presentation compiler.
2026.05.16 00:25:40 INFO  no build target found for C:\Users\Emi\Pictures\Documents\botondepanico\src\main\java\botondepanico\controller\AuthController.java. Using fallback presentation compiler.
2026.05.16 00:25:40 WARN  no build target for: C:\Users\Emi\Pictures\Documents\botondepanico\src\main\java\botondepanico\controller\AuthController.java
2026.05.16 00:25:40 INFO  no build target found for C:\Users\Emi\Pictures\Documents\botondepanico\src\main\java\botondepanico\controller\AuthController.java. Using fallback presentation compiler.
2026.05.16 00:25:41 INFO  no build target found for C:\Users\Emi\Pictures\Documents\botondepanico\src\main\java\botondepanico\controller\AuthController.java. Using fallback presentation compiler.
2026.05.16 00:25:40 INFO  no build target found for C:\Users\Emi\Pictures\Documents\botondepanico\src\main\java\botondepanico\controller\AuthController.java. Using fallback presentation compiler.
2026.05.16 00:25:43 INFO  no build target found for C:\Users\Emi\Pictures\Documents\botondepanico\src\main\java\botondepanico\controller\AuthController.java. Using fallback presentation compiler.
2026.05.16 00:25:47 INFO  no build target found for C:\Users\Emi\Pictures\Documents\botondepanico\src\main\java\botondepanico\controller\AuthController.java. Using fallback presentation compiler.
2026.05.16 00:25:47 INFO  no build target found for C:\Users\Emi\Pictures\Documents\botondepanico\src\main\java\botondepanico\controller\AuthController.java. Using fallback presentation compiler.
2026.05.16 00:25:49 INFO  no build target found for C:\Users\Emi\Pictures\Documents\botondepanico\src\main\java\botondepanico\config\AuthController.java. Using fallback presentation compiler.
2026.05.16 00:25:49 WARN  no build target for: C:\Users\Emi\Pictures\Documents\botondepanico\src\main\java\botondepanico\config\AuthController.java
2026.05.16 00:25:49 INFO  no build target found for C:\Users\Emi\Pictures\Documents\botondepanico\src\main\java\botondepanico\config\AuthController.java. Using fallback presentation compiler.
2026.05.16 00:25:49 INFO  no build target found for C:\Users\Emi\Pictures\Documents\botondepanico\src\main\java\botondepanico\config\AuthController.java. Using fallback presentation compiler.
2026.05.16 00:25:49 INFO  no build target found for C:\Users\Emi\Pictures\Documents\botondepanico\src\main\java\botondepanico\config\AuthController.java. Using fallback presentation compiler.
2026.05.16 00:25:52 INFO  no build target found for C:\Users\Emi\Pictures\Documents\botondepanico\src\main\java\botondepanico\config\AuthController.java. Using fallback presentation compiler.
2026.05.16 00:25:52 INFO  no build target found for C:\Users\Emi\Pictures\Documents\botondepanico\src\main\java\botondepanico\config\AuthController.java. Using fallback presentation compiler.
2026.05.16 00:26:16 INFO  no build target found for C:\Users\Emi\Pictures\Documents\botondepanico\src\main\java\botondepanico\config\AuthController.java. Using fallback presentation compiler.
2026.05.16 00:26:16 INFO  no build target found for C:\Users\Emi\Pictures\Documents\botondepanico\src\main\java\botondepanico\config\AuthController.java. Using fallback presentation compiler.
2026.05.16 00:26:16 INFO  no build target found for C:\Users\Emi\Pictures\Documents\botondepanico\src\main\java\botondepanico\config\AuthController.java. Using fallback presentation compiler.
2026.05.16 00:26:17 INFO  no build target found for C:\Users\Emi\Pictures\Documents\botondepanico\src\main\java\botondepanico\config\AuthController.java. Using fallback presentation compiler.
2026.05.16 00:26:17 INFO  no build target found for C:\Users\Emi\Pictures\Documents\botondepanico\src\main\java\botondepanico\config\AuthController.java. Using fallback presentation compiler.
2026.05.16 00:26:17 INFO  no build target found for C:\Users\Emi\Pictures\Documents\botondepanico\src\main\java\botondepanico\config\AuthController.java. Using fallback presentation compiler.
2026.05.16 00:26:18 WARN  no build target for: C:\Users\Emi\Pictures\Documents\botondepanico\src\main\java\botondepanico\config\AuthController.java
2026.05.16 00:26:18 INFO  no build target found for C:\Users\Emi\Pictures\Documents\botondepanico\src\main\java\botondepanico\config\AuthController.java. Using fallback presentation compiler.
2026.05.16 00:26:17 INFO  no build target found for c:\Users\Emi\Pictures\Documents\botondepanico\src\main\java\botondepanico\config\AuthController.java. Using fallback presentation compiler.
2026.05.16 00:26:19 INFO  no build target found for C:\Users\Emi\Pictures\Documents\botondepanico\src\main\java\botondepanico\config\SecurityConfig.java. Using fallback presentation compiler.
may. 16, 2026 12:26:19 A. M. org.eclipse.lsp4j.jsonrpc.RemoteEndpoint handleCancellation
WARNING: Unmatched cancel notification for request id 1055
2026.05.16 00:26:19 INFO  no build target found for C:\Users\Emi\Pictures\Documents\botondepanico\src\main\java\botondepanico\config\SecurityConfig.java. Using fallback presentation compiler.
2026.05.16 00:26:19 INFO  no build target found for C:\Users\Emi\Pictures\Documents\botondepanico\src\main\java\botondepanico\config\SecurityConfig.java. Using fallback presentation compiler.
2026.05.16 00:26:19 INFO  no build target found for C:\Users\Emi\Pictures\Documents\botondepanico\src\main\java\botondepanico\config\SecurityConfig.java. Using fallback presentation compiler.
2026.05.16 00:26:19 INFO  no build target found for C:\Users\Emi\Pictures\Documents\botondepanico\src\main\java\botondepanico\config\SecurityConfig.java. Using fallback presentation compiler.
2026.05.16 00:26:20 INFO  no build target found for C:\Users\Emi\Pictures\Documents\botondepanico\src\main\java\botondepanico\config\SecurityConfig.java. Using fallback presentation compiler.
2026.05.16 00:26:20 INFO  no build target found for C:\Users\Emi\Pictures\Documents\botondepanico\src\main\java\botondepanico\controller\AuthController.java. Using fallback presentation compiler.
2026.05.16 00:26:21 WARN  no build target for: C:\Users\Emi\Pictures\Documents\botondepanico\src\main\java\botondepanico\controller\AuthController.java
2026.05.16 00:26:21 INFO  no build target found for C:\Users\Emi\Pictures\Documents\botondepanico\src\main\java\botondepanico\controller\AuthController.java. Using fallback presentation compiler.
2026.05.16 00:26:21 INFO  no build target found for C:\Users\Emi\Pictures\Documents\botondepanico\src\main\java\botondepanico\controller\AuthController.java. Using fallback presentation compiler.
2026.05.16 00:26:21 INFO  no build target found for C:\Users\Emi\Pictures\Documents\botondepanico\src\main\java\botondepanico\controller\AuthController.java. Using fallback presentation compiler.
2026.05.16 00:26:30 INFO  no build target found for C:\Users\Emi\Pictures\Documents\botondepanico\src\main\java\botondepanico\controller\AuthController.java. Using fallback presentation compiler.
2026.05.16 00:26:33 INFO  no build target found for C:\Users\Emi\Pictures\Documents\botondepanico\src\main\java\botondepanico\controller\AuthController.java. Using fallback presentation compiler.
2026.05.16 00:26:33 INFO  no build target found for C:\Users\Emi\Pictures\Documents\botondepanico\src\main\java\botondepanico\controller\AuthController.java. Using fallback presentation compiler.
2026.05.16 00:26:33 INFO  no build target found for C:\Users\Emi\Pictures\Documents\botondepanico\src\main\java\botondepanico\controller\AuthController.java. Using fallback presentation compiler.
2026.05.16 00:26:34 INFO  no build target found for C:\Users\Emi\Pictures\Documents\botondepanico\src\main\java\botondepanico\controller\AuthController.java. Using fallback presentation compiler.
2026.05.16 00:26:34 INFO  no build target found for C:\Users\Emi\Pictures\Documents\botondepanico\src\main\java\botondepanico\controller\AuthController.java. Using fallback presentation compiler.
2026.05.16 00:26:35 INFO  no build target found for C:\Users\Emi\Pictures\Documents\botondepanico\src\main\java\botondepanico\controller\AuthController.java. Using fallback presentation compiler.
2026.05.16 00:26:34 INFO  no build target found for C:\Users\Emi\Pictures\Documents\botondepanico\src\main\java\botondepanico\controller\AuthController.java. Using fallback presentation compiler.
2026.05.16 00:26:36 WARN  no build target for: C:\Users\Emi\Pictures\Documents\botondepanico\src\main\java\botondepanico\controller\AuthController.java
2026.05.16 00:26:36 INFO  no build target found for C:\Users\Emi\Pictures\Documents\botondepanico\src\main\java\botondepanico\controller\AuthController.java. Using fallback presentation compiler.
2026.05.16 00:27:17 INFO  no build target found for C:\Users\Emi\Pictures\Documents\botondepanico\src\main\java\botondepanico\controller\HomeController.java. Using fallback presentation compiler.
2026.05.16 00:27:17 WARN  no build target for: C:\Users\Emi\Pictures\Documents\botondepanico\src\main\java\botondepanico\controller\HomeController.java
2026.05.16 00:27:17 INFO  no build target found for C:\Users\Emi\Pictures\Documents\botondepanico\src\main\java\botondepanico\controller\HomeController.java. Using fallback presentation compiler.
2026.05.16 00:27:17 INFO  no build target found for C:\Users\Emi\Pictures\Documents\botondepanico\src\main\java\botondepanico\controller\HomeController.java. Using fallback presentation compiler.
2026.05.16 00:27:17 INFO  no build target found for C:\Users\Emi\Pictures\Documents\botondepanico\src\main\java\botondepanico\controller\HomeController.java. Using fallback presentation compiler.
2026.05.16 00:27:17 INFO  no build target found for C:\Users\Emi\Pictures\Documents\botondepanico\src\main\java\botondepanico\controller\HomeController.java. Using fallback presentation compiler.
2026.05.16 00:27:18 INFO  no build target found for C:\Users\Emi\Pictures\Documents\botondepanico\src\main\java\botondepanico\controller\HomeController.java. Using fallback presentation compiler.
2026.05.16 00:27:20 INFO  no build target found for C:\Users\Emi\Pictures\Documents\botondepanico\src\main\java\botondepanico\controller\HomeController.java. Using fallback presentation compiler.
2026.05.16 00:27:20 INFO  no build target found for C:\Users\Emi\Pictures\Documents\botondepanico\src\main\java\botondepanico\controller\HomeController.java. Using fallback presentation compiler.
2026.05.16 00:27:21 INFO  no build target found for C:\Users\Emi\Pictures\Documents\botondepanico\src\main\java\botondepanico\controller\HomeController.java. Using fallback presentation compiler.
2026.05.16 00:27:21 INFO  no build target found for C:\Users\Emi\Pictures\Documents\botondepanico\src\main\java\botondepanico\controller\HomeController.java. Using fallback presentation compiler.
2026.05.16 00:27:21 INFO  no build target found for C:\Users\Emi\Pictures\Documents\botondepanico\src\main\java\botondepanico\controller\HomeController.java. Using fallback presentation compiler.
2026.05.16 00:27:21 INFO  no build target found for C:\Users\Emi\Pictures\Documents\botondepanico\src\main\java\botondepanico\controller\HomeController.java. Using fallback presentation compiler.
2026.05.16 00:27:22 INFO  no build target found for C:\Users\Emi\Pictures\Documents\botondepanico\src\main\java\botondepanico\controller\HomeController.java. Using fallback presentation compiler.
2026.05.16 00:27:23 WARN  no build target for: C:\Users\Emi\Pictures\Documents\botondepanico\src\main\java\botondepanico\controller\HomeController.java
2026.05.16 00:27:22 INFO  no build target found for C:\Users\Emi\Pictures\Documents\botondepanico\src\main\java\botondepanico\controller\HomeController.java. Using fallback presentation compiler.
2026.05.16 00:27:24 INFO  no build target found for C:\Users\Emi\Pictures\Documents\botondepanico\src\main\java\botondepanico\controller\HomeController.java. Using fallback presentation compiler.
2026.05.16 00:27:41 INFO  no build target found for C:\Users\Emi\Pictures\Documents\botondepanico\src\main\java\botondepanico\controller\EmergenciaController.java. Using fallback presentation compiler.
2026.05.16 00:27:42 WARN  no build target for: C:\Users\Emi\Pictures\Documents\botondepanico\src\main\java\botondepanico\controller\EmergenciaController.java
may. 16, 2026 12:27:42 A. M. org.eclipse.lsp4j.jsonrpc.RemoteEndpoint handleCancellation
WARNING: Unmatched cancel notification for request id 1130
2026.05.16 00:27:41 INFO  no build target found for C:\Users\Emi\Pictures\Documents\botondepanico\src\main\java\botondepanico\controller\EmergenciaController.java. Using fallback presentation compiler.
may. 16, 2026 12:27:42 A. M. org.eclipse.lsp4j.jsonrpc.RemoteEndpoint handleCancellation
WARNING: Unmatched cancel notification for request id 1131
2026.05.16 00:27:41 INFO  no build target found for C:\Users\Emi\Pictures\Documents\botondepanico\src\main\java\botondepanico\controller\EmergenciaController.java. Using fallback presentation compiler.
2026.05.16 00:27:42 INFO  no build target found for C:\Users\Emi\Pictures\Documents\botondepanico\src\main\java\botondepanico\controller\EmergenciaController.java. Using fallback presentation compiler.
2026.05.16 00:27:43 INFO  no build target found for C:\Users\Emi\Pictures\Documents\botondepanico\src\main\java\botondepanico\controller\EmergenciaController.java. Using fallback presentation compiler.
2026.05.16 00:27:43 INFO  no build target found for C:\Users\Emi\Pictures\Documents\botondepanico\src\main\java\botondepanico\controller\EmergenciaController.java. Using fallback presentation compiler.
2026.05.16 00:27:45 INFO  no build target found for C:\Users\Emi\Pictures\Documents\botondepanico\src\main\java\botondepanico\controller\EmergenciaController.java. Using fallback presentation compiler.
2026.05.16 00:27:45 INFO  no build target found for C:\Users\Emi\Pictures\Documents\botondepanico\src\main\java\botondepanico\controller\EmergenciaController.java. Using fallback presentation compiler.
2026.05.16 00:27:46 INFO  no build target found for C:\Users\Emi\Pictures\Documents\botondepanico\src\main\java\botondepanico\controller\EmergenciaController.java. Using fallback presentation compiler.
may. 16, 2026 12:27:46 A. M. org.eclipse.lsp4j.jsonrpc.RemoteEndpoint handleCancellation
WARNING: Unmatched cancel notification for request id 1147
2026.05.16 00:27:46 INFO  no build target found for C:\Users\Emi\Pictures\Documents\botondepanico\src\main\java\botondepanico\controller\EmergenciaController.java. Using fallback presentation compiler.
2026.05.16 00:27:47 WARN  no build target for: C:\Users\Emi\Pictures\Documents\botondepanico\src\main\java\botondepanico\controller\EmergenciaController.java
2026.05.16 00:27:47 INFO  no build target found for C:\Users\Emi\Pictures\Documents\botondepanico\src\main\java\botondepanico\controller\EmergenciaController.java. Using fallback presentation compiler.
2026.05.16 00:27:52 INFO  no build target found for C:\Users\Emi\Pictures\Documents\botondepanico\src\main\java\botondepanico\controller\EmergenciaController.java. Using fallback presentation compiler.
2026.05.16 00:28:11 INFO  no build target found for C:\Users\Emi\Pictures\Documents\botondepanico\src\main\java\botondepanico\controller\AuthController.java. Using fallback presentation compiler.
2026.05.16 00:28:11 WARN  no build target for: C:\Users\Emi\Pictures\Documents\botondepanico\src\main\java\botondepanico\controller\AuthController.java
2026.05.16 00:28:11 INFO  no build target found for C:\Users\Emi\Pictures\Documents\botondepanico\src\main\java\botondepanico\controller\AuthController.java. Using fallback presentation compiler.
2026.05.16 00:28:11 INFO  no build target found for C:\Users\Emi\Pictures\Documents\botondepanico\src\main\java\botondepanico\controller\AuthController.java. Using fallback presentation compiler.
2026.05.16 00:28:12 INFO  no build target found for C:\Users\Emi\Pictures\Documents\botondepanico\src\main\java\botondepanico\controller\AuthController.java. Using fallback presentation compiler.
2026.05.16 00:28:22 INFO  no build target found for C:\Users\Emi\Pictures\Documents\botondepanico\src\main\java\botondepanico\controller\AuthController.java. Using fallback presentation compiler.
2026.05.16 00:28:22 INFO  no build target found for C:\Users\Emi\Pictures\Documents\botondepanico\src\main\java\botondepanico\controller\AuthController.java. Using fallback presentation compiler.
2026.05.16 00:28:23 INFO  no build target found for C:\Users\Emi\Pictures\Documents\botondepanico\src\main\java\botondepanico\controller\AuthController.java. Using fallback presentation compiler.
2026.05.16 00:28:23 INFO  no build target found for C:\Users\Emi\Pictures\Documents\botondepanico\src\main\java\botondepanico\controller\AuthController.java. Using fallback presentation compiler.
2026.05.16 00:28:24 INFO  no build target found for C:\Users\Emi\Pictures\Documents\botondepanico\src\main\java\botondepanico\controller\AuthController.java. Using fallback presentation compiler.
2026.05.16 00:28:25 INFO  no build target found for C:\Users\Emi\Pictures\Documents\botondepanico\src\main\java\botondepanico\controller\AuthController.java. Using fallback presentation compiler.
2026.05.16 00:28:25 INFO  no build target found for C:\Users\Emi\Pictures\Documents\botondepanico\src\main\java\botondepanico\controller\AuthController.java. Using fallback presentation compiler.
2026.05.16 00:28:25 INFO  no build target found for C:\Users\Emi\Pictures\Documents\botondepanico\src\main\java\botondepanico\controller\AuthController.java. Using fallback presentation compiler.
2026.05.16 00:28:25 WARN  no build target for: C:\Users\Emi\Pictures\Documents\botondepanico\src\main\java\botondepanico\controller\AuthController.java
2026.05.16 00:28:25 INFO  no build target found for C:\Users\Emi\Pictures\Documents\botondepanico\src\main\java\botondepanico\controller\AuthController.java. Using fallback presentation compiler.
2026.05.16 00:28:27 INFO  no build target found for C:\Users\Emi\Pictures\Documents\botondepanico\src\main\java\botondepanico\controller\AuthController.java. Using fallback presentation compiler.
2026.05.16 00:31:47 INFO  no build target found for C:\Users\Emi\Pictures\Documents\botondepanico\src\main\java\botondepanico\model\Emergencia.java. Using fallback presentation compiler.
2026.05.16 00:31:47 WARN  no build target for: C:\Users\Emi\Pictures\Documents\botondepanico\src\main\java\botondepanico\model\Emergencia.java
may. 16, 2026 12:31:47 A. M. org.eclipse.lsp4j.jsonrpc.RemoteEndpoint handleCancellation
WARNING: Unmatched cancel notification for request id 1187
2026.05.16 00:31:47 INFO  no build target found for C:\Users\Emi\Pictures\Documents\botondepanico\src\main\java\botondepanico\model\Emergencia.java. Using fallback presentation compiler.
may. 16, 2026 12:31:47 A. M. org.eclipse.lsp4j.jsonrpc.RemoteEndpoint handleCancellation
WARNING: Unmatched cancel notification for request id 1188
2026.05.16 00:31:47 INFO  no build target found for C:\Users\Emi\Pictures\Documents\botondepanico\src\main\java\botondepanico\model\Emergencia.java. Using fallback presentation compiler.
2026.05.16 00:31:47 INFO  no build target found for C:\Users\Emi\Pictures\Documents\botondepanico\src\main\java\botondepanico\model\Emergencia.java. Using fallback presentation compiler.
2026.05.16 00:31:47 INFO  no build target found for C:\Users\Emi\Pictures\Documents\botondepanico\src\main\java\botondepanico\model\Emergencia.java. Using fallback presentation compiler.
2026.05.16 00:31:48 INFO  no build target found for C:\Users\Emi\Pictures\Documents\botondepanico\src\main\java\botondepanico\model\Emergencia.java. Using fallback presentation compiler.
2026.05.16 00:31:48 INFO  no build target found for C:\Users\Emi\Pictures\Documents\botondepanico\src\main\java\botondepanico\model\Emergencia.java. Using fallback presentation compiler.
2026.05.16 00:31:48 INFO  no build target found for C:\Users\Emi\Pictures\Documents\botondepanico\src\main\java\botondepanico\model\Emergencia.java. Using fallback presentation compiler.
2026.05.16 00:31:48 INFO  no build target found for C:\Users\Emi\Pictures\Documents\botondepanico\src\main\java\botondepanico\model\Emergencia.java. Using fallback presentation compiler.
2026.05.16 00:31:50 INFO  no build target found for C:\Users\Emi\Pictures\Documents\botondepanico\src\main\java\botondepanico\model\Emergencia.java. Using fallback presentation compiler.
2026.05.16 00:31:52 INFO  no build target found for C:\Users\Emi\Pictures\Documents\botondepanico\src\main\java\botondepanico\model\Emergencia.java. Using fallback presentation compiler.
2026.05.16 00:31:52 INFO  no build target found for C:\Users\Emi\Pictures\Documents\botondepanico\src\main\java\botondepanico\model\Emergencia.java. Using fallback presentation compiler.
2026.05.16 00:32:01 INFO  no build target found for C:\Users\Emi\Pictures\Documents\botondepanico\src\main\java\botondepanico\model\Usuario.java. Using fallback presentation compiler.
2026.05.16 00:32:01 INFO  no build target found for C:\Users\Emi\Pictures\Documents\botondepanico\src\main\java\botondepanico\model\Usuario.java. Using fallback presentation compiler.
2026.05.16 00:32:01 INFO  no build target found for C:\Users\Emi\Pictures\Documents\botondepanico\src\main\java\botondepanico\model\Usuario.java. Using fallback presentation compiler.
2026.05.16 00:32:01 INFO  no build target found for C:\Users\Emi\Pictures\Documents\botondepanico\src\main\java\botondepanico\model\Usuario.java. Using fallback presentation compiler.
2026.05.16 00:32:02 INFO  no build target found for C:\Users\Emi\Pictures\Documents\botondepanico\src\main\java\botondepanico\model\Usuario.java. Using fallback presentation compiler.
2026.05.16 00:32:02 INFO  no build target found for C:\Users\Emi\Pictures\Documents\botondepanico\src\main\java\botondepanico\model\Usuario.java. Using fallback presentation compiler.
2026.05.16 00:32:03 INFO  no build target found for C:\Users\Emi\Pictures\Documents\botondepanico\src\main\java\botondepanico\model\Usuario.java. Using fallback presentation compiler.
2026.05.16 00:32:46 INFO  no build target found for C:\Users\Emi\Pictures\Documents\botondepanico\src\main\java\botondepanico\service\EmergenciaService.java. Using fallback presentation compiler.
2026.05.16 00:32:46 WARN  no build target for: C:\Users\Emi\Pictures\Documents\botondepanico\src\main\java\botondepanico\service\EmergenciaService.java
may. 16, 2026 12:32:46 A. M. org.eclipse.lsp4j.jsonrpc.RemoteEndpoint handleCancellation
WARNING: Unmatched cancel notification for request id 1220
2026.05.16 00:32:46 INFO  no build target found for C:\Users\Emi\Pictures\Documents\botondepanico\src\main\java\botondepanico\service\EmergenciaService.java. Using fallback presentation compiler.
2026.05.16 00:32:47 INFO  no build target found for C:\Users\Emi\Pictures\Documents\botondepanico\src\main\java\botondepanico\service\EmergenciaService.java. Using fallback presentation compiler.
2026.05.16 00:32:47 INFO  no build target found for C:\Users\Emi\Pictures\Documents\botondepanico\src\main\java\botondepanico\service\EmergenciaService.java. Using fallback presentation compiler.
2026.05.16 00:33:07 INFO  no build target found for C:\Users\Emi\Pictures\Documents\botondepanico\src\main\java\botondepanico\service\EmergenciaService.java. Using fallback presentation compiler.
2026.05.16 00:33:07 INFO  no build target found for C:\Users\Emi\Pictures\Documents\botondepanico\src\main\java\botondepanico\service\EmergenciaService.java. Using fallback presentation compiler.
2026.05.16 00:33:08 INFO  no build target found for C:\Users\Emi\Pictures\Documents\botondepanico\src\main\java\botondepanico\service\EmergenciaService.java. Using fallback presentation compiler.
2026.05.16 00:33:07 INFO  no build target found for C:\Users\Emi\Pictures\Documents\botondepanico\src\main\java\botondepanico\service\EmergenciaService.java. Using fallback presentation compiler.
2026.05.16 00:33:09 WARN  no build target for: C:\Users\Emi\Pictures\Documents\botondepanico\src\main\java\botondepanico\service\EmergenciaService.java
2026.05.16 00:33:09 INFO  no build target found for C:\Users\Emi\Pictures\Documents\botondepanico\src\main\java\botondepanico\service\EmergenciaService.java. Using fallback presentation compiler.
2026.05.16 00:36:20 INFO  no build target found for C:\Users\Emi\Pictures\Documents\botondepanico\src\main\java\botondepanico\service\EmailService.java. Using fallback presentation compiler.
2026.05.16 00:36:20 WARN  no build target for: C:\Users\Emi\Pictures\Documents\botondepanico\src\main\java\botondepanico\service\EmailService.java
may. 16, 2026 12:36:20 A. M. org.eclipse.lsp4j.jsonrpc.RemoteEndpoint handleCancellation
WARNING: Unmatched cancel notification for request id 1247
2026.05.16 00:36:20 INFO  no build target found for C:\Users\Emi\Pictures\Documents\botondepanico\src\main\java\botondepanico\service\EmailService.java. Using fallback presentation compiler.
2026.05.16 00:36:20 INFO  no build target found for C:\Users\Emi\Pictures\Documents\botondepanico\src\main\java\botondepanico\service\EmailService.java. Using fallback presentation compiler.
may. 16, 2026 12:36:20 A. M. org.eclipse.lsp4j.jsonrpc.RemoteEndpoint handleCancellation
WARNING: Unmatched cancel notification for request id 1248
2026.05.16 00:36:20 INFO  no build target found for C:\Users\Emi\Pictures\Documents\botondepanico\src\main\java\botondepanico\service\EmailService.java. Using fallback presentation compiler.
2026.05.16 00:36:20 INFO  no build target found for C:\Users\Emi\Pictures\Documents\botondepanico\src\main\java\botondepanico\service\EmailService.java. Using fallback presentation compiler.
2026.05.16 00:36:24 INFO  no build target found for C:\Users\Emi\Pictures\Documents\botondepanico\src\main\java\botondepanico\service\EmailService.java. Using fallback presentation compiler.
2026.05.16 00:36:24 INFO  no build target found for C:\Users\Emi\Pictures\Documents\botondepanico\src\main\java\botondepanico\service\EmailService.java. Using fallback presentation compiler.
2026.05.16 00:36:27 INFO  no build target found for C:\Users\Emi\Pictures\Documents\botondepanico\src\main\java\botondepanico\service\EmailService.java. Using fallback presentation compiler.
2026.05.16 00:36:27 INFO  no build target found for C:\Users\Emi\Pictures\Documents\botondepanico\src\main\java\botondepanico\service\EmailService.java. Using fallback presentation compiler.
2026.05.16 00:36:27 INFO  no build target found for C:\Users\Emi\Pictures\Documents\botondepanico\src\main\java\botondepanico\service\EmailService.java. Using fallback presentation compiler.
2026.05.16 00:36:27 INFO  no build target found for C:\Users\Emi\Pictures\Documents\botondepanico\src\main\java\botondepanico\service\EmailService.java. Using fallback presentation compiler.
2026.05.16 00:36:38 INFO  no build target found for C:\Users\Emi\Pictures\Documents\botondepanico\src\main\java\botondepanico\service\EmailService.java. Using fallback presentation compiler.
2026.05.16 00:44:24 INFO  no build target found for C:\Users\Emi\Pictures\Documents\botondepanico\src\main\java\botondepanico\service\EmergenciaService.java. Using fallback presentation compiler.
2026.05.16 00:44:25 WARN  no build target for: C:\Users\Emi\Pictures\Documents\botondepanico\src\main\java\botondepanico\service\EmergenciaService.java
2026.05.16 00:44:24 INFO  no build target found for C:\Users\Emi\Pictures\Documents\botondepanico\src\main\java\botondepanico\service\EmergenciaService.java. Using fallback presentation compiler.
may. 16, 2026 12:44:25 A. M. org.eclipse.lsp4j.jsonrpc.RemoteEndpoint handleCancellation
WARNING: Unmatched cancel notification for request id 1268
may. 16, 2026 12:44:25 A. M. org.eclipse.lsp4j.jsonrpc.RemoteEndpoint handleCancellation
WARNING: Unmatched cancel notification for request id 1269
2026.05.16 00:44:24 INFO  no build target found for C:\Users\Emi\Pictures\Documents\botondepanico\src\main\java\botondepanico\service\EmergenciaService.java. Using fallback presentation compiler.
2026.05.16 00:44:24 INFO  no build target found for C:\Users\Emi\Pictures\Documents\botondepanico\src\main\java\botondepanico\service\EmergenciaService.java. Using fallback presentation compiler.
may. 16, 2026 12:44:25 A. M. org.eclipse.lsp4j.jsonrpc.RemoteEndpoint handleCancellation
WARNING: Unmatched cancel notification for request id 1273
2026.05.16 00:44:25 INFO  no build target found for C:\Users\Emi\Pictures\Documents\botondepanico\src\main\java\botondepanico\service\EmergenciaService.java. Using fallback presentation compiler.
2026.05.16 00:44:25 INFO  no build target found for C:\Users\Emi\Pictures\Documents\botondepanico\src\main\java\botondepanico\service\EmergenciaService.java. Using fallback presentation compiler.
2026.05.16 00:44:40 INFO  no build target found for C:\Users\Emi\Pictures\Documents\botondepanico\src\main\java\botondepanico\service\EmergenciaService.java. Using fallback presentation compiler.
2026.05.16 00:44:40 INFO  no build target found for C:\Users\Emi\Pictures\Documents\botondepanico\src\main\java\botondepanico\service\EmergenciaService.java. Using fallback presentation compiler.
2026.05.16 00:44:41 INFO  no build target found for C:\Users\Emi\Pictures\Documents\botondepanico\src\main\java\botondepanico\service\EmergenciaService.java. Using fallback presentation compiler.
may. 16, 2026 12:44:45 A. M. org.eclipse.lsp4j.jsonrpc.RemoteEndpoint handleCancellation
WARNING: Unmatched cancel notification for request id 1287
2026.05.16 00:44:45 INFO  no build target found for C:\Users\Emi\Pictures\Documents\botondepanico\src\main\java\botondepanico\service\EmergenciaService.java. Using fallback presentation compiler.
2026.05.16 00:44:45 INFO  no build target found for C:\Users\Emi\Pictures\Documents\botondepanico\src\main\java\botondepanico\service\EmergenciaService.java. Using fallback presentation compiler.
2026.05.16 00:44:45 INFO  no build target found for C:\Users\Emi\Pictures\Documents\botondepanico\src\main\java\botondepanico\service\EmergenciaService.java. Using fallback presentation compiler.
2026.05.16 00:44:45 INFO  no build target found for C:\Users\Emi\Pictures\Documents\botondepanico\src\main\java\botondepanico\service\EmergenciaService.java. Using fallback presentation compiler.
2026.05.16 00:44:47 WARN  no build target for: C:\Users\Emi\Pictures\Documents\botondepanico\src\main\java\botondepanico\service\EmergenciaService.java
2026.05.16 00:44:47 INFO  no build target found for C:\Users\Emi\Pictures\Documents\botondepanico\src\main\java\botondepanico\service\EmergenciaService.java. Using fallback presentation compiler.
C:\Users\Emi\Pictures\Documents\botondepanico\src\main\java\botondepanico\service\EmergenciaService.java:63: error: unmappable character (0x9D) for encoding windows-1252
    System.out.println("â?Œ Error enviando correo: " + e.getMessage());
                         ^
2026.05.16 00:44:48 WARN  Running javac-semanticdb failed for file:///C:/Users/Emi/Pictures/Documents/botondepanico/src/main/java/botondepanico/service/EmergenciaService.java. Output:

2026.05.16 00:44:48 INFO  Created report: Optional[file:///C:/Users/Emi/Pictures/Documents/botondepanico/src/main/java/botondepanico/service/EmergenciaService.java]
2026.05.16 00:44:48 INFO  QDox parse error in file:///C:/Users/Emi/Pictures/Documents/botondepanico/src/main/java/botondepanico/service/EmergenciaService.java (full report at: "C:\Users\Emi\Pictures\Documents\botondepanico\.metals\.reports\metals-full\2026-05-16\r_qdox-error_00-44-48-335.md")
2026.05.16 00:44:49 INFO  no build target found for C:\Users\Emi\Pictures\Documents\botondepanico\src\main\java\botondepanico\service\EmergenciaService.java. Using fallback presentation compiler.
2026.05.16 00:44:49 INFO  no build target found for C:\Users\Emi\Pictures\Documents\botondepanico\src\main\java\botondepanico\service\EmergenciaService.java. Using fallback presentation compiler.
2026.05.16 00:44:50 INFO  no build target found for C:\Users\Emi\Pictures\Documents\botondepanico\src\main\java\botondepanico\service\EmergenciaService.java. Using fallback presentation compiler.
2026.05.16 00:44:50 INFO  no build target found for C:\Users\Emi\Pictures\Documents\botondepanico\src\main\java\botondepanico\service\EmergenciaService.java. Using fallback presentation compiler.
2026.05.16 00:44:50 INFO  no build target found for C:\Users\Emi\Pictures\Documents\botondepanico\src\main\java\botondepanico\service\EmergenciaService.java. Using fallback presentation compiler.
2026.05.16 00:44:50 INFO  QDox parse error in file:///C:/Users/Emi/Pictures/Documents/botondepanico/src/main/java/botondepanico/service/EmergenciaService.java (full report at: "C:\Users\Emi\Pictures\Documents\botondepanico\.metals\.reports\metals-full\2026-05-16\r_qdox-error_00-44-48-335.md")
2026.05.16 00:44:51 INFO  no build target found for C:\Users\Emi\Pictures\Documents\botondepanico\src\main\java\botondepanico\service\EmergenciaService.java. Using fallback presentation compiler.
2026.05.16 00:44:51 INFO  QDox parse error in file:///C:/Users/Emi/Pictures/Documents/botondepanico/src/main/java/botondepanico/service/EmergenciaService.java (full report at: "C:\Users\Emi\Pictures\Documents\botondepanico\.metals\.reports\metals-full\2026-05-16\r_qdox-error_00-44-48-335.md")
2026.05.16 00:44:51 INFO  no build target found for C:\Users\Emi\Pictures\Documents\botondepanico\src\main\java\botondepanico\service\EmergenciaService.java. Using fallback presentation compiler.
2026.05.16 00:44:54 INFO  no build target found for C:\Users\Emi\Pictures\Documents\botondepanico\src\main\java\botondepanico\service\EmergenciaService.java. Using fallback presentation compiler.
2026.05.16 00:44:54 INFO  no build target found for C:\Users\Emi\Pictures\Documents\botondepanico\src\main\java\botondepanico\service\EmergenciaService.java. Using fallback presentation compiler.
2026.05.16 00:44:55 INFO  no build target found for C:\Users\Emi\Pictures\Documents\botondepanico\src\main\java\botondepanico\service\EmergenciaService.java. Using fallback presentation compiler.
2026.05.16 00:44:55 INFO  no build target found for C:\Users\Emi\Pictures\Documents\botondepanico\src\main\java\botondepanico\service\EmergenciaService.java. Using fallback presentation compiler.
may. 16, 2026 12:44:55 A. M. org.eclipse.lsp4j.jsonrpc.RemoteEndpoint handleCancellation
WARNING: Unmatched cancel notification for request id 1311
2026.05.16 00:44:55 INFO  no build target found for C:\Users\Emi\Pictures\Documents\botondepanico\src\main\java\botondepanico\service\EmergenciaService.java. Using fallback presentation compiler.
2026.05.16 00:44:56 INFO  no build target found for C:\Users\Emi\Pictures\Documents\botondepanico\src\main\java\botondepanico\service\EmergenciaService.java. Using fallback presentation compiler.
2026.05.16 00:45:00 INFO  no build target found for C:\Users\Emi\Pictures\Documents\botondepanico\src\main\java\botondepanico\service\EmailService.java. Using fallback presentation compiler.
2026.05.16 00:45:00 WARN  no build target for: C:\Users\Emi\Pictures\Documents\botondepanico\src\main\java\botondepanico\service\EmailService.java
2026.05.16 00:45:00 INFO  no build target found for C:\Users\Emi\Pictures\Documents\botondepanico\src\main\java\botondepanico\service\EmailService.java. Using fallback presentation compiler.
2026.05.16 00:45:00 INFO  no build target found for C:\Users\Emi\Pictures\Documents\botondepanico\src\main\java\botondepanico\service\EmailService.java. Using fallback presentation compiler.
2026.05.16 00:45:00 INFO  no build target found for C:\Users\Emi\Pictures\Documents\botondepanico\src\main\java\botondepanico\service\EmailService.java. Using fallback presentation compiler.
2026.05.16 00:45:00 INFO  no build target found for C:\Users\Emi\Pictures\Documents\botondepanico\src\main\java\botondepanico\service\EmailService.java. Using fallback presentation compiler.
2026.05.16 00:45:06 INFO  no build target found for C:\Users\Emi\Pictures\Documents\botondepanico\src\main\java\botondepanico\service\EmergenciaService.java. Using fallback presentation compiler.
2026.05.16 00:45:06 WARN  no build target for: C:\Users\Emi\Pictures\Documents\botondepanico\src\main\java\botondepanico\service\EmergenciaService.java
2026.05.16 00:45:06 INFO  no build target found for C:\Users\Emi\Pictures\Documents\botondepanico\src\main\java\botondepanico\service\EmergenciaService.java. Using fallback presentation compiler.
2026.05.16 00:45:06 INFO  no build target found for C:\Users\Emi\Pictures\Documents\botondepanico\src\main\java\botondepanico\service\EmergenciaService.java. Using fallback presentation compiler.
2026.05.16 00:45:06 INFO  no build target found for C:\Users\Emi\Pictures\Documents\botondepanico\src\main\java\botondepanico\service\EmergenciaService.java. Using fallback presentation compiler.
2026.05.16 00:45:07 INFO  no build target found for C:\Users\Emi\Pictures\Documents\botondepanico\src\main\java\botondepanico\service\EmergenciaService.java. Using fallback presentation compiler.
2026.05.16 00:45:07 INFO  no build target found for C:\Users\Emi\Pictures\Documents\botondepanico\src\main\java\botondepanico\service\EmergenciaService.java. Using fallback presentation compiler.
2026.05.16 00:45:10 INFO  no build target found for C:\Users\Emi\Pictures\Documents\botondepanico\src\main\java\botondepanico\service\EmergenciaService.java. Using fallback presentation compiler.
2026.05.16 00:45:10 INFO  no build target found for C:\Users\Emi\Pictures\Documents\botondepanico\src\main\java\botondepanico\service\EmergenciaService.java. Using fallback presentation compiler.
2026.05.16 00:45:31 INFO  no build target found for C:\Users\Emi\Pictures\Documents\botondepanico\src\main\java\botondepanico\service\EmergenciaService.java. Using fallback presentation compiler.
2026.05.16 00:45:34 INFO  no build target found for C:\Users\Emi\Pictures\Documents\botondepanico\src\main\java\botondepanico\service\EmergenciaService.java. Using fallback presentation compiler.
2026.05.16 00:45:34 INFO  no build target found for C:\Users\Emi\Pictures\Documents\botondepanico\src\main\java\botondepanico\service\EmergenciaService.java. Using fallback presentation compiler.
2026.05.16 00:45:34 INFO  no build target found for C:\Users\Emi\Pictures\Documents\botondepanico\src\main\java\botondepanico\service\EmergenciaService.java. Using fallback presentation compiler.
2026.05.16 00:45:35 INFO  no build target found for C:\Users\Emi\Pictures\Documents\botondepanico\src\main\java\botondepanico\service\EmergenciaService.java. Using fallback presentation compiler.
2026.05.16 00:45:36 INFO  no build target found for C:\Users\Emi\Pictures\Documents\botondepanico\src\main\java\botondepanico\service\EmergenciaService.java. Using fallback presentation compiler.
2026.05.16 00:45:36 INFO  no build target found for C:\Users\Emi\Pictures\Documents\botondepanico\src\main\java\botondepanico\service\EmergenciaService.java. Using fallback presentation compiler.
2026.05.16 00:45:36 INFO  no build target found for C:\Users\Emi\Pictures\Documents\botondepanico\src\main\java\botondepanico\service\EmergenciaService.java. Using fallback presentation compiler.
2026.05.16 00:45:36 WARN  no build target for: C:\Users\Emi\Pictures\Documents\botondepanico\src\main\java\botondepanico\service\EmergenciaService.java
2026.05.16 00:45:36 INFO  no build target found for C:\Users\Emi\Pictures\Documents\botondepanico\src\main\java\botondepanico\service\EmergenciaService.java. Using fallback presentation compiler.
C:\Users\Emi\Pictures\Documents\botondepanico\src\main\java\botondepanico\service\EmergenciaService.java:44: error: unmappable character (0x9D) for encoding windows-1252
            System.out.println("â?Œ Error enviando correo: " + e.getMessage());
                                 ^
2026.05.16 00:45:37 INFO  no build target found for C:\Users\Emi\Pictures\Documents\botondepanico\src\main\java\botondepanico\service\EmergenciaService.java. Using fallback presentation compiler.
2026.05.16 00:55:43 INFO  no build target found for C:\Users\Emi\Pictures\Documents\botondepanico\src\main\java\botondepanico\controller\AuthController.java. Using fallback presentation compiler.
2026.05.16 00:55:44 WARN  no build target for: C:\Users\Emi\Pictures\Documents\botondepanico\src\main\java\botondepanico\controller\AuthController.java
may. 16, 2026 12:55:45 A. M. org.eclipse.lsp4j.jsonrpc.RemoteEndpoint handleCancellation
WARNING: Unmatched cancel notification for request id 1368
2026.05.16 00:55:45 INFO  no build target found for C:\Users\Emi\Pictures\Documents\botondepanico\src\main\java\botondepanico\controller\AuthController.java. Using fallback presentation compiler.
2026.05.16 00:55:45 INFO  no build target found for C:\Users\Emi\Pictures\Documents\botondepanico\src\main\java\botondepanico\controller\AuthController.java. Using fallback presentation compiler.
may. 16, 2026 12:55:45 A. M. org.eclipse.lsp4j.jsonrpc.RemoteEndpoint handleCancellation
WARNING: Unmatched cancel notification for request id 1371
2026.05.16 00:55:45 INFO  no build target found for C:\Users\Emi\Pictures\Documents\botondepanico\src\main\java\botondepanico\controller\AuthController.java. Using fallback presentation compiler.
2026.05.16 00:55:45 INFO  no build target found for C:\Users\Emi\Pictures\Documents\botondepanico\src\main\java\botondepanico\controller\EmergenciaController.java. Using fallback presentation compiler.
2026.05.16 00:55:45 WARN  no build target for: C:\Users\Emi\Pictures\Documents\botondepanico\src\main\java\botondepanico\controller\EmergenciaController.java
2026.05.16 00:55:45 INFO  no build target found for C:\Users\Emi\Pictures\Documents\botondepanico\src\main\java\botondepanico\controller\EmergenciaController.java. Using fallback presentation compiler.
2026.05.16 00:55:45 INFO  no build target found for C:\Users\Emi\Pictures\Documents\botondepanico\src\main\java\botondepanico\controller\EmergenciaController.java. Using fallback presentation compiler.
may. 16, 2026 12:55:45 A. M. org.eclipse.lsp4j.jsonrpc.RemoteEndpoint handleCancellation
WARNING: Unmatched cancel notification for request id 1376
2026.05.16 00:55:45 INFO  no build target found for C:\Users\Emi\Pictures\Documents\botondepanico\src\main\java\botondepanico\controller\EmergenciaController.java. Using fallback presentation compiler.
2026.05.16 00:55:46 INFO  no build target found for C:\Users\Emi\Pictures\Documents\botondepanico\src\main\java\botondepanico\controller\EmergenciaController.java. Using fallback presentation compiler.
2026.05.16 00:55:46 INFO  no build target found for C:\Users\Emi\Pictures\Documents\botondepanico\src\main\java\botondepanico\controller\HomeController.java. Using fallback presentation compiler.
2026.05.16 00:55:46 WARN  no build target for: C:\Users\Emi\Pictures\Documents\botondepanico\src\main\java\botondepanico\controller\HomeController.java
2026.05.16 00:55:46 INFO  no build target found for C:\Users\Emi\Pictures\Documents\botondepanico\src\main\java\botondepanico\controller\HomeController.java. Using fallback presentation compiler.
may. 16, 2026 12:55:47 A. M. org.eclipse.lsp4j.jsonrpc.RemoteEndpoint handleCancellation
WARNING: Unmatched cancel notification for request id 1384
2026.05.16 00:55:47 INFO  no build target found for C:\Users\Emi\Pictures\Documents\botondepanico\src\main\java\botondepanico\controller\HomeController.java. Using fallback presentation compiler.
2026.05.16 00:55:46 INFO  no build target found for C:\Users\Emi\Pictures\Documents\botondepanico\src\main\java\botondepanico\controller\HomeController.java. Using fallback presentation compiler.
2026.05.16 00:55:48 INFO  no build target found for C:\Users\Emi\Pictures\Documents\botondepanico\src\main\java\botondepanico\controller\HomeController.java. Using fallback presentation compiler.
2026.05.16 00:55:53 INFO  no build target found for C:\Users\Emi\Pictures\Documents\botondepanico\src\main\java\botondepanico\model\Emergencia.java. Using fallback presentation compiler.
2026.05.16 00:55:53 WARN  no build target for: C:\Users\Emi\Pictures\Documents\botondepanico\src\main\java\botondepanico\model\Emergencia.java
2026.05.16 00:55:53 INFO  no build target found for C:\Users\Emi\Pictures\Documents\botondepanico\src\main\java\botondepanico\model\Emergencia.java. Using fallback presentation compiler.
2026.05.16 00:55:53 INFO  no build target found for C:\Users\Emi\Pictures\Documents\botondepanico\src\main\java\botondepanico\model\Emergencia.java. Using fallback presentation compiler.
2026.05.16 00:55:53 INFO  no build target found for C:\Users\Emi\Pictures\Documents\botondepanico\src\main\java\botondepanico\model\Emergencia.java. Using fallback presentation compiler.
2026.05.16 00:55:57 INFO  no build target found for C:\Users\Emi\Pictures\Documents\botondepanico\src\main\java\botondepanico\model\Emergencia.java. Using fallback presentation compiler.
2026.05.16 00:55:57 INFO  no build target found for C:\Users\Emi\Pictures\Documents\botondepanico\src\main\java\botondepanico\model\Emergencia.java. Using fallback presentation compiler.
2026.05.16 00:56:08 INFO  no build target found for C:\Users\Emi\Pictures\Documents\botondepanico\src\main\java\botondepanico\config\SecurityConfig.java. Using fallback presentation compiler.
2026.05.16 00:56:08 WARN  no build target for: C:\Users\Emi\Pictures\Documents\botondepanico\src\main\java\botondepanico\config\SecurityConfig.java
2026.05.16 00:56:08 INFO  no build target found for C:\Users\Emi\Pictures\Documents\botondepanico\src\main\java\botondepanico\config\SecurityConfig.java. Using fallback presentation compiler.
2026.05.16 00:56:08 INFO  no build target found for C:\Users\Emi\Pictures\Documents\botondepanico\src\main\java\botondepanico\config\SecurityConfig.java. Using fallback presentation compiler.
2026.05.16 00:56:08 INFO  no build target found for C:\Users\Emi\Pictures\Documents\botondepanico\src\main\java\botondepanico\config\SecurityConfig.java. Using fallback presentation compiler.
2026.05.16 00:56:09 INFO  no build target found for C:\Users\Emi\Pictures\Documents\botondepanico\src\main\java\botondepanico\config\SecurityConfig.java. Using fallback presentation compiler.
2026.05.16 00:56:10 INFO  no build target found for C:\Users\Emi\Pictures\Documents\botondepanico\src\main\java\botondepanico\config\SecurityConfig.java. Using fallback presentation compiler.
2026.05.16 00:56:10 INFO  no build target found for C:\Users\Emi\Pictures\Documents\botondepanico\src\main\java\botondepanico\config\SecurityConfig.java. Using fallback presentation compiler.
2026.05.16 00:56:12 INFO  no build target found for C:\Users\Emi\Pictures\Documents\botondepanico\src\main\java\botondepanico\controller\EmergenciaController.java. Using fallback presentation compiler.
2026.05.16 00:56:12 WARN  no build target for: C:\Users\Emi\Pictures\Documents\botondepanico\src\main\java\botondepanico\controller\EmergenciaController.java
2026.05.16 00:56:12 INFO  no build target found for C:\Users\Emi\Pictures\Documents\botondepanico\src\main\java\botondepanico\controller\EmergenciaController.java. Using fallback presentation compiler.
2026.05.16 00:56:13 INFO  no build target found for C:\Users\Emi\Pictures\Documents\botondepanico\src\main\java\botondepanico\controller\EmergenciaController.java. Using fallback presentation compiler.
2026.05.16 00:56:12 INFO  no build target found for C:\Users\Emi\Pictures\Documents\botondepanico\src\main\java\botondepanico\controller\EmergenciaController.java. Using fallback presentation compiler.
2026.05.16 00:56:14 INFO  no build target found for C:\Users\Emi\Pictures\Documents\botondepanico\src\main\java\botondepanico\model\Usuario.java. Using fallback presentation compiler.
2026.05.16 00:56:14 INFO  no build target found for C:\Users\Emi\Pictures\Documents\botondepanico\src\main\java\botondepanico\repository\UsuarioRepository.java. Using fallback presentation compiler.
2026.05.16 00:56:15 INFO  no build target found for C:\Users\Emi\Pictures\Documents\botondepanico\src\main\java\botondepanico\repository\UsuarioRepository.java. Using fallback presentation compiler.
may. 16, 2026 12:56:15 A. M. org.eclipse.lsp4j.jsonrpc.RemoteEndpoint handleCancellation
WARNING: Unmatched cancel notification for request id 1427
2026.05.16 00:56:14 INFO  no build target found for C:\Users\Emi\Pictures\Documents\botondepanico\src\main\java\botondepanico\repository\UsuarioRepository.java. Using fallback presentation compiler.
2026.05.16 01:04:25 INFO  no build target found for C:\Users\Emi\Pictures\Documents\botondepanico\src\main\java\botondepanico\repository\UsuarioRepository.java. Using fallback presentation compiler.
2026.05.16 07:26:55 INFO  no build target found for C:\Users\Emi\Pictures\Documents\botondepanico\src\main\java\botondepanico\repository\UsuarioRepository.java. Using fallback presentation compiler.
2026.05.16 07:26:58 INFO  Shutting down server
2026.05.16 07:26:58 INFO  Memory monitor stopped
2026.05.16 07:26:58 INFO  shutting down Metals
2026.05.16 07:26:58 INFO  Exiting server
2026.05.16 07:29:07 INFO  Started: Metals version 1.6.7 in folders 'C:\Users\Emi\Pictures\Documents\botondepanico' for client Visual Studio Code 1.120.0.
2026.05.16 07:29:08 INFO  time: initialize in 0.12s
2026.05.16 07:29:07 INFO  Memory monitor started
2026.05.16 07:29:11 WARN  Using H2 2.4.240 which is newer than the version Flyway has been verified with. The latest verified version of H2 is 2.3.232.
2026.05.16 07:29:11 INFO  no build target found for C:\Users\Emi\Pictures\Documents\botondepanico\src\main\java\botondepanico\config\SecurityConfig.java. Using fallback presentation compiler.
2026.05.16 07:29:36 INFO  no build target found for C:\Users\Emi\Pictures\Documents\botondepanico\src\main\java\botondepanico\config\SecurityConfig.java. Using fallback presentation compiler.
may. 16, 2026 7:29:37 A. M. org.eclipse.lsp4j.jsonrpc.RemoteEndpoint handleCancellation
WARNING: Unmatched cancel notification for request id 7
2026.05.16 07:29:36 INFO  no build target found for C:\Users\Emi\Pictures\Documents\botondepanico\src\main\java\botondepanico\config\SecurityConfig.java. Using fallback presentation compiler.
may. 16, 2026 7:29:37 A. M. org.eclipse.lsp4j.jsonrpc.RemoteEndpoint handleCancellation
WARNING: Unmatched cancel notification for request id 8
2026.05.16 07:29:36 INFO  no build target found for C:\Users\Emi\Pictures\Documents\botondepanico\src\main\java\botondepanico\config\SecurityConfig.java. Using fallback presentation compiler.
2026.05.16 07:29:36 INFO  no build target found for C:\Users\Emi\Pictures\Documents\botondepanico\src\main\java\botondepanico\config\SecurityConfig.java. Using fallback presentation compiler.
may. 16, 2026 7:29:38 A. M. org.eclipse.lsp4j.jsonrpc.RemoteEndpoint handleCancellation
WARNING: Unmatched cancel notification for request id 9
2026.05.16 07:29:39 INFO  no build target found for C:\Users\Emi\Pictures\Documents\botondepanico\src\main\java\botondepanico\config\SecurityConfig.java. Using fallback presentation compiler.
2026.05.16 07:29:45 INFO  no build target found for C:\Users\Emi\Pictures\Documents\botondepanico\src\main\java\botondepanico\config\SecurityConfig.java. Using fallback presentation compiler.
2026.05.16 07:29:46 INFO  no build target found for C:\Users\Emi\Pictures\Documents\botondepanico\src\main\java\botondepanico\config\SecurityConfig.java. Using fallback presentation compiler.
2026.05.16 07:29:47 INFO  no build target found for C:\Users\Emi\Pictures\Documents\botondepanico\src\main\java\botondepanico\config\SecurityConfig.java. Using fallback presentation compiler.
2026.05.16 07:29:47 INFO  no build target found for C:\Users\Emi\Pictures\Documents\botondepanico\src\main\java\botondepanico\config\SecurityConfig.java. Using fallback presentation compiler.
2026.05.16 07:29:50 WARN  no build target for: C:\Users\Emi\Pictures\Documents\botondepanico\src\main\java\botondepanico\repository\UsuarioRepository.java
2026.05.16 07:29:50 WARN  no build target for: C:\Users\Emi\Pictures\Documents\botondepanico\src\main\java\botondepanico\config\SecurityConfig.java
2026.05.16 07:29:50 INFO  no build target found for C:\Users\Emi\Pictures\Documents\botondepanico\src\main\java\botondepanico\config\SecurityConfig.java. Using fallback presentation compiler.
2026.05.16 07:29:50 INFO  no build target found for C:\Users\Emi\Pictures\Documents\botondepanico\src\main\java\botondepanico\config\SecurityConfig.java. Using fallback presentation compiler.
2026.05.16 07:29:50 INFO  no build target found for C:\Users\Emi\Pictures\Documents\botondepanico\src\main\java\botondepanico\config\SecurityConfig.java. Using fallback presentation compiler.
2026.05.16 07:29:51 INFO  time: code lens generation in 2.04s
2026.05.16 07:29:53 INFO  no build target found for C:\Users\Emi\Pictures\Documents\botondepanico\src\main\java\botondepanico\config\SecurityConfig.java. Using fallback presentation compiler.
2026.05.16 07:29:56 WARN  no build target for: C:\Users\Emi\Pictures\Documents\botondepanico\src\main\java\botondepanico\controller\AuthController.java
2026.05.16 07:29:56 INFO  no build target found for C:\Users\Emi\Pictures\Documents\botondepanico\src\main\java\botondepanico\controller\AuthController.java. Using fallback presentation compiler.
2026.05.16 07:29:57 INFO  no build target found for C:\Users\Emi\Pictures\Documents\botondepanico\src\main\java\botondepanico\controller\AuthController.java. Using fallback presentation compiler.
2026.05.16 07:29:56 INFO  no build target found for C:\Users\Emi\Pictures\Documents\botondepanico\src\main\java\botondepanico\controller\AuthController.java. Using fallback presentation compiler.
2026.05.16 07:29:56 INFO  no build target found for C:\Users\Emi\Pictures\Documents\botondepanico\src\main\java\botondepanico\controller\AuthController.java. Using fallback presentation compiler.
may. 16, 2026 7:29:57 A. M. org.eclipse.lsp4j.jsonrpc.RemoteEndpoint handleCancellation
WARNING: Unmatched cancel notification for request id 29
2026.05.16 07:29:58 INFO  no build target found for C:\Users\Emi\Pictures\Documents\botondepanico\src\main\java\botondepanico\controller\AuthController.java. Using fallback presentation compiler.
2026.05.16 07:29:59 INFO  no build target found for C:\Users\Emi\Pictures\Documents\botondepanico\src\main\java\botondepanico\controller\AuthController.java. Using fallback presentation compiler.
2026.05.16 07:29:59 INFO  no build target found for C:\Users\Emi\Pictures\Documents\botondepanico\src\main\java\botondepanico\controller\AuthController.java. Using fallback presentation compiler.
2026.05.16 07:30:01 INFO  no build target found for C:\Users\Emi\Pictures\Documents\botondepanico\src\main\java\botondepanico\controller\AuthController.java. Using fallback presentation compiler.
2026.05.16 07:30:01 INFO  no build target found for C:\Users\Emi\Pictures\Documents\botondepanico\src\main\java\botondepanico\controller\AuthController.java. Using fallback presentation compiler.
2026.05.16 07:30:04 INFO  no build target found for C:\Users\Emi\Pictures\Documents\botondepanico\src\main\java\botondepanico\controller\AuthController.java. Using fallback presentation compiler.
2026.05.16 07:30:04 INFO  no build target found for C:\Users\Emi\Pictures\Documents\botondepanico\src\main\java\botondepanico\controller\AuthController.java. Using fallback presentation compiler.
2026.05.16 07:30:10 INFO  no build target found for C:\Users\Emi\Pictures\Documents\botondepanico\src\main\java\botondepanico\controller\AuthController.java. Using fallback presentation compiler.
2026.05.16 07:30:11 INFO  no build target found for C:\Users\Emi\Pictures\Documents\botondepanico\src\main\java\botondepanico\controller\AuthController.java. Using fallback presentation compiler.
2026.05.16 07:30:14 INFO  no build target found for C:\Users\Emi\Pictures\Documents\botondepanico\src\main\java\botondepanico\controller\AuthController.java. Using fallback presentation compiler.
2026.05.16 07:31:02 INFO  no build target found for C:\Users\Emi\Pictures\Documents\botondepanico\src\main\java\botondepanico\controller\EmergenciaController.java. Using fallback presentation compiler.
2026.05.16 07:31:02 WARN  no build target for: C:\Users\Emi\Pictures\Documents\botondepanico\src\main\java\botondepanico\controller\EmergenciaController.java
2026.05.16 07:31:02 INFO  no build target found for C:\Users\Emi\Pictures\Documents\botondepanico\src\main\java\botondepanico\controller\EmergenciaController.java. Using fallback presentation compiler.
may. 16, 2026 7:31:02 A. M. org.eclipse.lsp4j.jsonrpc.RemoteEndpoint handleCancellation
WARNING: Unmatched cancel notification for request id 52
2026.05.16 07:31:02 INFO  no build target found for C:\Users\Emi\Pictures\Documents\botondepanico\src\main\java\botondepanico\controller\EmergenciaController.java. Using fallback presentation compiler.
2026.05.16 07:31:02 INFO  no build target found for C:\Users\Emi\Pictures\Documents\botondepanico\src\main\java\botondepanico\controller\EmergenciaController.java. Using fallback presentation compiler.
2026.05.16 07:31:02 INFO  no build target found for C:\Users\Emi\Pictures\Documents\botondepanico\src\main\java\botondepanico\controller\EmergenciaController.java. Using fallback presentation compiler.
may. 16, 2026 7:31:03 A. M. org.eclipse.lsp4j.jsonrpc.RemoteEndpoint handleCancellation
WARNING: Unmatched cancel notification for request id 58
2026.05.16 07:31:03 INFO  no build target found for C:\Users\Emi\Pictures\Documents\botondepanico\src\main\java\botondepanico\controller\EmergenciaController.java. Using fallback presentation compiler.
2026.05.16 07:31:02 INFO  no build target found for C:\Users\Emi\Pictures\Documents\botondepanico\src\main\java\botondepanico\controller\EmergenciaController.java. Using fallback presentation compiler.
2026.05.16 07:31:03 INFO  no build target found for C:\Users\Emi\Pictures\Documents\botondepanico\src\main\java\botondepanico\controller\EmergenciaController.java. Using fallback presentation compiler.
2026.05.16 07:31:03 INFO  no build target found for C:\Users\Emi\Pictures\Documents\botondepanico\src\main\java\botondepanico\controller\EmergenciaController.java. Using fallback presentation compiler.
2026.05.16 07:31:03 INFO  no build target found for C:\Users\Emi\Pictures\Documents\botondepanico\src\main\java\botondepanico\controller\EmergenciaController.java. Using fallback presentation compiler.
2026.05.16 07:31:04 INFO  no build target found for C:\Users\Emi\Pictures\Documents\botondepanico\src\main\java\botondepanico\controller\EmergenciaController.java. Using fallback presentation compiler.
2026.05.16 07:31:04 INFO  no build target found for C:\Users\Emi\Pictures\Documents\botondepanico\src\main\java\botondepanico\controller\EmergenciaController.java. Using fallback presentation compiler.
2026.05.16 07:31:07 INFO  no build target found for C:\Users\Emi\Pictures\Documents\botondepanico\src\main\java\botondepanico\controller\EmergenciaController.java. Using fallback presentation compiler.
2026.05.16 07:31:07 INFO  no build target found for C:\Users\Emi\Pictures\Documents\botondepanico\src\main\java\botondepanico\controller\EmergenciaController.java. Using fallback presentation compiler.
2026.05.16 07:31:09 INFO  no build target found for C:\Users\Emi\Pictures\Documents\botondepanico\src\main\java\botondepanico\controller\EmergenciaController.java. Using fallback presentation compiler.
may. 16, 2026 7:31:09 A. M. org.eclipse.lsp4j.jsonrpc.RemoteEndpoint handleCancellation
WARNING: Unmatched cancel notification for request id 72
2026.05.16 07:31:09 INFO  no build target found for C:\Users\Emi\Pictures\Documents\botondepanico\src\main\java\botondepanico\controller\EmergenciaController.java. Using fallback presentation compiler.
2026.05.16 07:31:09 INFO  no build target found for C:\Users\Emi\Pictures\Documents\botondepanico\src\main\java\botondepanico\controller\EmergenciaController.java. Using fallback presentation compiler.
2026.05.16 07:32:01 WARN  no build target for: C:\Users\Emi\Pictures\Documents\botondepanico\src\main\java\botondepanico\controller\HomeController.java
2026.05.16 07:32:01 INFO  no build target found for C:\Users\Emi\Pictures\Documents\botondepanico\src\main\java\botondepanico\controller\HomeController.java. Using fallback presentation compiler.
2026.05.16 07:32:01 INFO  no build target found for C:\Users\Emi\Pictures\Documents\botondepanico\src\main\java\botondepanico\controller\HomeController.java. Using fallback presentation compiler.
2026.05.16 07:32:01 INFO  no build target found for C:\Users\Emi\Pictures\Documents\botondepanico\src\main\java\botondepanico\controller\HomeController.java. Using fallback presentation compiler.
2026.05.16 07:32:01 INFO  no build target found for C:\Users\Emi\Pictures\Documents\botondepanico\src\main\java\botondepanico\controller\HomeController.java. Using fallback presentation compiler.
2026.05.16 07:32:02 INFO  no build target found for C:\Users\Emi\Pictures\Documents\botondepanico\src\main\java\botondepanico\controller\HomeController.java. Using fallback presentation compiler.
2026.05.16 07:32:03 INFO  no build target found for C:\Users\Emi\Pictures\Documents\botondepanico\src\main\java\botondepanico\controller\HomeController.java. Using fallback presentation compiler.
2026.05.16 07:32:03 INFO  no build target found for C:\Users\Emi\Pictures\Documents\botondepanico\src\main\java\botondepanico\controller\HomeController.java. Using fallback presentation compiler.
2026.05.16 07:32:05 INFO  no build target found for C:\Users\Emi\Pictures\Documents\botondepanico\src\main\java\botondepanico\controller\HomeController.java. Using fallback presentation compiler.
2026.05.16 07:32:05 INFO  no build target found for C:\Users\Emi\Pictures\Documents\botondepanico\src\main\java\botondepanico\controller\HomeController.java. Using fallback presentation compiler.
2026.05.16 07:32:05 INFO  no build target found for C:\Users\Emi\Pictures\Documents\botondepanico\src\main\java\botondepanico\controller\HomeController.java. Using fallback presentation compiler.
2026.05.16 07:32:10 INFO  no build target found for C:\Users\Emi\Pictures\Documents\botondepanico\src\main\java\botondepanico\controller\HomeController.java. Using fallback presentation compiler.
2026.05.16 07:32:10 INFO  no build target found for C:\Users\Emi\Pictures\Documents\botondepanico\src\main\java\botondepanico\controller\HomeController.java. Using fallback presentation compiler.
2026.05.16 07:32:11 INFO  no build target found for C:\Users\Emi\Pictures\Documents\botondepanico\src\main\java\botondepanico\controller\HomeController.java. Using fallback presentation compiler.
2026.05.16 07:32:13 INFO  no build target found for C:\Users\Emi\Pictures\Documents\botondepanico\src\main\java\botondepanico\controller\HomeController.java. Using fallback presentation compiler.
2026.05.16 07:32:13 INFO  no build target found for C:\Users\Emi\Pictures\Documents\botondepanico\src\main\java\botondepanico\controller\HomeController.java. Using fallback presentation compiler.
2026.05.16 07:32:16 INFO  no build target found for C:\Users\Emi\Pictures\Documents\botondepanico\src\main\java\botondepanico\controller\HomeController.java. Using fallback presentation compiler.
2026.05.16 07:32:37 WARN  no build target for: C:\Users\Emi\Pictures\Documents\botondepanico\src\main\java\botondepanico\model\Emergencia.java
2026.05.16 07:32:37 INFO  no build target found for C:\Users\Emi\Pictures\Documents\botondepanico\src\main\java\botondepanico\model\Emergencia.java. Using fallback presentation compiler.
may. 16, 2026 7:32:38 A. M. org.eclipse.lsp4j.jsonrpc.RemoteEndpoint handleCancellation
WARNING: Unmatched cancel notification for request id 111
2026.05.16 07:32:38 INFO  no build target found for C:\Users\Emi\Pictures\Documents\botondepanico\src\main\java\botondepanico\model\Emergencia.java. Using fallback presentation compiler.
2026.05.16 07:32:38 INFO  no build target found for C:\Users\Emi\Pictures\Documents\botondepanico\src\main\java\botondepanico\model\Emergencia.java. Using fallback presentation compiler.
2026.05.16 07:32:41 INFO  no build target found for C:\Users\Emi\Pictures\Documents\botondepanico\src\main\java\botondepanico\model\Emergencia.java. Using fallback presentation compiler.
2026.05.16 07:32:41 INFO  no build target found for C:\Users\Emi\Pictures\Documents\botondepanico\src\main\java\botondepanico\model\Emergencia.java. Using fallback presentation compiler.
2026.05.16 07:32:44 INFO  no build target found for C:\Users\Emi\Pictures\Documents\botondepanico\src\main\java\botondepanico\model\Emergencia.java. Using fallback presentation compiler.
2026.05.16 07:32:44 INFO  no build target found for C:\Users\Emi\Pictures\Documents\botondepanico\src\main\java\botondepanico\model\Emergencia.java. Using fallback presentation compiler.
2026.05.16 07:34:54 INFO  no build target found for C:\Users\Emi\Pictures\Documents\botondepanico\src\main\java\botondepanico\model\Emergencia.java. Using fallback presentation compiler.
2026.05.16 07:34:56 INFO  no build target found for C:\Users\Emi\Pictures\Documents\botondepanico\src\main\java\botondepanico\repository\UsuarioRepository.java. Using fallback presentation compiler.
2026.05.16 07:34:56 WARN  no build target for: C:\Users\Emi\Pictures\Documents\botondepanico\src\main\java\botondepanico\model\Usuario.java
2026.05.16 07:34:56 INFO  no build target found for C:\Users\Emi\Pictures\Documents\botondepanico\src\main\java\botondepanico\model\Usuario.java. Using fallback presentation compiler.
2026.05.16 07:34:56 INFO  no build target found for C:\Users\Emi\Pictures\Documents\botondepanico\src\main\java\botondepanico\model\Usuario.java. Using fallback presentation compiler.
may. 16, 2026 7:34:56 A. M. org.eclipse.lsp4j.jsonrpc.RemoteEndpoint handleCancellation
WARNING: Unmatched cancel notification for request id 132
2026.05.16 07:34:56 INFO  no build target found for C:\Users\Emi\Pictures\Documents\botondepanico\src\main\java\botondepanico\model\Usuario.java. Using fallback presentation compiler.
may. 16, 2026 7:34:57 A. M. org.eclipse.lsp4j.jsonrpc.RemoteEndpoint handleCancellation
WARNING: Unmatched cancel notification for request id 135
2026.05.16 07:34:56 INFO  no build target found for C:\Users\Emi\Pictures\Documents\botondepanico\src\main\java\botondepanico\model\Usuario.java. Using fallback presentation compiler.
2026.05.16 07:34:57 INFO  no build target found for C:\Users\Emi\Pictures\Documents\botondepanico\src\main\java\botondepanico\model\Usuario.java. Using fallback presentation compiler.
2026.05.16 07:34:58 INFO  no build target found for C:\Users\Emi\Pictures\Documents\botondepanico\src\main\java\botondepanico\model\Usuario.java. Using fallback presentation compiler.
2026.05.16 07:35:07 WARN  no build target for: C:\Users\Emi\Pictures\Documents\botondepanico\src\main\java\botondepanico\repository\EmergenciaRepository.java
2026.05.16 07:35:07 INFO  no build target found for C:\Users\Emi\Pictures\Documents\botondepanico\src\main\java\botondepanico\repository\EmergenciaRepository.java. Using fallback presentation compiler.
2026.05.16 07:35:07 INFO  no build target found for C:\Users\Emi\Pictures\Documents\botondepanico\src\main\java\botondepanico\repository\EmergenciaRepository.java. Using fallback presentation compiler.
2026.05.16 07:35:07 INFO  no build target found for C:\Users\Emi\Pictures\Documents\botondepanico\src\main\java\botondepanico\repository\EmergenciaRepository.java. Using fallback presentation compiler.
2026.05.16 07:35:07 INFO  no build target found for C:\Users\Emi\Pictures\Documents\botondepanico\src\main\java\botondepanico\repository\EmergenciaRepository.java. Using fallback presentation compiler.
2026.05.16 07:35:08 INFO  no build target found for C:\Users\Emi\Pictures\Documents\botondepanico\src\main\java\botondepanico\repository\EmergenciaRepository.java. Using fallback presentation compiler.
2026.05.16 07:35:09 INFO  no build target found for C:\Users\Emi\Pictures\Documents\botondepanico\src\main\java\botondepanico\repository\EmergenciaRepository.java. Using fallback presentation compiler.
2026.05.16 07:35:09 INFO  no build target found for C:\Users\Emi\Pictures\Documents\botondepanico\src\main\java\botondepanico\repository\EmergenciaRepository.java. Using fallback presentation compiler.
2026.05.16 07:35:12 INFO  no build target found for C:\Users\Emi\Pictures\Documents\botondepanico\src\main\java\botondepanico\repository\EmergenciaRepository.java. Using fallback presentation compiler.
2026.05.16 07:35:12 INFO  no build target found for C:\Users\Emi\Pictures\Documents\botondepanico\src\main\java\botondepanico\repository\EmergenciaRepository.java. Using fallback presentation compiler.
2026.05.16 07:35:46 WARN  no build target for: C:\Users\Emi\Pictures\Documents\botondepanico\src\main\java\botondepanico\repository\UsuarioRepository.java
2026.05.16 07:35:46 INFO  no build target found for C:\Users\Emi\Pictures\Documents\botondepanico\src\main\java\botondepanico\repository\UsuarioRepository.java. Using fallback presentation compiler.
2026.05.16 07:35:46 INFO  no build target found for C:\Users\Emi\Pictures\Documents\botondepanico\src\main\java\botondepanico\repository\UsuarioRepository.java. Using fallback presentation compiler.
2026.05.16 07:35:46 INFO  no build target found for C:\Users\Emi\Pictures\Documents\botondepanico\src\main\java\botondepanico\repository\UsuarioRepository.java. Using fallback presentation compiler.
2026.05.16 07:35:46 INFO  no build target found for C:\Users\Emi\Pictures\Documents\botondepanico\src\main\java\botondepanico\repository\UsuarioRepository.java. Using fallback presentation compiler.
2026.05.16 07:35:47 INFO  no build target found for C:\Users\Emi\Pictures\Documents\botondepanico\src\main\java\botondepanico\repository\UsuarioRepository.java. Using fallback presentation compiler.
2026.05.16 07:35:47 INFO  no build target found for C:\Users\Emi\Pictures\Documents\botondepanico\src\main\java\botondepanico\repository\UsuarioRepository.java. Using fallback presentation compiler.
2026.05.16 07:35:47 INFO  no build target found for C:\Users\Emi\Pictures\Documents\botondepanico\src\main\java\botondepanico\repository\UsuarioRepository.java. Using fallback presentation compiler.
2026.05.16 07:35:47 INFO  no build target found for C:\Users\Emi\Pictures\Documents\botondepanico\src\main\java\botondepanico\repository\UsuarioRepository.java. Using fallback presentation compiler.
2026.05.16 07:35:49 INFO  no build target found for C:\Users\Emi\Pictures\Documents\botondepanico\src\main\java\botondepanico\repository\UsuarioRepository.java. Using fallback presentation compiler.
2026.05.16 07:35:49 INFO  no build target found for C:\Users\Emi\Pictures\Documents\botondepanico\src\main\java\botondepanico\repository\UsuarioRepository.java. Using fallback presentation compiler.
2026.05.16 07:35:51 INFO  no build target found for C:\Users\Emi\Pictures\Documents\botondepanico\src\main\java\botondepanico\repository\UsuarioRepository.java. Using fallback presentation compiler.
2026.05.16 07:35:53 INFO  no build target found for C:\Users\Emi\Pictures\Documents\botondepanico\src\main\java\botondepanico\repository\UsuarioRepository.java. Using fallback presentation compiler.
2026.05.16 07:35:53 INFO  no build target found for C:\Users\Emi\Pictures\Documents\botondepanico\src\main\java\botondepanico\repository\UsuarioRepository.java. Using fallback presentation compiler.
2026.05.16 07:36:23 INFO  no build target found for C:\Users\Emi\Pictures\Documents\botondepanico\src\main\java\botondepanico\service\EmailService.java. Using fallback presentation compiler.
2026.05.16 07:36:23 WARN  no build target for: C:\Users\Emi\Pictures\Documents\botondepanico\src\main\java\botondepanico\service\EmailService.java
2026.05.16 07:36:24 INFO  no build target found for C:\Users\Emi\Pictures\Documents\botondepanico\src\main\java\botondepanico\service\EmailService.java. Using fallback presentation compiler.
2026.05.16 07:36:23 INFO  no build target found for C:\Users\Emi\Pictures\Documents\botondepanico\src\main\java\botondepanico\service\EmailService.java. Using fallback presentation compiler.
2026.05.16 07:36:23 INFO  no build target found for C:\Users\Emi\Pictures\Documents\botondepanico\src\main\java\botondepanico\service\EmailService.java. Using fallback presentation compiler.
2026.05.16 07:36:23 INFO  no build target found for C:\Users\Emi\Pictures\Documents\botondepanico\src\main\java\botondepanico\service\EmailService.java. Using fallback presentation compiler.
2026.05.16 07:36:25 INFO  no build target found for C:\Users\Emi\Pictures\Documents\botondepanico\src\main\java\botondepanico\service\EmailService.java. Using fallback presentation compiler.
2026.05.16 07:36:27 INFO  no build target found for C:\Users\Emi\Pictures\Documents\botondepanico\src\main\java\botondepanico\service\EmailService.java. Using fallback presentation compiler.
2026.05.16 07:36:27 INFO  no build target found for C:\Users\Emi\Pictures\Documents\botondepanico\src\main\java\botondepanico\service\EmailService.java. Using fallback presentation compiler.
2026.05.16 07:36:27 INFO  no build target found for C:\Users\Emi\Pictures\Documents\botondepanico\src\main\java\botondepanico\service\EmailService.java. Using fallback presentation compiler.
2026.05.16 07:36:30 INFO  no build target found for C:\Users\Emi\Pictures\Documents\botondepanico\src\main\java\botondepanico\service\EmailService.java. Using fallback presentation compiler.
2026.05.16 07:36:30 INFO  no build target found for C:\Users\Emi\Pictures\Documents\botondepanico\src\main\java\botondepanico\service\EmailService.java. Using fallback presentation compiler.
2026.05.16 07:37:30 WARN  no build target for: C:\Users\Emi\Pictures\Documents\botondepanico\src\main\java\botondepanico\service\EmergenciaService.java
2026.05.16 07:37:30 INFO  no build target found for C:\Users\Emi\Pictures\Documents\botondepanico\src\main\java\botondepanico\service\EmergenciaService.java. Using fallback presentation compiler.
C:\Users\Emi\Pictures\Documents\botondepanico\src\main\java\botondepanico\service\EmergenciaService.java:44: error: unmappable character (0x9D) for encoding windows-1252
            System.out.println("â?Œ Error enviando correo: " + e.getMessage());
                                 ^
2026.05.16 07:37:30 INFO  no build target found for C:\Users\Emi\Pictures\Documents\botondepanico\src\main\java\botondepanico\service\EmergenciaService.java. Using fallback presentation compiler.
2026.05.16 07:37:30 INFO  no build target found for C:\Users\Emi\Pictures\Documents\botondepanico\src\main\java\botondepanico\service\EmergenciaService.java. Using fallback presentation compiler.
may. 16, 2026 7:37:30 A. M. org.eclipse.lsp4j.jsonrpc.RemoteEndpoint handleCancellation
WARNING: Unmatched cancel notification for request id 216
2026.05.16 07:37:30 INFO  no build target found for C:\Users\Emi\Pictures\Documents\botondepanico\src\main\java\botondepanico\service\EmergenciaService.java. Using fallback presentation compiler.
2026.05.16 07:37:31 INFO  no build target found for C:\Users\Emi\Pictures\Documents\botondepanico\src\main\java\botondepanico\service\EmergenciaService.java. Using fallback presentation compiler.
2026.05.16 07:37:37 INFO  no build target found for C:\Users\Emi\Pictures\Documents\botondepanico\src\main\java\botondepanico\service\EmergenciaService.java. Using fallback presentation compiler.
2026.05.16 07:37:37 INFO  no build target found for C:\Users\Emi\Pictures\Documents\botondepanico\src\main\java\botondepanico\service\EmergenciaService.java. Using fallback presentation compiler.
2026.05.16 07:37:56 INFO  no build target found for C:\Users\Emi\Pictures\Documents\botondepanico\src\main\java\botondepanico\model\Usuario.java. Using fallback presentation compiler.
2026.05.16 07:38:35 INFO  no build target found for C:\Users\Emi\Pictures\Documents\botondepanico\src\main\java\botondepanico\service\EmergenciaService.java. Using fallback presentation compiler.
2026.05.16 07:38:35 INFO  no build target found for C:\Users\Emi\Pictures\Documents\botondepanico\src\main\java\botondepanico\service\EmergenciaService.java. Using fallback presentation compiler.
2026.05.16 07:38:36 WARN  no build target for: C:\Users\Emi\Pictures\Documents\botondepanico\src\main\java\botondepanico\service\UsuarioService.java
2026.05.16 07:38:36 INFO  no build target found for C:\Users\Emi\Pictures\Documents\botondepanico\src\main\java\botondepanico\service\UsuarioService.java. Using fallback presentation compiler.
2026.05.16 07:38:37 INFO  no build target found for C:\Users\Emi\Pictures\Documents\botondepanico\src\main\java\botondepanico\service\UsuarioService.java. Using fallback presentation compiler.
may. 16, 2026 7:38:37 A. M. org.eclipse.lsp4j.jsonrpc.RemoteEndpoint handleCancellation
WARNING: Unmatched cancel notification for request id 232
2026.05.16 07:38:36 INFO  no build target found for C:\Users\Emi\Pictures\Documents\botondepanico\src\main\java\botondepanico\service\UsuarioService.java. Using fallback presentation compiler.
2026.05.16 07:38:36 INFO  no build target found for C:\Users\Emi\Pictures\Documents\botondepanico\src\main\java\botondepanico\service\UsuarioService.java. Using fallback presentation compiler.
2026.05.16 07:38:36 INFO  no build target found for C:\Users\Emi\Pictures\Documents\botondepanico\src\main\java\botondepanico\service\UsuarioService.java. Using fallback presentation compiler.
2026.05.16 07:38:37 INFO  no build target found for C:\Users\Emi\Pictures\Documents\botondepanico\src\main\java\botondepanico\service\UsuarioService.java. Using fallback presentation compiler.
2026.05.16 07:38:36 INFO  no build target found for C:\Users\Emi\Pictures\Documents\botondepanico\src\main\java\botondepanico\service\UsuarioService.java. Using fallback presentation compiler.
2026.05.16 07:38:38 INFO  no build target found for C:\Users\Emi\Pictures\Documents\botondepanico\src\main\java\botondepanico\service\UsuarioService.java. Using fallback presentation compiler.
2026.05.16 07:38:38 INFO  no build target found for C:\Users\Emi\Pictures\Documents\botondepanico\src\main\java\botondepanico\service\UsuarioService.java. Using fallback presentation compiler.
2026.05.16 07:38:39 INFO  no build target found for C:\Users\Emi\Pictures\Documents\botondepanico\src\main\java\botondepanico\service\UsuarioService.java. Using fallback presentation compiler.
2026.05.16 07:38:39 INFO  no build target found for C:\Users\Emi\Pictures\Documents\botondepanico\src\main\java\botondepanico\service\UsuarioService.java. Using fallback presentation compiler.
2026.05.16 07:38:42 INFO  no build target found for C:\Users\Emi\Pictures\Documents\botondepanico\src\main\java\botondepanico\service\UsuarioService.java. Using fallback presentation compiler.
2026.05.16 07:38:42 INFO  no build target found for C:\Users\Emi\Pictures\Documents\botondepanico\src\main\java\botondepanico\service\UsuarioService.java. Using fallback presentation compiler.
2026.05.16 07:39:09 INFO  no build target found for C:\Users\Emi\Pictures\Documents\botondepanico\src\main\java\botondepanico\service\EmergenciaService.java. Using fallback presentation compiler.
2026.05.16 07:39:09 WARN  no build target for: C:\Users\Emi\Pictures\Documents\botondepanico\src\main\java\botondepanico\service\EmergenciaService.java
may. 16, 2026 7:39:09 A. M. org.eclipse.lsp4j.jsonrpc.RemoteEndpoint handleCancellation
WARNING: Unmatched cancel notification for request id 255
2026.05.16 07:39:09 INFO  no build target found for C:\Users\Emi\Pictures\Documents\botondepanico\src\main\java\botondepanico\service\EmergenciaService.java. Using fallback presentation compiler.
2026.05.16 07:39:09 INFO  no build target found for C:\Users\Emi\Pictures\Documents\botondepanico\src\main\java\botondepanico\service\EmergenciaService.java. Using fallback presentation compiler.
2026.05.16 07:39:09 INFO  no build target found for C:\Users\Emi\Pictures\Documents\botondepanico\src\main\java\botondepanico\service\EmergenciaService.java. Using fallback presentation compiler.
2026.05.16 07:39:10 INFO  no build target found for C:\Users\Emi\Pictures\Documents\botondepanico\src\main\java\botondepanico\service\EmergenciaService.java. Using fallback presentation compiler.
2026.05.16 07:39:19 INFO  no build target found for C:\Users\Emi\Pictures\Documents\botondepanico\src\main\java\botondepanico\service\EmergenciaService.java. Using fallback presentation compiler.
2026.05.16 07:39:30 INFO  no build target found for C:\Users\Emi\Pictures\Documents\botondepanico\src\main\java\botondepanico\repository\UsuarioRepository.java. Using fallback presentation compiler.
2026.05.16 07:39:30 WARN  no build target for: C:\Users\Emi\Pictures\Documents\botondepanico\src\main\java\botondepanico\BotondepanicoApplication.java
2026.05.16 07:39:30 INFO  no build target found for C:\Users\Emi\Pictures\Documents\botondepanico\src\main\java\botondepanico\BotondepanicoApplication.java. Using fallback presentation compiler.
2026.05.16 07:39:30 INFO  no build target found for C:\Users\Emi\Pictures\Documents\botondepanico\src\main\java\botondepanico\BotondepanicoApplication.java. Using fallback presentation compiler.
2026.05.16 07:39:30 INFO  no build target found for C:\Users\Emi\Pictures\Documents\botondepanico\src\main\java\botondepanico\BotondepanicoApplication.java. Using fallback presentation compiler.
may. 16, 2026 7:39:30 A. M. org.eclipse.lsp4j.jsonrpc.RemoteEndpoint handleCancellation
WARNING: Unmatched cancel notification for request id 269
2026.05.16 07:39:31 INFO  no build target found for C:\Users\Emi\Pictures\Documents\botondepanico\src\main\java\botondepanico\BotondepanicoApplication.java. Using fallback presentation compiler.
2026.05.16 07:39:33 INFO  no build target found for C:\Users\Emi\Pictures\Documents\botondepanico\src\main\java\botondepanico\BotondepanicoApplication.java. Using fallback presentation compiler.
2026.05.16 07:39:33 INFO  no build target found for C:\Users\Emi\Pictures\Documents\botondepanico\src\main\java\botondepanico\BotondepanicoApplication.java. Using fallback presentation compiler.
2026.05.16 07:39:33 INFO  no build target found for C:\Users\Emi\Pictures\Documents\botondepanico\src\main\java\botondepanico\BotondepanicoApplication.java. Using fallback presentation compiler.
2026.05.16 08:23:49 INFO  no build target found for C:\Users\Emi\Pictures\Documents\botondepanico\src\main\java\botondepanico\controller\EmergenciaController.java. Using fallback presentation compiler.
2026.05.16 08:23:49 WARN  no build target for: C:\Users\Emi\Pictures\Documents\botondepanico\src\main\java\botondepanico\controller\EmergenciaController.java
may. 16, 2026 8:23:49 A. M. org.eclipse.lsp4j.jsonrpc.RemoteEndpoint handleCancellation
WARNING: Unmatched cancel notification for request id 296
2026.05.16 08:23:49 INFO  no build target found for C:\Users\Emi\Pictures\Documents\botondepanico\src\main\java\botondepanico\controller\EmergenciaController.java. Using fallback presentation compiler.
2026.05.16 08:23:49 INFO  no build target found for C:\Users\Emi\Pictures\Documents\botondepanico\src\main\java\botondepanico\controller\EmergenciaController.java. Using fallback presentation compiler.
2026.05.16 08:23:50 INFO  no build target found for C:\Users\Emi\Pictures\Documents\botondepanico\src\main\java\botondepanico\controller\EmergenciaController.java. Using fallback presentation compiler.
2026.05.16 08:23:52 INFO  no build target found for C:\Users\Emi\Pictures\Documents\botondepanico\src\main\java\botondepanico\controller\EmergenciaController.java. Using fallback presentation compiler.
2026.05.16 08:24:06 INFO  no build target found for C:\Users\Emi\Pictures\Documents\botondepanico\src\main\java\botondepanico\controller\EmergenciaController.java. Using fallback presentation compiler.
2026.05.16 08:24:08 INFO  no build target found for C:\Users\Emi\Pictures\Documents\botondepanico\src\main\java\botondepanico\controller\HomeController.java. Using fallback presentation compiler.
2026.05.16 08:24:08 WARN  no build target for: C:\Users\Emi\Pictures\Documents\botondepanico\src\main\java\botondepanico\controller\HomeController.java
2026.05.16 08:24:08 INFO  no build target found for C:\Users\Emi\Pictures\Documents\botondepanico\src\main\java\botondepanico\controller\HomeController.java. Using fallback presentation compiler.
2026.05.16 08:24:08 INFO  no build target found for C:\Users\Emi\Pictures\Documents\botondepanico\src\main\java\botondepanico\controller\HomeController.java. Using fallback presentation compiler.
2026.05.16 08:24:08 INFO  no build target found for C:\Users\Emi\Pictures\Documents\botondepanico\src\main\java\botondepanico\controller\HomeController.java. Using fallback presentation compiler.
2026.05.16 08:24:10 INFO  no build target found for C:\Users\Emi\Pictures\Documents\botondepanico\src\main\java\botondepanico\controller\AuthController.java. Using fallback presentation compiler.
2026.05.16 08:24:10 WARN  no build target for: C:\Users\Emi\Pictures\Documents\botondepanico\src\main\java\botondepanico\controller\AuthController.java
2026.05.16 08:24:10 INFO  no build target found for C:\Users\Emi\Pictures\Documents\botondepanico\src\main\java\botondepanico\controller\AuthController.java. Using fallback presentation compiler.
2026.05.16 08:24:10 INFO  no build target found for C:\Users\Emi\Pictures\Documents\botondepanico\src\main\java\botondepanico\controller\AuthController.java. Using fallback presentation compiler.
2026.05.16 08:24:10 INFO  no build target found for C:\Users\Emi\Pictures\Documents\botondepanico\src\main\java\botondepanico\controller\AuthController.java. Using fallback presentation compiler.
2026.05.16 08:24:14 INFO  no build target found for C:\Users\Emi\Pictures\Documents\botondepanico\src\main\java\botondepanico\model\Emergencia.java. Using fallback presentation compiler.
2026.05.16 08:24:14 WARN  no build target for: C:\Users\Emi\Pictures\Documents\botondepanico\src\main\java\botondepanico\model\Emergencia.java
2026.05.16 08:24:14 INFO  no build target found for C:\Users\Emi\Pictures\Documents\botondepanico\src\main\java\botondepanico\model\Emergencia.java. Using fallback presentation compiler.
2026.05.16 08:24:14 INFO  no build target found for C:\Users\Emi\Pictures\Documents\botondepanico\src\main\java\botondepanico\model\Emergencia.java. Using fallback presentation compiler.
may. 16, 2026 8:24:14 A. M. org.eclipse.lsp4j.jsonrpc.RemoteEndpoint handleCancellation
WARNING: Unmatched cancel notification for request id 335
2026.05.16 08:24:14 INFO  no build target found for C:\Users\Emi\Pictures\Documents\botondepanico\src\main\java\botondepanico\model\Emergencia.java. Using fallback presentation compiler.
2026.05.16 08:24:15 INFO  no build target found for C:\Users\Emi\Pictures\Documents\botondepanico\src\main\java\botondepanico\model\Emergencia.java. Using fallback presentation compiler.
2026.05.16 08:24:17 INFO  no build target found for C:\Users\Emi\Pictures\Documents\botondepanico\src\main\java\botondepanico\BotondepanicoApplication.java. Using fallback presentation compiler.
2026.05.16 08:24:17 WARN  no build target for: C:\Users\Emi\Pictures\Documents\botondepanico\src\main\java\botondepanico\model\Usuario.java
2026.05.16 08:24:17 INFO  no build target found for C:\Users\Emi\Pictures\Documents\botondepanico\src\main\java\botondepanico\model\Usuario.java. Using fallback presentation compiler.
2026.05.16 08:24:17 INFO  no build target found for C:\Users\Emi\Pictures\Documents\botondepanico\src\main\java\botondepanico\model\Usuario.java. Using fallback presentation compiler.
2026.05.16 08:24:17 INFO  no build target found for C:\Users\Emi\Pictures\Documents\botondepanico\src\main\java\botondepanico\model\Usuario.java. Using fallback presentation compiler.
2026.05.16 08:24:18 INFO  no build target found for C:\Users\Emi\Pictures\Documents\botondepanico\src\main\java\botondepanico\model\Usuario.java. Using fallback presentation compiler.
2026.05.16 08:24:23 INFO  no build target found for C:\Users\Emi\Pictures\Documents\botondepanico\src\main\java\botondepanico\repository\EmergenciaRepository.java. Using fallback presentation compiler.
2026.05.16 08:24:24 WARN  no build target for: C:\Users\Emi\Pictures\Documents\botondepanico\src\main\java\botondepanico\repository\EmergenciaRepository.java
2026.05.16 08:24:23 INFO  no build target found for C:\Users\Emi\Pictures\Documents\botondepanico\src\main\java\botondepanico\repository\EmergenciaRepository.java. Using fallback presentation compiler.
2026.05.16 08:24:24 INFO  no build target found for C:\Users\Emi\Pictures\Documents\botondepanico\src\main\java\botondepanico\repository\EmergenciaRepository.java. Using fallback presentation compiler.
2026.05.16 08:24:23 INFO  no build target found for C:\Users\Emi\Pictures\Documents\botondepanico\src\main\java\botondepanico\repository\EmergenciaRepository.java. Using fallback presentation compiler.
2026.05.16 08:24:27 WARN  no build target for: C:\Users\Emi\Pictures\Documents\botondepanico\src\main\java\botondepanico\repository\UsuarioRepository.java
2026.05.16 08:24:27 INFO  no build target found for C:\Users\Emi\Pictures\Documents\botondepanico\src\main\java\botondepanico\repository\UsuarioRepository.java. Using fallback presentation compiler.
2026.05.16 08:24:27 INFO  no build target found for C:\Users\Emi\Pictures\Documents\botondepanico\src\main\java\botondepanico\repository\UsuarioRepository.java. Using fallback presentation compiler.
2026.05.16 08:24:27 INFO  no build target found for C:\Users\Emi\Pictures\Documents\botondepanico\src\main\java\botondepanico\repository\UsuarioRepository.java. Using fallback presentation compiler.
2026.05.16 08:24:27 INFO  no build target found for C:\Users\Emi\Pictures\Documents\botondepanico\src\main\java\botondepanico\repository\UsuarioRepository.java. Using fallback presentation compiler.
2026.05.16 08:24:27 INFO  no build target found for C:\Users\Emi\Pictures\Documents\botondepanico\src\main\java\botondepanico\repository\UsuarioRepository.java. Using fallback presentation compiler.
2026.05.16 08:24:30 INFO  no build target found for C:\Users\Emi\Pictures\Documents\botondepanico\src\main\java\botondepanico\service\EmailService.java. Using fallback presentation compiler.
2026.05.16 08:24:30 WARN  no build target for: C:\Users\Emi\Pictures\Documents\botondepanico\src\main\java\botondepanico\service\EmailService.java
2026.05.16 08:24:30 INFO  no build target found for C:\Users\Emi\Pictures\Documents\botondepanico\src\main\java\botondepanico\service\EmailService.java. Using fallback presentation compiler.
2026.05.16 08:24:30 INFO  no build target found for C:\Users\Emi\Pictures\Documents\botondepanico\src\main\java\botondepanico\service\EmailService.java. Using fallback presentation compiler.
2026.05.16 08:24:30 INFO  no build target found for C:\Users\Emi\Pictures\Documents\botondepanico\src\main\java\botondepanico\service\EmailService.java. Using fallback presentation compiler.
2026.05.16 08:24:30 INFO  no build target found for C:\Users\Emi\Pictures\Documents\botondepanico\src\main\java\botondepanico\service\EmailService.java. Using fallback presentation compiler.
2026.05.16 08:24:36 INFO  no build target found for C:\Users\Emi\Pictures\Documents\botondepanico\src\main\java\botondepanico\service\EmailService.java. Using fallback presentation compiler.
2026.05.16 08:24:36 INFO  no build target found for C:\Users\Emi\Pictures\Documents\botondepanico\src\main\java\botondepanico\service\EmailService.java. Using fallback presentation compiler.
2026.05.16 08:24:39 INFO  no build target found for C:\Users\Emi\Pictures\Documents\botondepanico\src\main\java\botondepanico\service\EmailService.java. Using fallback presentation compiler.
2026.05.16 08:24:39 INFO  no build target found for C:\Users\Emi\Pictures\Documents\botondepanico\src\main\java\botondepanico\service\EmailService.java. Using fallback presentation compiler.
2026.05.16 08:26:35 INFO  no build target found for C:\Users\Emi\Pictures\Documents\botondepanico\src\main\java\botondepanico\service\EmailService.java. Using fallback presentation compiler.
2026.05.16 08:26:35 INFO  no build target found for C:\Users\Emi\Pictures\Documents\botondepanico\src\main\java\botondepanico\service\EmailService.java. Using fallback presentation compiler.
2026.05.16 08:26:41 INFO  no build target found for C:\Users\Emi\Pictures\Documents\botondepanico\src\main\java\botondepanico\service\EmailService.java. Using fallback presentation compiler.
2026.05.16 08:26:44 INFO  no build target found for C:\Users\Emi\Pictures\Documents\botondepanico\src\main\java\botondepanico\service\EmergenciaService.java. Using fallback presentation compiler.
2026.05.16 08:26:44 WARN  no build target for: C:\Users\Emi\Pictures\Documents\botondepanico\src\main\java\botondepanico\service\EmergenciaService.java
2026.05.16 08:26:44 INFO  no build target found for C:\Users\Emi\Pictures\Documents\botondepanico\src\main\java\botondepanico\service\EmergenciaService.java. Using fallback presentation compiler.
2026.05.16 08:26:44 INFO  no build target found for C:\Users\Emi\Pictures\Documents\botondepanico\src\main\java\botondepanico\service\EmergenciaService.java. Using fallback presentation compiler.
2026.05.16 08:26:44 INFO  no build target found for C:\Users\Emi\Pictures\Documents\botondepanico\src\main\java\botondepanico\service\EmergenciaService.java. Using fallback presentation compiler.
2026.05.16 08:27:17 INFO  no build target found for C:\Users\Emi\Pictures\Documents\botondepanico\src\main\java\botondepanico\model\Usuario.java. Using fallback presentation compiler.
2026.05.16 08:40:54 INFO  no build target found for C:\Users\Emi\Pictures\Documents\botondepanico\src\main\java\botondepanico\service\EmergenciaService.java. Using fallback presentation compiler.
2026.05.16 08:40:55 WARN  no build target for: C:\Users\Emi\Pictures\Documents\botondepanico\src\main\java\botondepanico\service\EmergenciaService.java
may. 16, 2026 8:40:55 A. M. org.eclipse.lsp4j.jsonrpc.RemoteEndpoint handleCancellation
WARNING: Unmatched cancel notification for request id 463
2026.05.16 08:40:55 INFO  no build target found for C:\Users\Emi\Pictures\Documents\botondepanico\src\main\java\botondepanico\service\EmergenciaService.java. Using fallback presentation compiler.
2026.05.16 08:40:55 INFO  no build target found for C:\Users\Emi\Pictures\Documents\botondepanico\src\main\java\botondepanico\service\EmergenciaService.java. Using fallback presentation compiler.
2026.05.16 08:40:56 INFO  no build target found for C:\Users\Emi\Pictures\Documents\botondepanico\src\main\java\botondepanico\service\EmergenciaService.java. Using fallback presentation compiler.
2026.05.16 08:41:05 INFO  no build target found for C:\Users\Emi\Pictures\Documents\botondepanico\src\main\java\botondepanico\service\EmergenciaService.java. Using fallback presentation compiler.
2026.05.16 08:41:05 INFO  no build target found for C:\Users\Emi\Pictures\Documents\botondepanico\src\main\java\botondepanico\service\EmergenciaService.java. Using fallback presentation compiler.
2026.05.16 08:42:26 INFO  no build target found for C:\Users\Emi\Pictures\Documents\botondepanico\src\main\java\botondepanico\service\EmergenciaService.java. Using fallback presentation compiler.
2026.05.16 08:43:14 INFO  no build target found for C:\Users\Emi\Pictures\Documents\botondepanico\src\main\java\botondepanico\service\EmergenciaService.java. Using fallback presentation compiler.
may. 16, 2026 8:43:15 A. M. org.eclipse.lsp4j.jsonrpc.RemoteEndpoint handleCancellation
WARNING: Unmatched cancel notification for request id 513
2026.05.16 08:43:14 INFO  no build target found for C:\Users\Emi\Pictures\Documents\botondepanico\src\main\java\botondepanico\service\EmergenciaService.java. Using fallback presentation compiler.
2026.05.16 08:43:14 INFO  no build target found for C:\Users\Emi\Pictures\Documents\botondepanico\src\main\java\botondepanico\service\EmergenciaService.java. Using fallback presentation compiler.
2026.05.16 08:43:24 INFO  no build target found for C:\Users\Emi\Pictures\Documents\botondepanico\src\main\java\botondepanico\service\EmergenciaService.java. Using fallback presentation compiler.
2026.05.16 08:43:26 INFO  no build target found for C:\Users\Emi\Pictures\Documents\botondepanico\src\main\java\botondepanico\service\EmergenciaService.java. Using fallback presentation compiler.
2026.05.16 08:43:26 INFO  no build target found for C:\Users\Emi\Pictures\Documents\botondepanico\src\main\java\botondepanico\service\EmergenciaService.java. Using fallback presentation compiler.
2026.05.16 08:43:26 INFO  no build target found for C:\Users\Emi\Pictures\Documents\botondepanico\src\main\java\botondepanico\service\EmergenciaService.java. Using fallback presentation compiler.
2026.05.16 08:43:28 INFO  no build target found for C:\Users\Emi\Pictures\Documents\botondepanico\src\main\java\botondepanico\service\EmergenciaService.java. Using fallback presentation compiler.
2026.05.16 08:43:28 INFO  no build target found for C:\Users\Emi\Pictures\Documents\botondepanico\src\main\java\botondepanico\service\EmergenciaService.java. Using fallback presentation compiler.
2026.05.16 08:43:30 INFO  no build target found for C:\Users\Emi\Pictures\Documents\botondepanico\src\main\java\botondepanico\service\EmergenciaService.java. Using fallback presentation compiler.
2026.05.16 08:43:30 INFO  no build target found for C:\Users\Emi\Pictures\Documents\botondepanico\src\main\java\botondepanico\service\EmergenciaService.java. Using fallback presentation compiler.
2026.05.16 08:43:35 INFO  no build target found for C:\Users\Emi\Pictures\Documents\botondepanico\src\main\java\botondepanico\service\EmergenciaService.java. Using fallback presentation compiler.
2026.05.16 08:43:52 INFO  no build target found for C:\Users\Emi\Pictures\Documents\botondepanico\src\main\java\botondepanico\service\EmergenciaService.java. Using fallback presentation compiler.
2026.05.16 08:43:52 INFO  no build target found for C:\Users\Emi\Pictures\Documents\botondepanico\src\main\java\botondepanico\service\EmergenciaService.java. Using fallback presentation compiler.
2026.05.16 08:43:52 INFO  no build target found for C:\Users\Emi\Pictures\Documents\botondepanico\src\main\java\botondepanico\service\EmergenciaService.java. Using fallback presentation compiler.
2026.05.16 08:43:53 INFO  no build target found for C:\Users\Emi\Pictures\Documents\botondepanico\src\main\java\botondepanico\service\EmergenciaService.java. Using fallback presentation compiler.
2026.05.16 08:43:53 INFO  no build target found for C:\Users\Emi\Pictures\Documents\botondepanico\src\main\java\botondepanico\service\EmergenciaService.java. Using fallback presentation compiler.
C:\Users\Emi\Pictures\Documents\botondepanico\src\main\java\botondepanico\service\EmergenciaService.java:44: error: unmappable character (0x9D) for encoding windows-1252
            System.out.println("â?Œ Error enviando correo: " + e.getMessage());
                                 ^
2026.05.16 08:43:54 INFO  no build target found for C:\Users\Emi\Pictures\Documents\botondepanico\src\main\java\botondepanico\service\EmergenciaService.java. Using fallback presentation compiler.
2026.05.16 08:43:55 INFO  no build target found for C:\Users\Emi\Pictures\Documents\botondepanico\src\main\java\botondepanico\service\EmergenciaService.java. Using fallback presentation compiler.
C:\Users\Emi\Pictures\Documents\botondepanico\src\main\java\botondepanico\service\EmergenciaService.java:44: error: unmappable character (0x9D) for encoding windows-1252
            System.out.println("â?Œ Error enviando correo: " + e.getMessage());
                                 ^
2026.05.16 08:43:55 INFO  no build target found for C:\Users\Emi\Pictures\Documents\botondepanico\src\main\java\botondepanico\service\EmergenciaService.java. Using fallback presentation compiler.
2026.05.16 08:43:55 INFO  no build target found for C:\Users\Emi\Pictures\Documents\botondepanico\src\main\java\botondepanico\service\EmergenciaService.java. Using fallback presentation compiler.
2026.05.16 08:43:55 INFO  no build target found for C:\Users\Emi\Pictures\Documents\botondepanico\src\main\java\botondepanico\service\EmergenciaService.java. Using fallback presentation compiler.
2026.05.16 08:43:56 WARN  no build target for: C:\Users\Emi\Pictures\Documents\botondepanico\src\main\java\botondepanico\service\EmergenciaService.java
2026.05.16 08:43:56 INFO  no build target found for C:\Users\Emi\Pictures\Documents\botondepanico\src\main\java\botondepanico\service\EmergenciaService.java. Using fallback presentation compiler.
2026.05.16 08:43:57 INFO  no build target found for C:\Users\Emi\Pictures\Documents\botondepanico\src\main\java\botondepanico\service\EmergenciaService.java. Using fallback presentation compiler.
2026.05.16 08:49:17 INFO  no build target found for C:\Users\Emi\Pictures\Documents\botondepanico\src\main\java\botondepanico\service\EmergenciaService.java. Using fallback presentation compiler.
2026.05.16 08:49:17 WARN  no build target for: C:\Users\Emi\Pictures\Documents\botondepanico\src\main\java\botondepanico\service\EmergenciaService.java
may. 16, 2026 8:49:17 A. M. org.eclipse.lsp4j.jsonrpc.RemoteEndpoint handleCancellation
WARNING: Unmatched cancel notification for request id 551
2026.05.16 08:49:17 INFO  no build target found for C:\Users\Emi\Pictures\Documents\botondepanico\src\main\java\botondepanico\service\EmergenciaService.java. Using fallback presentation compiler.
may. 16, 2026 8:49:17 A. M. org.eclipse.lsp4j.jsonrpc.RemoteEndpoint handleCancellation
WARNING: Unmatched cancel notification for request id 552
2026.05.16 08:49:17 INFO  no build target found for C:\Users\Emi\Pictures\Documents\botondepanico\src\main\java\botondepanico\service\EmergenciaService.java. Using fallback presentation compiler.
2026.05.16 08:49:17 INFO  no build target found for C:\Users\Emi\Pictures\Documents\botondepanico\src\main\java\botondepanico\service\EmergenciaService.java. Using fallback presentation compiler.
2026.05.16 08:49:19 INFO  no build target found for C:\Users\Emi\Pictures\Documents\botondepanico\src\main\java\botondepanico\service\EmergenciaService.java. Using fallback presentation compiler.
2026.05.16 08:49:19 INFO  no build target found for C:\Users\Emi\Pictures\Documents\botondepanico\src\main\java\botondepanico\service\EmergenciaService.java. Using fallback presentation compiler.
2026.05.16 08:49:22 INFO  no build target found for C:\Users\Emi\Pictures\Documents\botondepanico\src\main\java\botondepanico\service\EmergenciaService.java. Using fallback presentation compiler.
2026.05.16 08:49:22 INFO  no build target found for C:\Users\Emi\Pictures\Documents\botondepanico\src\main\java\botondepanico\service\EmergenciaService.java. Using fallback presentation compiler.
2026.05.16 08:49:56 INFO  no build target found for C:\Users\Emi\Pictures\Documents\botondepanico\src\main\java\botondepanico\service\EmailService.java. Using fallback presentation compiler.
2026.05.16 08:49:56 WARN  no build target for: C:\Users\Emi\Pictures\Documents\botondepanico\src\main\java\botondepanico\service\EmailService.java
2026.05.16 08:49:56 INFO  no build target found for C:\Users\Emi\Pictures\Documents\botondepanico\src\main\java\botondepanico\service\EmailService.java. Using fallback presentation compiler.
2026.05.16 08:49:56 INFO  no build target found for C:\Users\Emi\Pictures\Documents\botondepanico\src\main\java\botondepanico\service\EmailService.java. Using fallback presentation compiler.
2026.05.16 08:49:56 INFO  no build target found for C:\Users\Emi\Pictures\Documents\botondepanico\src\main\java\botondepanico\service\EmailService.java. Using fallback presentation compiler.
2026.05.16 08:49:57 INFO  no build target found for C:\Users\Emi\Pictures\Documents\botondepanico\src\main\java\botondepanico\service\EmailService.java. Using fallback presentation compiler.
2026.05.16 08:49:57 INFO  no build target found for C:\Users\Emi\Pictures\Documents\botondepanico\src\main\java\botondepanico\service\EmailService.java. Using fallback presentation compiler.
2026.05.16 08:49:57 INFO  no build target found for C:\Users\Emi\Pictures\Documents\botondepanico\src\main\java\botondepanico\service\EmailService.java. Using fallback presentation compiler.
2026.05.16 08:49:57 INFO  no build target found for C:\Users\Emi\Pictures\Documents\botondepanico\src\main\java\botondepanico\service\EmailService.java. Using fallback presentation compiler.
2026.05.16 08:49:59 INFO  no build target found for C:\Users\Emi\Pictures\Documents\botondepanico\src\main\java\botondepanico\service\EmailService.java. Using fallback presentation compiler.
2026.05.16 08:49:59 INFO  no build target found for C:\Users\Emi\Pictures\Documents\botondepanico\src\main\java\botondepanico\service\EmailService.java. Using fallback presentation compiler.
2026.05.16 08:50:00 INFO  no build target found for C:\Users\Emi\Pictures\Documents\botondepanico\src\main\java\botondepanico\service\EmailService.java. Using fallback presentation compiler.
2026.05.16 08:50:02 INFO  no build target found for C:\Users\Emi\Pictures\Documents\botondepanico\src\main\java\botondepanico\service\EmailService.java. Using fallback presentation compiler.
2026.05.16 08:50:02 INFO  no build target found for C:\Users\Emi\Pictures\Documents\botondepanico\src\main\java\botondepanico\service\EmailService.java. Using fallback presentation compiler.
2026.05.16 08:50:02 INFO  no build target found for C:\Users\Emi\Pictures\Documents\botondepanico\src\main\java\botondepanico\service\EmailService.java. Using fallback presentation compiler.
2026.05.16 08:51:24 INFO  no build target found for C:\Users\Emi\Pictures\Documents\botondepanico\src\main\java\botondepanico\service\EmailService.java. Using fallback presentation compiler.
2026.05.16 08:51:24 INFO  no build target found for C:\Users\Emi\Pictures\Documents\botondepanico\src\main\java\botondepanico\service\EmailService.java. Using fallback presentation compiler.
2026.05.16 08:51:27 INFO  no build target found for C:\Users\Emi\Pictures\Documents\botondepanico\src\main\java\botondepanico\service\EmergenciaService.java. Using fallback presentation compiler.
2026.05.16 08:51:27 WARN  no build target for: C:\Users\Emi\Pictures\Documents\botondepanico\src\main\java\botondepanico\service\EmergenciaService.java
2026.05.16 08:51:27 INFO  no build target found for C:\Users\Emi\Pictures\Documents\botondepanico\src\main\java\botondepanico\service\EmergenciaService.java. Using fallback presentation compiler.
2026.05.16 08:51:27 INFO  no build target found for C:\Users\Emi\Pictures\Documents\botondepanico\src\main\java\botondepanico\service\EmergenciaService.java. Using fallback presentation compiler.
2026.05.16 08:51:27 INFO  no build target found for C:\Users\Emi\Pictures\Documents\botondepanico\src\main\java\botondepanico\service\EmergenciaService.java. Using fallback presentation compiler.
2026.05.16 08:51:28 INFO  no build target found for C:\Users\Emi\Pictures\Documents\botondepanico\src\main\java\botondepanico\service\EmailService.java. Using fallback presentation compiler.
2026.05.16 08:51:28 WARN  no build target for: C:\Users\Emi\Pictures\Documents\botondepanico\src\main\java\botondepanico\service\EmailService.java
2026.05.16 08:51:28 INFO  no build target found for C:\Users\Emi\Pictures\Documents\botondepanico\src\main\java\botondepanico\service\EmailService.java. Using fallback presentation compiler.
2026.05.16 08:51:29 INFO  no build target found for C:\Users\Emi\Pictures\Documents\botondepanico\src\main\java\botondepanico\service\EmailService.java. Using fallback presentation compiler.
2026.05.16 08:51:28 INFO  no build target found for C:\Users\Emi\Pictures\Documents\botondepanico\src\main\java\botondepanico\service\EmailService.java. Using fallback presentation compiler.
2026.05.16 08:51:29 INFO  no build target found for C:\Users\Emi\Pictures\Documents\botondepanico\src\main\java\botondepanico\repository\EmergenciaRepository.java. Using fallback presentation compiler.
2026.05.16 08:51:29 WARN  no build target for: C:\Users\Emi\Pictures\Documents\botondepanico\src\main\java\botondepanico\repository\EmergenciaRepository.java
2026.05.16 08:51:29 INFO  no build target found for C:\Users\Emi\Pictures\Documents\botondepanico\src\main\java\botondepanico\repository\EmergenciaRepository.java. Using fallback presentation compiler.
2026.05.16 08:51:30 INFO  no build target found for C:\Users\Emi\Pictures\Documents\botondepanico\src\main\java\botondepanico\repository\EmergenciaRepository.java. Using fallback presentation compiler.
2026.05.16 08:51:29 INFO  no build target found for C:\Users\Emi\Pictures\Documents\botondepanico\src\main\java\botondepanico\repository\EmergenciaRepository.java. Using fallback presentation compiler.
2026.05.16 08:51:31 INFO  no build target found for C:\Users\Emi\Pictures\Documents\botondepanico\src\main\java\botondepanico\repository\EmergenciaRepository.java. Using fallback presentation compiler.
2026.05.16 08:51:31 INFO  no build target found for C:\Users\Emi\Pictures\Documents\botondepanico\src\main\java\botondepanico\repository\EmergenciaRepository.java. Using fallback presentation compiler.
2026.05.16 08:51:33 INFO  no build target found for C:\Users\Emi\Pictures\Documents\botondepanico\src\main\java\botondepanico\repository\EmergenciaRepository.java. Using fallback presentation compiler.
2026.05.16 08:51:33 INFO  no build target found for C:\Users\Emi\Pictures\Documents\botondepanico\src\main\java\botondepanico\repository\EmergenciaRepository.java. Using fallback presentation compiler.
2026.05.16 08:51:43 INFO  no build target found for C:\Users\Emi\Pictures\Documents\botondepanico\src\main\java\botondepanico\controller\EmergenciaController.java. Using fallback presentation compiler.
2026.05.16 08:51:43 WARN  no build target for: C:\Users\Emi\Pictures\Documents\botondepanico\src\main\java\botondepanico\controller\EmergenciaController.java
2026.05.16 08:51:43 INFO  no build target found for C:\Users\Emi\Pictures\Documents\botondepanico\src\main\java\botondepanico\controller\EmergenciaController.java. Using fallback presentation compiler.
2026.05.16 08:51:43 INFO  no build target found for C:\Users\Emi\Pictures\Documents\botondepanico\src\main\java\botondepanico\controller\EmergenciaController.java. Using fallback presentation compiler.
2026.05.16 08:51:43 INFO  no build target found for C:\Users\Emi\Pictures\Documents\botondepanico\src\main\java\botondepanico\controller\EmergenciaController.java. Using fallback presentation compiler.
2026.05.16 08:51:45 INFO  no build target found for C:\Users\Emi\Pictures\Documents\botondepanico\src\main\java\botondepanico\controller\EmergenciaController.java. Using fallback presentation compiler.
2026.05.16 08:51:45 INFO  no build target found for C:\Users\Emi\Pictures\Documents\botondepanico\src\main\java\botondepanico\controller\EmergenciaController.java. Using fallback presentation compiler.
2026.05.16 08:51:48 INFO  no build target found for C:\Users\Emi\Pictures\Documents\botondepanico\src\main\java\botondepanico\controller\EmergenciaController.java. Using fallback presentation compiler.
may. 16, 2026 8:51:48 A. M. org.eclipse.lsp4j.jsonrpc.RemoteEndpoint handleCancellation
WARNING: Unmatched cancel notification for request id 631
2026.05.16 08:51:48 INFO  no build target found for C:\Users\Emi\Pictures\Documents\botondepanico\src\main\java\botondepanico\controller\EmergenciaController.java. Using fallback presentation compiler.
2026.05.16 08:51:48 INFO  no build target found for C:\Users\Emi\Pictures\Documents\botondepanico\src\main\java\botondepanico\controller\EmergenciaController.java. Using fallback presentation compiler.
2026.05.16 08:52:01 INFO  no build target found for C:\Users\Emi\Pictures\Documents\botondepanico\src\main\java\botondepanico\model\Emergencia.java. Using fallback presentation compiler.
2026.05.16 08:52:01 WARN  no build target for: C:\Users\Emi\Pictures\Documents\botondepanico\src\main\java\botondepanico\model\Emergencia.java
2026.05.16 08:52:01 INFO  no build target found for C:\Users\Emi\Pictures\Documents\botondepanico\src\main\java\botondepanico\model\Emergencia.java. Using fallback presentation compiler.
2026.05.16 08:52:02 INFO  no build target found for C:\Users\Emi\Pictures\Documents\botondepanico\src\main\java\botondepanico\model\Emergencia.java. Using fallback presentation compiler.
2026.05.16 08:52:01 INFO  no build target found for C:\Users\Emi\Pictures\Documents\botondepanico\src\main\java\botondepanico\model\Emergencia.java. Using fallback presentation compiler.
2026.05.16 08:52:04 INFO  no build target found for C:\Users\Emi\Pictures\Documents\botondepanico\src\main\java\botondepanico\model\Emergencia.java. Using fallback presentation compiler.
2026.05.16 08:52:04 INFO  no build target found for C:\Users\Emi\Pictures\Documents\botondepanico\src\main\java\botondepanico\model\Emergencia.java. Using fallback presentation compiler.
2026.05.16 08:52:06 INFO  no build target found for C:\Users\Emi\Pictures\Documents\botondepanico\src\main\java\botondepanico\model\Emergencia.java. Using fallback presentation compiler.
2026.05.16 08:52:06 INFO  no build target found for C:\Users\Emi\Pictures\Documents\botondepanico\src\main\java\botondepanico\model\Emergencia.java. Using fallback presentation compiler.
2026.05.16 08:52:32 INFO  no build target found for C:\Users\Emi\Pictures\Documents\botondepanico\src\main\java\botondepanico\model\Emergencia.java. Using fallback presentation compiler.
2026.05.16 08:55:31 INFO  no build target found for C:\Users\Emi\Pictures\Documents\botondepanico\src\main\java\botondepanico\service\EmergenciaService.java. Using fallback presentation compiler.
2026.05.16 08:55:31 WARN  no build target for: C:\Users\Emi\Pictures\Documents\botondepanico\src\main\java\botondepanico\service\EmergenciaService.java
may. 16, 2026 8:55:31 A. M. org.eclipse.lsp4j.jsonrpc.RemoteEndpoint handleCancellation
WARNING: Unmatched cancel notification for request id 652
2026.05.16 08:55:31 INFO  no build target found for C:\Users\Emi\Pictures\Documents\botondepanico\src\main\java\botondepanico\service\EmergenciaService.java. Using fallback presentation compiler.
may. 16, 2026 8:55:31 A. M. org.eclipse.lsp4j.jsonrpc.RemoteEndpoint handleCancellation
WARNING: Unmatched cancel notification for request id 654
2026.05.16 08:55:31 INFO  no build target found for C:\Users\Emi\Pictures\Documents\botondepanico\src\main\java\botondepanico\service\EmergenciaService.java. Using fallback presentation compiler.
2026.05.16 08:55:31 INFO  no build target found for C:\Users\Emi\Pictures\Documents\botondepanico\src\main\java\botondepanico\service\EmergenciaService.java. Using fallback presentation compiler.
2026.05.16 08:55:31 INFO  no build target found for C:\Users\Emi\Pictures\Documents\botondepanico\src\main\java\botondepanico\service\EmergenciaService.java. Using fallback presentation compiler.
2026.05.16 08:56:11 INFO  no build target found for C:\Users\Emi\Pictures\Documents\botondepanico\src\main\java\botondepanico\service\EmergenciaService.java. Using fallback presentation compiler.
2026.05.16 08:56:11 INFO  no build target found for C:\Users\Emi\Pictures\Documents\botondepanico\src\main\java\botondepanico\service\EmergenciaService.java. Using fallback presentation compiler.
2026.05.16 08:56:39 INFO  no build target found for C:\Users\Emi\Pictures\Documents\botondepanico\src\main\java\botondepanico\service\EmergenciaService.java. Using fallback presentation compiler.
2026.05.16 08:56:41 INFO  no build target found for C:\Users\Emi\Pictures\Documents\botondepanico\src\main\java\botondepanico\service\EmergenciaService.java. Using fallback presentation compiler.
2026.05.16 08:56:41 INFO  no build target found for C:\Users\Emi\Pictures\Documents\botondepanico\src\main\java\botondepanico\service\EmergenciaService.java. Using fallback presentation compiler.
2026.05.16 08:56:43 INFO  no build target found for C:\Users\Emi\Pictures\Documents\botondepanico\src\main\java\botondepanico\service\EmergenciaService.java. Using fallback presentation compiler.
2026.05.16 08:56:44 INFO  no build target found for C:\Users\Emi\Pictures\Documents\botondepanico\src\main\java\botondepanico\service\EmergenciaService.java. Using fallback presentation compiler.
2026.05.16 08:56:44 INFO  no build target found for C:\Users\Emi\Pictures\Documents\botondepanico\src\main\java\botondepanico\service\EmergenciaService.java. Using fallback presentation compiler.
2026.05.16 08:56:44 INFO  no build target found for C:\Users\Emi\Pictures\Documents\botondepanico\src\main\java\botondepanico\service\EmergenciaService.java. Using fallback presentation compiler.
2026.05.16 08:56:44 INFO  no build target found for C:\Users\Emi\Pictures\Documents\botondepanico\src\main\java\botondepanico\service\EmergenciaService.java. Using fallback presentation compiler.
2026.05.16 08:56:46 INFO  no build target found for C:\Users\Emi\Pictures\Documents\botondepanico\src\main\java\botondepanico\service\EmergenciaService.java. Using fallback presentation compiler.
2026.05.16 08:56:47 INFO  no build target found for C:\Users\Emi\Pictures\Documents\botondepanico\src\main\java\botondepanico\service\EmergenciaService.java. Using fallback presentation compiler.
2026.05.16 08:56:47 INFO  no build target found for C:\Users\Emi\Pictures\Documents\botondepanico\src\main\java\botondepanico\service\EmergenciaService.java. Using fallback presentation compiler.
2026.05.16 08:56:49 INFO  no build target found for C:\Users\Emi\Pictures\Documents\botondepanico\src\main\java\botondepanico\service\EmergenciaService.java. Using fallback presentation compiler.
2026.05.16 08:56:49 INFO  no build target found for C:\Users\Emi\Pictures\Documents\botondepanico\src\main\java\botondepanico\service\EmergenciaService.java. Using fallback presentation compiler.
2026.05.16 08:56:49 INFO  no build target found for C:\Users\Emi\Pictures\Documents\botondepanico\src\main\java\botondepanico\service\EmergenciaService.java. Using fallback presentation compiler.
2026.05.16 08:57:09 INFO  no build target found for C:\Users\Emi\Pictures\Documents\botondepanico\src\main\java\botondepanico\service\EmergenciaService.java. Using fallback presentation compiler.
2026.05.16 08:57:09 INFO  no build target found for C:\Users\Emi\Pictures\Documents\botondepanico\src\main\java\botondepanico\service\EmergenciaService.java. Using fallback presentation compiler.
2026.05.16 08:57:10 INFO  no build target found for C:\Users\Emi\Pictures\Documents\botondepanico\src\main\java\botondepanico\service\EmergenciaService.java. Using fallback presentation compiler.
2026.05.16 08:57:10 INFO  no build target found for C:\Users\Emi\Pictures\Documents\botondepanico\src\main\java\botondepanico\service\EmergenciaService.java. Using fallback presentation compiler.
2026.05.16 08:57:13 INFO  no build target found for C:\Users\Emi\Pictures\Documents\botondepanico\src\main\java\botondepanico\service\EmergenciaService.java. Using fallback presentation compiler.
2026.05.16 08:57:13 INFO  no build target found for C:\Users\Emi\Pictures\Documents\botondepanico\src\main\java\botondepanico\service\EmergenciaService.java. Using fallback presentation compiler.
2026.05.16 08:58:08 INFO  no build target found for C:\Users\Emi\Pictures\Documents\botondepanico\src\main\java\botondepanico\service\EmergenciaService.java. Using fallback presentation compiler.
2026.05.16 08:58:09 INFO  no build target found for C:\Users\Emi\Pictures\Documents\botondepanico\src\main\java\botondepanico\service\EmergenciaService.java. Using fallback presentation compiler.
2026.05.16 08:58:09 INFO  no build target found for C:\Users\Emi\Pictures\Documents\botondepanico\src\main\java\botondepanico\service\EmergenciaService.java. Using fallback presentation compiler.
2026.05.16 08:58:10 INFO  no build target found for C:\Users\Emi\Pictures\Documents\botondepanico\src\main\java\botondepanico\service\EmergenciaService.java. Using fallback presentation compiler.
2026.05.16 08:58:11 INFO  no build target found for C:\Users\Emi\Pictures\Documents\botondepanico\src\main\java\botondepanico\service\EmergenciaService.java. Using fallback presentation compiler.
C:\Users\Emi\Pictures\Documents\botondepanico\src\main\java\botondepanico\service\EmergenciaService.java:44: error: unmappable character (0x9D) for encoding windows-1252
            System.out.println("â?Œ Error enviando correo: " + e.getMessage());
                                 ^
2026.05.16 08:58:10 INFO  no build target found for C:\Users\Emi\Pictures\Documents\botondepanico\src\main\java\botondepanico\service\EmergenciaService.java. Using fallback presentation compiler.
2026.05.16 08:58:10 INFO  no build target found for C:\Users\Emi\Pictures\Documents\botondepanico\src\main\java\botondepanico\service\EmergenciaService.java. Using fallback presentation compiler.
2026.05.16 08:58:11 INFO  no build target found for C:\Users\Emi\Pictures\Documents\botondepanico\src\main\java\botondepanico\service\EmergenciaService.java. Using fallback presentation compiler.
C:\Users\Emi\Pictures\Documents\botondepanico\src\main\java\botondepanico\service\EmergenciaService.java:44: error: unmappable character (0x9D) for encoding windows-1252
            System.out.println("â?Œ Error enviando correo: " + e.getMessage());
                                 ^
2026.05.16 08:58:12 WARN  no build target for: C:\Users\Emi\Pictures\Documents\botondepanico\src\main\java\botondepanico\service\EmergenciaService.java
2026.05.16 08:58:12 INFO  no build target found for C:\Users\Emi\Pictures\Documents\botondepanico\src\main\java\botondepanico\service\EmergenciaService.java. Using fallback presentation compiler.
2026.05.16 08:58:13 INFO  no build target found for C:\Users\Emi\Pictures\Documents\botondepanico\src\main\java\botondepanico\service\EmergenciaService.java. Using fallback presentation compiler.
2026.05.16 08:59:39 WARN  no build target for: C:\Users\Emi\Pictures\Documents\botondepanico\src\main\java\botondepanico\service\EmergenciaService.java
2026.05.16 08:59:39 INFO  no build target found for C:\Users\Emi\Pictures\Documents\botondepanico\src\main\java\botondepanico\service\EmergenciaService.java. Using fallback presentation compiler.
2026.05.16 08:59:57 INFO  no build target found for C:\Users\Emi\Pictures\Documents\botondepanico\src\main\java\botondepanico\service\EmergenciaService.java. Using fallback presentation compiler.
2026.05.16 09:07:33 INFO  no build target found for C:\Users\Emi\Pictures\Documents\botondepanico\src\main\java\botondepanico\service\EmergenciaService.java. Using fallback presentation compiler.
may. 16, 2026 9:07:33 A. M. org.eclipse.lsp4j.jsonrpc.RemoteEndpoint handleCancellation
WARNING: Unmatched cancel notification for request id 818
2026.05.16 09:07:35 INFO  no build target found for C:\Users\Emi\Pictures\Documents\botondepanico\src\main\java\botondepanico\service\EmailService.java. Using fallback presentation compiler.
2026.05.16 09:07:35 WARN  no build target for: C:\Users\Emi\Pictures\Documents\botondepanico\src\main\java\botondepanico\service\EmailService.java
2026.05.16 09:07:35 INFO  no build target found for C:\Users\Emi\Pictures\Documents\botondepanico\src\main\java\botondepanico\service\EmailService.java. Using fallback presentation compiler.
may. 16, 2026 9:07:35 A. M. org.eclipse.lsp4j.jsonrpc.RemoteEndpoint handleCancellation
WARNING: Unmatched cancel notification for request id 819
may. 16, 2026 9:07:35 A. M. org.eclipse.lsp4j.jsonrpc.RemoteEndpoint handleCancellation
WARNING: Unmatched cancel notification for request id 821
2026.05.16 09:07:35 INFO  no build target found for C:\Users\Emi\Pictures\Documents\botondepanico\src\main\java\botondepanico\service\EmailService.java. Using fallback presentation compiler.
2026.05.16 09:07:35 INFO  no build target found for C:\Users\Emi\Pictures\Documents\botondepanico\src\main\java\botondepanico\service\EmailService.java. Using fallback presentation compiler.
2026.05.16 09:07:40 INFO  no build target found for C:\Users\Emi\Pictures\Documents\botondepanico\src\main\java\botondepanico\service\EmailService.java. Using fallback presentation compiler.
2026.05.16 09:07:41 INFO  no build target found for C:\Users\Emi\Pictures\Documents\botondepanico\src\main\java\botondepanico\repository\EmergenciaRepository.java. Using fallback presentation compiler.
2026.05.16 09:07:41 WARN  no build target for: C:\Users\Emi\Pictures\Documents\botondepanico\src\main\java\botondepanico\repository\EmergenciaRepository.java
2026.05.16 09:07:41 INFO  no build target found for C:\Users\Emi\Pictures\Documents\botondepanico\src\main\java\botondepanico\repository\EmergenciaRepository.java. Using fallback presentation compiler.
2026.05.16 09:07:41 INFO  no build target found for C:\Users\Emi\Pictures\Documents\botondepanico\src\main\java\botondepanico\repository\EmergenciaRepository.java. Using fallback presentation compiler.
2026.05.16 09:07:41 INFO  no build target found for C:\Users\Emi\Pictures\Documents\botondepanico\src\main\java\botondepanico\repository\EmergenciaRepository.java. Using fallback presentation compiler.
2026.05.16 09:07:41 INFO  no build target found for C:\Users\Emi\Pictures\Documents\botondepanico\src\main\java\botondepanico\repository\EmergenciaRepository.java. Using fallback presentation compiler.
2026.05.16 09:07:46 INFO  no build target found for C:\Users\Emi\Pictures\Documents\botondepanico\src\main\java\botondepanico\model\Emergencia.java. Using fallback presentation compiler.
2026.05.16 09:07:46 WARN  no build target for: C:\Users\Emi\Pictures\Documents\botondepanico\src\main\java\botondepanico\model\Emergencia.java
2026.05.16 09:07:46 INFO  no build target found for C:\Users\Emi\Pictures\Documents\botondepanico\src\main\java\botondepanico\model\Emergencia.java. Using fallback presentation compiler.
2026.05.16 09:07:49 INFO  no build target found for C:\Users\Emi\Pictures\Documents\botondepanico\src\main\java\botondepanico\model\Emergencia.java. Using fallback presentation compiler.
2026.05.16 09:07:49 INFO  no build target found for C:\Users\Emi\Pictures\Documents\botondepanico\src\main\java\botondepanico\controller\EmergenciaController.java. Using fallback presentation compiler.
2026.05.16 09:07:50 WARN  no build target for: C:\Users\Emi\Pictures\Documents\botondepanico\src\main\java\botondepanico\controller\EmergenciaController.java
2026.05.16 09:07:51 INFO  no build target found for C:\Users\Emi\Pictures\Documents\botondepanico\src\main\java\botondepanico\controller\EmergenciaController.java. Using fallback presentation compiler.
2026.05.16 09:07:51 INFO  no build target found for C:\Users\Emi\Pictures\Documents\botondepanico\src\main\java\botondepanico\controller\EmergenciaController.java. Using fallback presentation compiler.
2026.05.16 09:07:51 INFO  no build target found for C:\Users\Emi\Pictures\Documents\botondepanico\src\main\java\botondepanico\controller\EmergenciaController.java. Using fallback presentation compiler.
2026.05.16 09:07:54 INFO  no build target found for C:\Users\Emi\Pictures\Documents\botondepanico\src\main\java\botondepanico\controller\EmergenciaController.java. Using fallback presentation compiler.
2026.05.16 09:08:01 INFO  no build target found for C:\Users\Emi\Pictures\Documents\botondepanico\src\main\java\botondepanico\repository\UsuarioRepository.java. Using fallback presentation compiler.
2026.05.16 09:08:17 INFO  no build target found for C:\Users\Emi\Pictures\Documents\botondepanico\src\main\java\botondepanico\service\UsuarioService.java. Using fallback presentation compiler.
2026.05.16 09:08:17 WARN  no build target for: C:\Users\Emi\Pictures\Documents\botondepanico\src\main\java\botondepanico\service\UsuarioService.java
2026.05.16 09:08:17 INFO  no build target found for C:\Users\Emi\Pictures\Documents\botondepanico\src\main\java\botondepanico\service\UsuarioService.java. Using fallback presentation compiler.
2026.05.16 09:08:17 INFO  no build target found for C:\Users\Emi\Pictures\Documents\botondepanico\src\main\java\botondepanico\service\UsuarioService.java. Using fallback presentation compiler.
2026.05.16 09:08:17 INFO  no build target found for C:\Users\Emi\Pictures\Documents\botondepanico\src\main\java\botondepanico\service\UsuarioService.java. Using fallback presentation compiler.
2026.05.16 09:08:18 INFO  no build target found for C:\Users\Emi\Pictures\Documents\botondepanico\src\main\java\botondepanico\service\EmergenciaService.java. Using fallback presentation compiler.
2026.05.16 09:08:18 WARN  no build target for: C:\Users\Emi\Pictures\Documents\botondepanico\src\main\java\botondepanico\service\EmergenciaService.java
2026.05.16 09:08:18 INFO  no build target found for C:\Users\Emi\Pictures\Documents\botondepanico\src\main\java\botondepanico\service\EmergenciaService.java. Using fallback presentation compiler.
2026.05.16 09:08:18 INFO  no build target found for C:\Users\Emi\Pictures\Documents\botondepanico\src\main\java\botondepanico\service\EmergenciaService.java. Using fallback presentation compiler.
2026.05.16 09:08:18 INFO  no build target found for C:\Users\Emi\Pictures\Documents\botondepanico\src\main\java\botondepanico\service\EmergenciaService.java. Using fallback presentation compiler.
2026.05.16 09:08:24 INFO  no build target found for C:\Users\Emi\Pictures\Documents\botondepanico\src\main\java\botondepanico\service\EmergenciaService.java. Using fallback presentation compiler.
2026.05.16 09:08:24 INFO  no build target found for C:\Users\Emi\Pictures\Documents\botondepanico\src\main\java\botondepanico\service\EmergenciaService.java. Using fallback presentation compiler.
2026.05.16 09:08:24 INFO  no build target found for C:\Users\Emi\Pictures\Documents\botondepanico\src\main\java\botondepanico\service\EmergenciaService.java. Using fallback presentation compiler.
2026.05.16 09:08:25 INFO  no build target found for C:\Users\Emi\Pictures\Documents\botondepanico\src\main\java\botondepanico\service\EmergenciaService.java. Using fallback presentation compiler.
2026.05.16 09:08:25 INFO  no build target found for C:\Users\Emi\Pictures\Documents\botondepanico\src\main\java\botondepanico\service\EmergenciaService.java. Using fallback presentation compiler.
2026.05.16 09:08:26 INFO  no build target found for C:\Users\Emi\Pictures\Documents\botondepanico\src\main\java\botondepanico\service\EmergenciaService.java. Using fallback presentation compiler.
2026.05.16 09:08:27 INFO  no build target found for C:\Users\Emi\Pictures\Documents\botondepanico\src\main\java\botondepanico\service\EmergenciaService.java. Using fallback presentation compiler.
2026.05.16 09:08:27 INFO  no build target found for C:\Users\Emi\Pictures\Documents\botondepanico\src\main\java\botondepanico\service\EmergenciaService.java. Using fallback presentation compiler.
2026.05.16 09:08:27 INFO  no build target found for C:\Users\Emi\Pictures\Documents\botondepanico\src\main\java\botondepanico\service\EmergenciaService.java. Using fallback presentation compiler.
2026.05.16 09:08:30 INFO  no build target found for C:\Users\Emi\Pictures\Documents\botondepanico\src\main\java\botondepanico\service\EmergenciaService.java. Using fallback presentation compiler.
2026.05.16 09:08:30 INFO  no build target found for C:\Users\Emi\Pictures\Documents\botondepanico\src\main\java\botondepanico\service\EmergenciaService.java. Using fallback presentation compiler.
2026.05.16 09:08:30 INFO  no build target found for C:\Users\Emi\Pictures\Documents\botondepanico\src\main\java\botondepanico\service\EmergenciaService.java. Using fallback presentation compiler.
may. 16, 2026 9:08:30 A. M. org.eclipse.lsp4j.jsonrpc.RemoteEndpoint handleCancellation
WARNING: Unmatched cancel notification for request id 909
may. 16, 2026 9:08:30 A. M. org.eclipse.lsp4j.jsonrpc.RemoteEndpoint handleCancellation
WARNING: Unmatched cancel notification for request id 910
2026.05.16 09:08:30 INFO  no build target found for C:\Users\Emi\Pictures\Documents\botondepanico\src\main\java\botondepanico\service\EmergenciaService.java. Using fallback presentation compiler.
2026.05.16 09:08:30 INFO  no build target found for C:\Users\Emi\Pictures\Documents\botondepanico\src\main\java\botondepanico\service\EmergenciaService.java. Using fallback presentation compiler.
2026.05.16 09:08:30 INFO  no build target found for C:\Users\Emi\Pictures\Documents\botondepanico\src\main\java\botondepanico\service\EmergenciaService.java. Using fallback presentation compiler.
may. 16, 2026 9:08:30 A. M. org.eclipse.lsp4j.jsonrpc.RemoteEndpoint handleCancellation
WARNING: Unmatched cancel notification for request id 914
may. 16, 2026 9:08:30 A. M. org.eclipse.lsp4j.jsonrpc.RemoteEndpoint handleCancellation
WARNING: Unmatched cancel notification for request id 917
2026.05.16 09:08:30 INFO  no build target found for C:\Users\Emi\Pictures\Documents\botondepanico\src\main\java\botondepanico\service\EmergenciaService.java. Using fallback presentation compiler.
C:\Users\Emi\Pictures\Documents\botondepanico\src\main\java\botondepanico\service\EmergenciaService.java:22: error: unmappable character (0x8D) for encoding windows-1252
        // ðŸ”? DEBUG 1: quÃ© tipo llega del frontend
              ^
C:\Users\Emi\Pictures\Documents\botondepanico\src\main\java\botondepanico\service\EmergenciaService.java:38: error: unmappable character (0x8D) for encoding windows-1252
        // ðŸ”? DEBUG 2: ver correo seleccionado
              ^
C:\Users\Emi\Pictures\Documents\botondepanico\src\main\java\botondepanico\service\EmergenciaService.java:54: error: unmappable character (0x9D) for encoding windows-1252
            System.out.println("â?Œ Error enviando correo: " + e.getMessage());
                                 ^
2026.05.16 09:08:30 INFO  no build target found for C:\Users\Emi\Pictures\Documents\botondepanico\src\main\java\botondepanico\service\EmergenciaService.java. Using fallback presentation compiler.
2026.05.16 09:08:30 INFO  no build target found for C:\Users\Emi\Pictures\Documents\botondepanico\src\main\java\botondepanico\service\EmergenciaService.java. Using fallback presentation compiler.
2026.05.16 09:08:31 INFO  no build target found for C:\Users\Emi\Pictures\Documents\botondepanico\src\main\java\botondepanico\service\EmergenciaService.java. Using fallback presentation compiler.
2026.05.16 09:08:31 INFO  no build target found for C:\Users\Emi\Pictures\Documents\botondepanico\src\main\java\botondepanico\service\EmergenciaService.java. Using fallback presentation compiler.
2026.05.16 09:08:34 INFO  no build target found for C:\Users\Emi\Pictures\Documents\botondepanico\src\main\java\botondepanico\service\EmergenciaService.java. Using fallback presentation compiler.
may. 16, 2026 9:08:34 A. M. org.eclipse.lsp4j.jsonrpc.RemoteEndpoint handleCancellation
WARNING: Unmatched cancel notification for request id 927
2026.05.16 09:08:34 INFO  no build target found for C:\Users\Emi\Pictures\Documents\botondepanico\src\main\java\botondepanico\service\EmergenciaService.java. Using fallback presentation compiler.
may. 16, 2026 9:08:35 A. M. org.eclipse.lsp4j.jsonrpc.RemoteEndpoint handleCancellation
WARNING: Unmatched cancel notification for request id 928
2026.05.16 09:08:35 INFO  no build target found for C:\Users\Emi\Pictures\Documents\botondepanico\src\main\java\botondepanico\service\EmergenciaService.java. Using fallback presentation compiler.
2026.05.16 09:08:34 INFO  no build target found for C:\Users\Emi\Pictures\Documents\botondepanico\src\main\java\botondepanico\service\EmergenciaService.java. Using fallback presentation compiler.
may. 16, 2026 9:08:35 A. M. org.eclipse.lsp4j.jsonrpc.RemoteEndpoint handleCancellation
WARNING: Unmatched cancel notification for request id 932
C:\Users\Emi\Pictures\Documents\botondepanico\src\main\java\botondepanico\service\EmergenciaService.java:22: error: unmappable character (0x8D) for encoding windows-1252
        // ðŸ”? DEBUG 1: quÃ© tipo llega del frontend
              ^
C:\Users\Emi\Pictures\Documents\botondepanico\src\main\java\botondepanico\service\EmergenciaService.java:38: error: unmappable character (0x8D) for encoding windows-1252
        // ðŸ”? DEBUG 2: ver correo seleccionado
              ^
2026.05.16 09:08:34 INFO  no build target found for C:\Users\Emi\Pictures\Documents\botondepanico\src\main\java\botondepanico\service\EmergenciaService.java. Using fallback presentation compiler.
C:\Users\Emi\Pictures\Documents\botondepanico\src\main\java\botondepanico\service\EmergenciaService.java:54: error: unmappable character (0x9D) for encoding windows-1252
            System.out.println("â?Œ Error enviando correo: " + e.getMessage());
                                 ^
may. 16, 2026 9:08:35 A. M. org.eclipse.lsp4j.jsonrpc.RemoteEndpoint handleCancellation
WARNING: Unmatched cancel notification for request id 935
may. 16, 2026 9:08:35 A. M. org.eclipse.lsp4j.jsonrpc.RemoteEndpoint handleCancellation
WARNING: Unmatched cancel notification for request id 936
2026.05.16 09:08:34 INFO  no build target found for C:\Users\Emi\Pictures\Documents\botondepanico\src\main\java\botondepanico\service\EmergenciaService.java. Using fallback presentation compiler.
2026.05.16 09:08:35 INFO  no build target found for C:\Users\Emi\Pictures\Documents\botondepanico\src\main\java\botondepanico\service\EmergenciaService.java. Using fallback presentation compiler.
C:\Users\Emi\Pictures\Documents\botondepanico\src\main\java\botondepanico\service\EmergenciaService.java:22: error: unmappable character (0x8D) for encoding windows-1252
        // ðŸ”? DEBUG 1: quÃ© tipo llega del frontend
              ^
C:\Users\Emi\Pictures\Documents\botondepanico\src\main\java\botondepanico\service\EmergenciaService.java:38: error: unmappable character (0x8D) for encoding windows-1252
        // ðŸ”? DEBUG 2: ver correo seleccionado
              ^
C:\Users\Emi\Pictures\Documents\botondepanico\src\main\java\botondepanico\service\EmergenciaService.java:54: error: unmappable character (0x9D) for encoding windows-1252
            System.out.println("â?Œ Error enviando correo: " + e.getMessage());
                                 ^
2026.05.16 09:08:35 INFO  no build target found for C:\Users\Emi\Pictures\Documents\botondepanico\src\main\java\botondepanico\service\EmergenciaService.java. Using fallback presentation compiler.
2026.05.16 09:08:36 INFO  time: code lens generation in 1.25s
2026.05.16 09:08:36 INFO  time: code lens generation in 1.24s
2026.05.16 09:08:36 INFO  time: code lens generation in 1.43s
2026.05.16 09:08:38 WARN  no build target for: C:\Users\Emi\Pictures\Documents\botondepanico\src\main\java\botondepanico\service\EmergenciaService.java
2026.05.16 09:08:38 INFO  no build target found for C:\Users\Emi\Pictures\Documents\botondepanico\src\main\java\botondepanico\service\EmergenciaService.java. Using fallback presentation compiler.
2026.05.16 09:09:22 INFO  no build target found for C:\Users\Emi\Pictures\Documents\botondepanico\src\main\java\botondepanico\service\EmergenciaService.java. Using fallback presentation compiler.
2026.05.16 09:09:22 INFO  no build target found for C:\Users\Emi\Pictures\Documents\botondepanico\src\main\java\botondepanico\service\EmergenciaService.java. Using fallback presentation compiler.
2026.05.16 09:09:22 INFO  no build target found for C:\Users\Emi\Pictures\Documents\botondepanico\src\main\java\botondepanico\service\EmergenciaService.java. Using fallback presentation compiler.
2026.05.16 09:09:22 INFO  no build target found for C:\Users\Emi\Pictures\Documents\botondepanico\src\main\java\botondepanico\service\EmergenciaService.java. Using fallback presentation compiler.
2026.05.16 09:09:24 INFO  no build target found for C:\Users\Emi\Pictures\Documents\botondepanico\src\main\java\botondepanico\service\EmergenciaService.java. Using fallback presentation compiler.
2026.05.16 09:09:24 INFO  no build target found for C:\Users\Emi\Pictures\Documents\botondepanico\src\main\java\botondepanico\service\EmergenciaService.java. Using fallback presentation compiler.
2026.05.16 09:09:24 INFO  no build target found for C:\Users\Emi\Pictures\Documents\botondepanico\src\main\java\botondepanico\service\EmergenciaService.java. Using fallback presentation compiler.
2026.05.16 09:09:25 INFO  no build target found for C:\Users\Emi\Pictures\Documents\botondepanico\src\main\java\botondepanico\service\EmergenciaService.java. Using fallback presentation compiler.
2026.05.16 09:09:25 INFO  no build target found for C:\Users\Emi\Pictures\Documents\botondepanico\src\main\java\botondepanico\service\EmergenciaService.java. Using fallback presentation compiler.
2026.05.16 09:09:25 INFO  no build target found for C:\Users\Emi\Pictures\Documents\botondepanico\src\main\java\botondepanico\service\EmergenciaService.java. Using fallback presentation compiler.
2026.05.16 09:09:26 INFO  no build target found for C:\Users\Emi\Pictures\Documents\botondepanico\src\main\java\botondepanico\service\EmergenciaService.java. Using fallback presentation compiler.
2026.05.16 09:09:27 INFO  no build target found for C:\Users\Emi\Pictures\Documents\botondepanico\src\main\java\botondepanico\service\EmergenciaService.java. Using fallback presentation compiler.
2026.05.16 09:09:27 INFO  no build target found for C:\Users\Emi\Pictures\Documents\botondepanico\src\main\java\botondepanico\service\EmergenciaService.java. Using fallback presentation compiler.
2026.05.16 09:09:27 INFO  no build target found for C:\Users\Emi\Pictures\Documents\botondepanico\src\main\java\botondepanico\service\EmergenciaService.java. Using fallback presentation compiler.
2026.05.16 09:09:27 INFO  no build target found for C:\Users\Emi\Pictures\Documents\botondepanico\src\main\java\botondepanico\service\EmergenciaService.java. Using fallback presentation compiler.
2026.05.16 09:09:29 INFO  no build target found for C:\Users\Emi\Pictures\Documents\botondepanico\src\main\java\botondepanico\service\EmergenciaService.java. Using fallback presentation compiler.
2026.05.16 09:09:29 INFO  no build target found for C:\Users\Emi\Pictures\Documents\botondepanico\src\main\java\botondepanico\service\EmergenciaService.java. Using fallback presentation compiler.
2026.05.16 09:09:29 INFO  no build target found for C:\Users\Emi\Pictures\Documents\botondepanico\src\main\java\botondepanico\service\EmergenciaService.java. Using fallback presentation compiler.
2026.05.16 09:09:29 INFO  no build target found for C:\Users\Emi\Pictures\Documents\botondepanico\src\main\java\botondepanico\service\EmergenciaService.java. Using fallback presentation compiler.
2026.05.16 09:09:29 INFO  no build target found for C:\Users\Emi\Pictures\Documents\botondepanico\src\main\java\botondepanico\service\EmergenciaService.java. Using fallback presentation compiler.
2026.05.16 09:09:30 INFO  no build target found for C:\Users\Emi\Pictures\Documents\botondepanico\src\main\java\botondepanico\service\EmergenciaService.java. Using fallback presentation compiler.
C:\Users\Emi\Pictures\Documents\botondepanico\src\main\java\botondepanico\service\EmergenciaService.java:22: error: unmappable character (0x8D) for encoding windows-1252
        // ðŸ”? DEBUG 1: quÃ© tipo llega del frontend
              ^
C:\Users\Emi\Pictures\Documents\botondepanico\src\main\java\botondepanico\service\EmergenciaService.java:38: error: unmappable character (0x8D) for encoding windows-1252
        // ðŸ”? DEBUG 2: ver correo seleccionado
              ^
C:\Users\Emi\Pictures\Documents\botondepanico\src\main\java\botondepanico\service\EmergenciaService.java:54: error: unmappable character (0x9D) for encoding windows-1252
            System.out.println("â?Œ Error enviando correo: " + e.getMessage());
                                 ^
2026.05.16 09:09:30 INFO  no build target found for C:\Users\Emi\Pictures\Documents\botondepanico\src\main\java\botondepanico\service\EmergenciaService.java. Using fallback presentation compiler.
2026.05.16 09:09:30 INFO  no build target found for C:\Users\Emi\Pictures\Documents\botondepanico\src\main\java\botondepanico\service\EmergenciaService.java. Using fallback presentation compiler.
2026.05.16 09:09:30 INFO  no build target found for C:\Users\Emi\Pictures\Documents\botondepanico\src\main\java\botondepanico\service\EmergenciaService.java. Using fallback presentation compiler.
C:\Users\Emi\Pictures\Documents\botondepanico\src\main\java\botondepanico\service\EmergenciaService.java:22: error: unmappable character (0x8D) for encoding windows-1252
        // ðŸ”? DEBUG 1: quÃ© tipo llega del frontend
              ^
C:\Users\Emi\Pictures\Documents\botondepanico\src\main\java\botondepanico\service\EmergenciaService.java:38: error: unmappable character (0x8D) for encoding windows-1252
        // ðŸ”? DEBUG 2: ver correo seleccionado
              ^
C:\Users\Emi\Pictures\Documents\botondepanico\src\main\java\botondepanico\service\EmergenciaService.java:54: error: unmappable character (0x9D) for encoding windows-1252
            System.out.println("â?Œ Error enviando correo: " + e.getMessage());
                                 ^
2026.05.16 09:09:31 INFO  no build target found for C:\Users\Emi\Pictures\Documents\botondepanico\src\main\java\botondepanico\service\EmergenciaService.java. Using fallback presentation compiler.
2026.05.16 09:09:32 INFO  no build target found for C:\Users\Emi\Pictures\Documents\botondepanico\src\main\java\botondepanico\service\EmergenciaService.java. Using fallback presentation compiler.
2026.05.16 09:09:32 INFO  no build target found for C:\Users\Emi\Pictures\Documents\botondepanico\src\main\java\botondepanico\service\EmergenciaService.java. Using fallback presentation compiler.
2026.05.16 09:09:32 INFO  no build target found for C:\Users\Emi\Pictures\Documents\botondepanico\src\main\java\botondepanico\service\EmergenciaService.java. Using fallback presentation compiler.
2026.05.16 09:09:33 INFO  no build target found for C:\Users\Emi\Pictures\Documents\botondepanico\src\main\java\botondepanico\service\EmergenciaService.java. Using fallback presentation compiler.
2026.05.16 09:09:33 INFO  no build target found for C:\Users\Emi\Pictures\Documents\botondepanico\src\main\java\botondepanico\service\EmergenciaService.java. Using fallback presentation compiler.
2026.05.16 09:09:35 INFO  no build target found for C:\Users\Emi\Pictures\Documents\botondepanico\src\main\java\botondepanico\service\EmergenciaService.java. Using fallback presentation compiler.
2026.05.16 09:09:35 INFO  no build target found for C:\Users\Emi\Pictures\Documents\botondepanico\src\main\java\botondepanico\service\EmergenciaService.java. Using fallback presentation compiler.
2026.05.16 09:09:35 INFO  no build target found for C:\Users\Emi\Pictures\Documents\botondepanico\src\main\java\botondepanico\service\EmergenciaService.java. Using fallback presentation compiler.
2026.05.16 09:09:35 INFO  no build target found for C:\Users\Emi\Pictures\Documents\botondepanico\src\main\java\botondepanico\service\EmergenciaService.java. Using fallback presentation compiler.
2026.05.16 09:09:35 INFO  no build target found for C:\Users\Emi\Pictures\Documents\botondepanico\src\main\java\botondepanico\service\EmergenciaService.java. Using fallback presentation compiler.
2026.05.16 09:09:36 INFO  no build target found for C:\Users\Emi\Pictures\Documents\botondepanico\src\main\java\botondepanico\service\EmergenciaService.java. Using fallback presentation compiler.
2026.05.16 09:09:36 INFO  no build target found for C:\Users\Emi\Pictures\Documents\botondepanico\src\main\java\botondepanico\service\EmergenciaService.java. Using fallback presentation compiler.
C:\Users\Emi\Pictures\Documents\botondepanico\src\main\java\botondepanico\service\EmergenciaService.java:22: error: unmappable character (0x8D) for encoding windows-1252
        // ðŸ”? DEBUG 1: quÃ© tipo llega del frontend
              ^
C:\Users\Emi\Pictures\Documents\botondepanico\src\main\java\botondepanico\service\EmergenciaService.java:38: error: unmappable character (0x8D) for encoding windows-1252
        // ðŸ”? DEBUG 2: ver correo seleccionado
              ^
C:\Users\Emi\Pictures\Documents\botondepanico\src\main\java\botondepanico\service\EmergenciaService.java:54: error: unmappable character (0x9D) for encoding windows-1252
            System.out.println("â?Œ Error enviando correo: " + e.getMessage());
                                 ^
2026.05.16 09:09:36 INFO  no build target found for C:\Users\Emi\Pictures\Documents\botondepanico\src\main\java\botondepanico\service\EmergenciaService.java. Using fallback presentation compiler.
2026.05.16 09:09:36 INFO  no build target found for C:\Users\Emi\Pictures\Documents\botondepanico\src\main\java\botondepanico\service\EmergenciaService.java. Using fallback presentation compiler.
C:\Users\Emi\Pictures\Documents\botondepanico\src\main\java\botondepanico\service\EmergenciaService.java:22: error: unmappable character (0x8D) for encoding windows-1252
        // ðŸ”? DEBUG 1: quÃ© tipo llega del frontend
              ^
C:\Users\Emi\Pictures\Documents\botondepanico\src\main\java\botondepanico\service\EmergenciaService.java:38: error: unmappable character (0x8D) for encoding windows-1252
        // ðŸ”? DEBUG 2: ver correo seleccionado
              ^
C:\Users\Emi\Pictures\Documents\botondepanico\src\main\java\botondepanico\service\EmergenciaService.java:54: error: unmappable character (0x9D) for encoding windows-1252
            System.out.println("â?Œ Error enviando correo: " + e.getMessage());
                                 ^
2026.05.16 09:09:37 INFO  no build target found for C:\Users\Emi\Pictures\Documents\botondepanico\src\main\java\botondepanico\service\EmergenciaService.java. Using fallback presentation compiler.
2026.05.16 09:09:37 INFO  no build target found for C:\Users\Emi\Pictures\Documents\botondepanico\src\main\java\botondepanico\service\EmergenciaService.java. Using fallback presentation compiler.
2026.05.16 09:09:37 INFO  no build target found for C:\Users\Emi\Pictures\Documents\botondepanico\src\main\java\botondepanico\service\EmergenciaService.java. Using fallback presentation compiler.
2026.05.16 09:09:37 INFO  no build target found for C:\Users\Emi\Pictures\Documents\botondepanico\src\main\java\botondepanico\service\EmergenciaService.java. Using fallback presentation compiler.
2026.05.16 09:09:39 INFO  no build target found for C:\Users\Emi\Pictures\Documents\botondepanico\src\main\java\botondepanico\service\EmergenciaService.java. Using fallback presentation compiler.
2026.05.16 09:09:39 INFO  no build target found for C:\Users\Emi\Pictures\Documents\botondepanico\src\main\java\botondepanico\service\EmergenciaService.java. Using fallback presentation compiler.
2026.05.16 09:09:40 INFO  no build target found for C:\Users\Emi\Pictures\Documents\botondepanico\src\main\java\botondepanico\service\EmergenciaService.java. Using fallback presentation compiler.
2026.05.16 09:09:40 INFO  no build target found for C:\Users\Emi\Pictures\Documents\botondepanico\src\main\java\botondepanico\service\EmergenciaService.java. Using fallback presentation compiler.
2026.05.16 09:09:40 INFO  no build target found for C:\Users\Emi\Pictures\Documents\botondepanico\src\main\java\botondepanico\service\EmergenciaService.java. Using fallback presentation compiler.
2026.05.16 09:09:40 INFO  no build target found for C:\Users\Emi\Pictures\Documents\botondepanico\src\main\java\botondepanico\service\EmergenciaService.java. Using fallback presentation compiler.
2026.05.16 09:09:41 INFO  no build target found for C:\Users\Emi\Pictures\Documents\botondepanico\src\main\java\botondepanico\service\EmergenciaService.java. Using fallback presentation compiler.
2026.05.16 09:09:40 INFO  no build target found for C:\Users\Emi\Pictures\Documents\botondepanico\src\main\java\botondepanico\service\EmergenciaService.java. Using fallback presentation compiler.
2026.05.16 09:09:40 INFO  no build target found for C:\Users\Emi\Pictures\Documents\botondepanico\src\main\java\botondepanico\service\EmergenciaService.java. Using fallback presentation compiler.
2026.05.16 09:09:41 INFO  no build target found for C:\Users\Emi\Pictures\Documents\botondepanico\src\main\java\botondepanico\service\EmergenciaService.java. Using fallback presentation compiler.
C:\Users\Emi\Pictures\Documents\botondepanico\src\main\java\botondepanico\service\EmergenciaService.java:22: error: unmappable character (0x8D) for encoding windows-1252
        // ðŸ”? DEBUG 1: quÃ© tipo llega del frontend
              ^
C:\Users\Emi\Pictures\Documents\botondepanico\src\main\java\botondepanico\service\EmergenciaService.java:38: error: unmappable character (0x8D) for encoding windows-1252
        // ðŸ”? DEBUG 2: ver correo seleccionado
              ^
C:\Users\Emi\Pictures\Documents\botondepanico\src\main\java\botondepanico\service\EmergenciaService.java:54: error: unmappable character (0x9D) for encoding windows-1252
            System.out.println("â?Œ Error enviando correo: " + e.getMessage());
                                 ^
2026.05.16 09:09:42 INFO  no build target found for C:\Users\Emi\Pictures\Documents\botondepanico\src\main\java\botondepanico\service\EmergenciaService.java. Using fallback presentation compiler.
2026.05.16 09:09:42 INFO  no build target found for C:\Users\Emi\Pictures\Documents\botondepanico\src\main\java\botondepanico\service\EmergenciaService.java. Using fallback presentation compiler.
C:\Users\Emi\Pictures\Documents\botondepanico\src\main\java\botondepanico\service\EmergenciaService.java:22: error: unmappable character (0x8D) for encoding windows-1252
        // ðŸ”? DEBUG 1: quÃ© tipo llega del frontend
              ^
C:\Users\Emi\Pictures\Documents\botondepanico\src\main\java\botondepanico\service\EmergenciaService.java:38: error: unmappable character (0x8D) for encoding windows-1252
        // ðŸ”? DEBUG 2: ver correo seleccionado
              ^
C:\Users\Emi\Pictures\Documents\botondepanico\src\main\java\botondepanico\service\EmergenciaService.java:54: error: unmappable character (0x9D) for encoding windows-1252
            System.out.println("â?Œ Error enviando correo: " + e.getMessage());
                                 ^
2026.05.16 09:09:42 INFO  no build target found for C:\Users\Emi\Pictures\Documents\botondepanico\src\main\java\botondepanico\service\EmergenciaService.java. Using fallback presentation compiler.
2026.05.16 09:09:43 INFO  no build target found for C:\Users\Emi\Pictures\Documents\botondepanico\src\main\java\botondepanico\service\EmergenciaService.java. Using fallback presentation compiler.
2026.05.16 09:09:43 INFO  no build target found for C:\Users\Emi\Pictures\Documents\botondepanico\src\main\java\botondepanico\service\EmergenciaService.java. Using fallback presentation compiler.
2026.05.16 09:09:45 INFO  no build target found for C:\Users\Emi\Pictures\Documents\botondepanico\src\main\java\botondepanico\service\EmergenciaService.java. Using fallback presentation compiler.
2026.05.16 09:09:45 INFO  no build target found for C:\Users\Emi\Pictures\Documents\botondepanico\src\main\java\botondepanico\service\EmergenciaService.java. Using fallback presentation compiler.
2026.05.16 09:09:45 INFO  no build target found for C:\Users\Emi\Pictures\Documents\botondepanico\src\main\java\botondepanico\service\EmergenciaService.java. Using fallback presentation compiler.
2026.05.16 09:09:46 INFO  no build target found for C:\Users\Emi\Pictures\Documents\botondepanico\src\main\java\botondepanico\service\EmergenciaService.java. Using fallback presentation compiler.
2026.05.16 09:09:46 INFO  no build target found for C:\Users\Emi\Pictures\Documents\botondepanico\src\main\java\botondepanico\service\EmergenciaService.java. Using fallback presentation compiler.
2026.05.16 09:09:46 INFO  no build target found for C:\Users\Emi\Pictures\Documents\botondepanico\src\main\java\botondepanico\service\EmergenciaService.java. Using fallback presentation compiler.
2026.05.16 09:09:46 INFO  no build target found for C:\Users\Emi\Pictures\Documents\botondepanico\src\main\java\botondepanico\service\EmergenciaService.java. Using fallback presentation compiler.
2026.05.16 09:09:47 INFO  no build target found for C:\Users\Emi\Pictures\Documents\botondepanico\src\main\java\botondepanico\service\EmergenciaService.java. Using fallback presentation compiler.
C:\Users\Emi\Pictures\Documents\botondepanico\src\main\java\botondepanico\service\EmergenciaService.java:22: error: unmappable character (0x8D) for encoding windows-1252
        // ðŸ”? DEBUG 1: quÃ© tipo llega del frontend
              ^
C:\Users\Emi\Pictures\Documents\botondepanico\src\main\java\botondepanico\service\EmergenciaService.java:38: error: unmappable character (0x8D) for encoding windows-1252
        // ðŸ”? DEBUG 2: ver correo seleccionado
              ^
C:\Users\Emi\Pictures\Documents\botondepanico\src\main\java\botondepanico\service\EmergenciaService.java:54: error: unmappable character (0x9D) for encoding windows-1252
            System.out.println("â?Œ Error enviando correo: " + e.getMessage());
                                 ^
2026.05.16 09:09:46 INFO  no build target found for C:\Users\Emi\Pictures\Documents\botondepanico\src\main\java\botondepanico\service\EmergenciaService.java. Using fallback presentation compiler.
2026.05.16 09:09:47 INFO  no build target found for C:\Users\Emi\Pictures\Documents\botondepanico\src\main\java\botondepanico\service\EmergenciaService.java. Using fallback presentation compiler.
2026.05.16 09:09:48 INFO  no build target found for C:\Users\Emi\Pictures\Documents\botondepanico\src\main\java\botondepanico\service\EmergenciaService.java. Using fallback presentation compiler.
C:\Users\Emi\Pictures\Documents\botondepanico\src\main\java\botondepanico\service\EmergenciaService.java:22: error: unmappable character (0x8D) for encoding windows-1252
        // ðŸ”? DEBUG 1: quÃ© tipo llega del frontend
              ^
C:\Users\Emi\Pictures\Documents\botondepanico\src\main\java\botondepanico\service\EmergenciaService.java:38: error: unmappable character (0x8D) for encoding windows-1252
        // ðŸ”? DEBUG 2: ver correo seleccionado
              ^
C:\Users\Emi\Pictures\Documents\botondepanico\src\main\java\botondepanico\service\EmergenciaService.java:54: error: unmappable character (0x9D) for encoding windows-1252
            System.out.println("â?Œ Error enviando correo: " + e.getMessage());
                                 ^
2026.05.16 09:09:48 WARN  no build target for: C:\Users\Emi\Pictures\Documents\botondepanico\src\main\java\botondepanico\service\EmergenciaService.java
2026.05.16 09:09:47 INFO  no build target found for C:\Users\Emi\Pictures\Documents\botondepanico\src\main\java\botondepanico\service\EmergenciaService.java. Using fallback presentation compiler.
2026.05.16 09:09:49 INFO  no build target found for C:\Users\Emi\Pictures\Documents\botondepanico\src\main\java\botondepanico\service\EmergenciaService.java. Using fallback presentation compiler.
2026.05.16 09:10:46 INFO  no build target found for C:\Users\Emi\Pictures\Documents\botondepanico\src\main\java\botondepanico\service\EmergenciaService.java. Using fallback presentation compiler.
2026.05.16 09:10:46 INFO  no build target found for C:\Users\Emi\Pictures\Documents\botondepanico\src\main\java\botondepanico\service\EmergenciaService.java. Using fallback presentation compiler.
2026.05.16 09:10:50 INFO  no build target found for C:\Users\Emi\Pictures\Documents\botondepanico\src\main\java\botondepanico\service\EmergenciaService.java. Using fallback presentation compiler.
may. 16, 2026 9:10:50 A. M. org.eclipse.lsp4j.jsonrpc.RemoteEndpoint handleCancellation
WARNING: Unmatched cancel notification for request id 1069
2026.05.16 09:16:13 INFO  no build target found for C:\Users\Emi\Pictures\Documents\botondepanico\src\main\java\botondepanico\service\EmergenciaService.java. Using fallback presentation compiler.
2026.05.16 09:16:13 WARN  no build target for: C:\Users\Emi\Pictures\Documents\botondepanico\src\main\java\botondepanico\service\EmergenciaService.java
may. 16, 2026 9:16:13 A. M. org.eclipse.lsp4j.jsonrpc.RemoteEndpoint handleCancellation
WARNING: Unmatched cancel notification for request id 1070
2026.05.16 09:16:13 INFO  no build target found for C:\Users\Emi\Pictures\Documents\botondepanico\src\main\java\botondepanico\service\EmergenciaService.java. Using fallback presentation compiler.
may. 16, 2026 9:16:13 A. M. org.eclipse.lsp4j.jsonrpc.RemoteEndpoint handleCancellation
WARNING: Unmatched cancel notification for request id 1072
2026.05.16 09:16:13 INFO  no build target found for C:\Users\Emi\Pictures\Documents\botondepanico\src\main\java\botondepanico\service\EmergenciaService.java. Using fallback presentation compiler.
2026.05.16 09:16:13 INFO  no build target found for C:\Users\Emi\Pictures\Documents\botondepanico\src\main\java\botondepanico\service\EmergenciaService.java. Using fallback presentation compiler.
2026.05.16 09:16:13 INFO  no build target found for C:\Users\Emi\Pictures\Documents\botondepanico\src\main\java\botondepanico\service\EmergenciaService.java. Using fallback presentation compiler.
2026.05.16 09:16:14 INFO  no build target found for C:\Users\Emi\Pictures\Documents\botondepanico\src\main\java\botondepanico\service\EmergenciaService.java. Using fallback presentation compiler.
2026.05.16 09:16:14 INFO  no build target found for C:\Users\Emi\Pictures\Documents\botondepanico\src\main\java\botondepanico\service\EmergenciaService.java. Using fallback presentation compiler.
2026.05.16 09:16:14 INFO  no build target found for C:\Users\Emi\Pictures\Documents\botondepanico\src\main\java\botondepanico\service\EmergenciaService.java. Using fallback presentation compiler.
2026.05.16 09:16:15 INFO  no build target found for C:\Users\Emi\Pictures\Documents\botondepanico\src\main\java\botondepanico\service\EmergenciaService.java. Using fallback presentation compiler.
2026.05.16 09:16:15 INFO  no build target found for C:\Users\Emi\Pictures\Documents\botondepanico\src\main\java\botondepanico\service\EmergenciaService.java. Using fallback presentation compiler.
2026.05.16 09:16:16 INFO  no build target found for C:\Users\Emi\Pictures\Documents\botondepanico\src\main\java\botondepanico\service\EmergenciaService.java. Using fallback presentation compiler.
2026.05.16 09:18:41 INFO  no build target found for C:\Users\Emi\Pictures\Documents\botondepanico\src\main\java\botondepanico\service\EmergenciaService.java. Using fallback presentation compiler.
2026.05.16 09:18:41 INFO  no build target found for C:\Users\Emi\Pictures\Documents\botondepanico\src\main\java\botondepanico\service\EmergenciaService.java. Using fallback presentation compiler.
2026.05.16 09:19:17 INFO  no build target found for C:\Users\Emi\Pictures\Documents\botondepanico\src\main\java\botondepanico\service\EmergenciaService.java. Using fallback presentation compiler.
2026.05.16 09:19:17 INFO  no build target found for C:\Users\Emi\Pictures\Documents\botondepanico\src\main\java\botondepanico\service\EmergenciaService.java. Using fallback presentation compiler.
2026.05.16 09:19:19 INFO  no build target found for C:\Users\Emi\Pictures\Documents\botondepanico\src\main\java\botondepanico\service\EmergenciaService.java. Using fallback presentation compiler.
2026.05.16 09:19:21 INFO  no build target found for C:\Users\Emi\Pictures\Documents\botondepanico\src\main\java\botondepanico\service\EmergenciaService.java. Using fallback presentation compiler.
2026.05.16 09:19:21 INFO  no build target found for C:\Users\Emi\Pictures\Documents\botondepanico\src\main\java\botondepanico\service\EmergenciaService.java. Using fallback presentation compiler.
2026.05.16 09:19:22 INFO  no build target found for C:\Users\Emi\Pictures\Documents\botondepanico\src\main\java\botondepanico\service\EmergenciaService.java. Using fallback presentation compiler.
2026.05.16 09:19:22 INFO  no build target found for C:\Users\Emi\Pictures\Documents\botondepanico\src\main\java\botondepanico\service\EmergenciaService.java. Using fallback presentation compiler.
2026.05.16 09:19:22 INFO  no build target found for C:\Users\Emi\Pictures\Documents\botondepanico\src\main\java\botondepanico\service\EmergenciaService.java. Using fallback presentation compiler.
2026.05.16 09:19:23 INFO  no build target found for C:\Users\Emi\Pictures\Documents\botondepanico\src\main\java\botondepanico\service\EmergenciaService.java. Using fallback presentation compiler.
2026.05.16 09:19:23 INFO  no build target found for C:\Users\Emi\Pictures\Documents\botondepanico\src\main\java\botondepanico\service\EmergenciaService.java. Using fallback presentation compiler.
may. 16, 2026 9:19:24 A. M. org.eclipse.lsp4j.jsonrpc.RemoteEndpoint handleCancellation
WARNING: Unmatched cancel notification for request id 1097
2026.05.16 09:19:23 INFO  no build target found for C:\Users\Emi\Pictures\Documents\botondepanico\src\main\java\botondepanico\service\EmergenciaService.java. Using fallback presentation compiler.
2026.05.16 09:19:23 INFO  no build target found for C:\Users\Emi\Pictures\Documents\botondepanico\src\main\java\botondepanico\service\EmergenciaService.java. Using fallback presentation compiler.
2026.05.16 09:19:24 INFO  no build target found for C:\Users\Emi\Pictures\Documents\botondepanico\src\main\java\botondepanico\service\EmergenciaService.java. Using fallback presentation compiler.
may. 16, 2026 9:19:24 A. M. org.eclipse.lsp4j.jsonrpc.RemoteEndpoint handleCancellation
WARNING: Unmatched cancel notification for request id 1098
may. 16, 2026 9:19:24 A. M. org.eclipse.lsp4j.jsonrpc.RemoteEndpoint handleCancellation
WARNING: Unmatched cancel notification for request id 1100
2026.05.16 09:19:23 INFO  no build target found for C:\Users\Emi\Pictures\Documents\botondepanico\src\main\java\botondepanico\service\EmergenciaService.java. Using fallback presentation compiler.
may. 16, 2026 9:19:24 A. M. org.eclipse.lsp4j.jsonrpc.RemoteEndpoint handleCancellation
WARNING: Unmatched cancel notification for request id 1102
C:\Users\Emi\Pictures\Documents\botondepanico\src\main\java\botondepanico\service\EmergenciaService.java:22: error: unmappable character (0x8D) for encoding windows-1252
        // ðŸ”? DEBUG 1: quÃ© tipo llega del frontend
              ^
C:\Users\Emi\Pictures\Documents\botondepanico\src\main\java\botondepanico\service\EmergenciaService.java:38: error: unmappable character (0x8D) for encoding windows-1252
        // ðŸ”? DEBUG 2: ver correo seleccionado
              ^
C:\Users\Emi\Pictures\Documents\botondepanico\src\main\java\botondepanico\service\EmergenciaService.java:54: error: unmappable character (0x9D) for encoding windows-1252
            System.out.println("â?Œ Error enviando correo: " + e.getMessage());
                                 ^
2026.05.16 09:19:23 INFO  no build target found for C:\Users\Emi\Pictures\Documents\botondepanico\src\main\java\botondepanico\service\EmergenciaService.java. Using fallback presentation compiler.
2026.05.16 09:19:24 INFO  no build target found for C:\Users\Emi\Pictures\Documents\botondepanico\src\main\java\botondepanico\service\EmergenciaService.java. Using fallback presentation compiler.
C:\Users\Emi\Pictures\Documents\botondepanico\src\main\java\botondepanico\service\EmergenciaService.java:22: error: unmappable character (0x8D) for encoding windows-1252
        // ðŸ”? DEBUG 1: quÃ© tipo llega del frontend
              ^
C:\Users\Emi\Pictures\Documents\botondepanico\src\main\java\botondepanico\service\EmergenciaService.java:38: error: unmappable character (0x8D) for encoding windows-1252
        // ðŸ”? DEBUG 2: ver correo seleccionado
              ^
C:\Users\Emi\Pictures\Documents\botondepanico\src\main\java\botondepanico\service\EmergenciaService.java:54: error: unmappable character (0x9D) for encoding windows-1252
            System.out.println("â?Œ Error enviando correo: " + e.getMessage());
                                 ^
may. 16, 2026 9:19:24 A. M. org.eclipse.lsp4j.jsonrpc.RemoteEndpoint handleCancellation
WARNING: Unmatched cancel notification for request id 1106
2026.05.16 09:19:23 INFO  no build target found for C:\Users\Emi\Pictures\Documents\botondepanico\src\main\java\botondepanico\service\EmergenciaService.java. Using fallback presentation compiler.
2026.05.16 09:19:25 WARN  no build target for: C:\Users\Emi\Pictures\Documents\botondepanico\src\main\java\botondepanico\service\EmergenciaService.java
2026.05.16 09:19:24 INFO  no build target found for C:\Users\Emi\Pictures\Documents\botondepanico\src\main\java\botondepanico\service\EmergenciaService.java. Using fallback presentation compiler.
2026.05.16 09:19:26 INFO  no build target found for C:\Users\Emi\Pictures\Documents\botondepanico\src\main\java\botondepanico\service\EmergenciaService.java. Using fallback presentation compiler.
2026.05.16 09:20:59 INFO  no build target found for C:\Users\Emi\Pictures\Documents\botondepanico\src\main\java\botondepanico\service\EmergenciaService.java. Using fallback presentation compiler.
may. 16, 2026 9:20:59 A. M. org.eclipse.lsp4j.jsonrpc.RemoteEndpoint handleCancellation
WARNING: Unmatched cancel notification for request id 1118
2026.05.16 09:30:38 INFO  Shutting down server
2026.05.16 09:30:38 INFO  Memory monitor stopped
2026.05.16 09:30:38 INFO  shutting down Metals
2026.05.16 09:30:38 INFO  Exiting server
2026.05.16 09:47:56 INFO  Started: Metals version 1.6.7 in folders 'C:\Users\Emi\Pictures\Documents\botondepanico' for client Visual Studio Code 1.120.0.
2026.05.16 09:47:56 INFO  Memory monitor started
2026.05.16 09:47:58 WARN  Using H2 2.4.240 which is newer than the version Flyway has been verified with. The latest verified version of H2 is 2.3.232.
2026.05.16 09:47:58 INFO  no build target found for C:\Users\Emi\Pictures\Documents\botondepanico\src\main\java\botondepanico\service\EmergenciaService.java. Using fallback presentation compiler.
2026.05.16 09:47:59 INFO  no build target found for C:\Users\Emi\Pictures\Documents\botondepanico\src\main\java\botondepanico\service\EmergenciaService.java. Using fallback presentation compiler.
2026.05.16 09:48:03 WARN  no build target for: C:\Users\Emi\Pictures\Documents\botondepanico\src\main\java\botondepanico\service\EmergenciaService.java
2026.05.16 09:48:03 INFO  no build target found for C:\Users\Emi\Pictures\Documents\botondepanico\src\main\java\botondepanico\service\EmergenciaService.java. Using fallback presentation compiler.
C:\Users\Emi\Pictures\Documents\botondepanico\src\main\java\botondepanico\service\EmergenciaService.java:22: error: unmappable character (0x8D) for encoding windows-1252
        // ðŸ”? DEBUG 1: quÃ© tipo llega del frontend
              ^
C:\Users\Emi\Pictures\Documents\botondepanico\src\main\java\botondepanico\service\EmergenciaService.java:38: error: unmappable character (0x8D) for encoding windows-1252
        // ðŸ”? DEBUG 2: ver correo seleccionado
              ^
C:\Users\Emi\Pictures\Documents\botondepanico\src\main\java\botondepanico\service\EmergenciaService.java:54: error: unmappable character (0x9D) for encoding windows-1252
            System.out.println("â?Œ Error enviando correo: " + e.getMessage());
                                 ^
2026.05.16 09:48:05 INFO  no build target found for C:\Users\Emi\Pictures\Documents\botondepanico\src\main\java\botondepanico\service\EmergenciaService.java. Using fallback presentation compiler.
2026.05.16 09:48:23 INFO  no build target found for C:\Users\Emi\Pictures\Documents\botondepanico\src\main\java\botondepanico\service\EmergenciaService.java. Using fallback presentation compiler.
2026.05.16 10:03:14 INFO  no build target found for C:\Users\Emi\Pictures\Documents\botondepanico\src\main\java\botondepanico\service\EmergenciaService.java. Using fallback presentation compiler.
2026.05.16 10:11:37 INFO  no build target found for C:\Users\Emi\Pictures\Documents\botondepanico\src\main\java\botondepanico\controller\AuthController.java. Using fallback presentation compiler.
2026.05.16 10:11:38 INFO  no build target found for C:\Users\Emi\Pictures\Documents\botondepanico\src\main\java\botondepanico\controller\AuthController.java. Using fallback presentation compiler.
may. 16, 2026 10:11:38 A. M. org.eclipse.lsp4j.jsonrpc.RemoteEndpoint handleCancellation
WARNING: Unmatched cancel notification for request id 15
2026.05.16 10:11:37 INFO  no build target found for C:\Users\Emi\Pictures\Documents\botondepanico\src\main\java\botondepanico\controller\AuthController.java. Using fallback presentation compiler.
2026.05.16 10:11:37 INFO  no build target found for C:\Users\Emi\Pictures\Documents\botondepanico\src\main\java\botondepanico\controller\AuthController.java. Using fallback presentation compiler.
2026.05.16 10:11:41 INFO  no build target found for C:\Users\Emi\Pictures\Documents\botondepanico\src\main\java\botondepanico\controller\AuthController.java. Using fallback presentation compiler.
2026.05.16 10:11:41 INFO  no build target found for C:\Users\Emi\Pictures\Documents\botondepanico\src\main\java\botondepanico\controller\AuthController.java. Using fallback presentation compiler.
2026.05.16 10:11:43 INFO  no build target found for C:\Users\Emi\Pictures\Documents\botondepanico\src\main\java\botondepanico\controller\AuthController.java. Using fallback presentation compiler.
2026.05.16 10:11:43 INFO  no build target found for C:\Users\Emi\Pictures\Documents\botondepanico\src\main\java\botondepanico\controller\AuthController.java. Using fallback presentation compiler.
2026.05.16 10:11:51 INFO  no build target found for C:\Users\Emi\Pictures\Documents\botondepanico\src\main\java\botondepanico\controller\AuthController.java. Using fallback presentation compiler.
2026.05.16 10:11:59 INFO  no build target found for C:\Users\Emi\Pictures\Documents\botondepanico\src\main\java\botondepanico\repository\UsuarioRepository.java. Using fallback presentation compiler.
2026.05.16 10:12:00 INFO  no build target found for C:\Users\Emi\Pictures\Documents\botondepanico\src\main\java\botondepanico\repository\UsuarioRepository.java. Using fallback presentation compiler.
2026.05.16 10:11:59 INFO  no build target found for C:\Users\Emi\Pictures\Documents\botondepanico\src\main\java\botondepanico\repository\UsuarioRepository.java. Using fallback presentation compiler.
2026.05.16 10:11:59 INFO  no build target found for C:\Users\Emi\Pictures\Documents\botondepanico\src\main\java\botondepanico\repository\UsuarioRepository.java. Using fallback presentation compiler.
may. 16, 2026 10:12:00 A. M. org.eclipse.lsp4j.jsonrpc.RemoteEndpoint handleCancellation
WARNING: Unmatched cancel notification for request id 34
2026.05.16 10:12:03 INFO  no build target found for C:\Users\Emi\Pictures\Documents\botondepanico\src\main\java\botondepanico\controller\HomeController.java. Using fallback presentation compiler.
2026.05.16 10:12:03 INFO  no build target found for C:\Users\Emi\Pictures\Documents\botondepanico\src\main\java\botondepanico\controller\HomeController.java. Using fallback presentation compiler.
may. 16, 2026 10:12:03 A. M. org.eclipse.lsp4j.jsonrpc.RemoteEndpoint handleCancellation
WARNING: Unmatched cancel notification for request id 40
2026.05.16 10:12:03 INFO  no build target found for C:\Users\Emi\Pictures\Documents\botondepanico\src\main\java\botondepanico\controller\HomeController.java. Using fallback presentation compiler.
2026.05.16 10:12:03 INFO  no build target found for C:\Users\Emi\Pictures\Documents\botondepanico\src\main\java\botondepanico\controller\HomeController.java. Using fallback presentation compiler.
2026.05.16 10:12:04 INFO  no build target found for C:\Users\Emi\Pictures\Documents\botondepanico\src\main\java\botondepanico\controller\HomeController.java. Using fallback presentation compiler.
2026.05.16 10:12:15 INFO  no build target found for C:\Users\Emi\Pictures\Documents\botondepanico\src\main\java\botondepanico\controller\AuthController.java. Using fallback presentation compiler.
2026.05.16 10:12:15 WARN  no build target for: C:\Users\Emi\Pictures\Documents\botondepanico\src\main\java\botondepanico\controller\AuthController.java
2026.05.16 10:12:15 INFO  no build target found for C:\Users\Emi\Pictures\Documents\botondepanico\src\main\java\botondepanico\controller\AuthController.java. Using fallback presentation compiler.
2026.05.16 10:12:15 INFO  no build target found for C:\Users\Emi\Pictures\Documents\botondepanico\src\main\java\botondepanico\controller\AuthController.java. Using fallback presentation compiler.
2026.05.16 10:12:15 INFO  no build target found for C:\Users\Emi\Pictures\Documents\botondepanico\src\main\java\botondepanico\controller\AuthController.java. Using fallback presentation compiler.
2026.05.16 10:12:16 INFO  no build target found for C:\Users\Emi\Pictures\Documents\botondepanico\src\main\java\botondepanico\controller\AuthController.java. Using fallback presentation compiler.
2026.05.16 10:20:50 INFO  no build target found for C:\Users\Emi\Pictures\Documents\botondepanico\src\main\java\botondepanico\repository\UsuarioRepository.java. Using fallback presentation compiler.
2026.05.16 10:29:34 INFO  no build target found for C:\Users\Emi\Pictures\Documents\botondepanico\src\main\java\botondepanico\service\EmailService.java. Using fallback presentation compiler.
2026.05.16 10:29:35 WARN  no build target for: C:\Users\Emi\Pictures\Documents\botondepanico\src\main\java\botondepanico\service\EmailService.java
may. 16, 2026 10:29:35 A. M. org.eclipse.lsp4j.jsonrpc.RemoteEndpoint handleCancellation
WARNING: Unmatched cancel notification for request id 66
2026.05.16 10:29:34 INFO  no build target found for C:\Users\Emi\Pictures\Documents\botondepanico\src\main\java\botondepanico\service\EmailService.java. Using fallback presentation compiler.
may. 16, 2026 10:29:35 A. M. org.eclipse.lsp4j.jsonrpc.RemoteEndpoint handleCancellation
WARNING: Unmatched cancel notification for request id 68
2026.05.16 10:29:34 INFO  no build target found for C:\Users\Emi\Pictures\Documents\botondepanico\src\main\java\botondepanico\service\EmailService.java. Using fallback presentation compiler.
2026.05.16 10:29:35 INFO  no build target found for C:\Users\Emi\Pictures\Documents\botondepanico\src\main\java\botondepanico\service\EmailService.java. Using fallback presentation compiler.
may. 16, 2026 10:29:35 A. M. org.eclipse.lsp4j.jsonrpc.RemoteEndpoint handleCancellation
WARNING: Unmatched cancel notification for request id 73
2026.05.16 10:29:35 INFO  no build target found for C:\Users\Emi\Pictures\Documents\botondepanico\src\main\java\botondepanico\service\EmailService.java. Using fallback presentation compiler.
2026.05.16 10:29:35 INFO  no build target found for C:\Users\Emi\Pictures\Documents\botondepanico\src\main\java\botondepanico\service\EmailService.java. Using fallback presentation compiler.
2026.05.16 10:29:38 INFO  no build target found for C:\Users\Emi\Pictures\Documents\botondepanico\src\main\java\botondepanico\service\EmergenciaService.java. Using fallback presentation compiler.
2026.05.16 10:29:38 WARN  no build target for: C:\Users\Emi\Pictures\Documents\botondepanico\src\main\java\botondepanico\service\EmergenciaService.java
2026.05.16 10:29:38 INFO  no build target found for C:\Users\Emi\Pictures\Documents\botondepanico\src\main\java\botondepanico\service\EmergenciaService.java. Using fallback presentation compiler.
2026.05.16 10:29:38 INFO  no build target found for C:\Users\Emi\Pictures\Documents\botondepanico\src\main\java\botondepanico\service\EmergenciaService.java. Using fallback presentation compiler.
2026.05.16 10:29:38 INFO  no build target found for C:\Users\Emi\Pictures\Documents\botondepanico\src\main\java\botondepanico\service\EmergenciaService.java. Using fallback presentation compiler.
2026.05.16 10:29:40 INFO  no build target found for C:\Users\Emi\Pictures\Documents\botondepanico\src\main\java\botondepanico\service\EmergenciaService.java. Using fallback presentation compiler.
2026.05.16 10:29:41 INFO  no build target found for C:\Users\Emi\Pictures\Documents\botondepanico\src\main\java\botondepanico\service\EmergenciaService.java. Using fallback presentation compiler.
2026.05.16 10:29:41 INFO  no build target found for C:\Users\Emi\Pictures\Documents\botondepanico\src\main\java\botondepanico\service\EmergenciaService.java. Using fallback presentation compiler.
2026.05.16 10:29:41 INFO  no build target found for C:\Users\Emi\Pictures\Documents\botondepanico\src\main\java\botondepanico\service\EmergenciaService.java. Using fallback presentation compiler.
2026.05.16 10:29:43 INFO  no build target found for C:\Users\Emi\Pictures\Documents\botondepanico\src\main\java\botondepanico\service\EmergenciaService.java. Using fallback presentation compiler.
2026.05.16 10:29:43 INFO  no build target found for C:\Users\Emi\Pictures\Documents\botondepanico\src\main\java\botondepanico\service\EmergenciaService.java. Using fallback presentation compiler.
may. 16, 2026 10:29:44 A. M. org.eclipse.lsp4j.jsonrpc.RemoteEndpoint handleCancellation
WARNING: Unmatched cancel notification for request id 92
2026.05.16 10:29:45 INFO  no build target found for C:\Users\Emi\Pictures\Documents\botondepanico\src\main\java\botondepanico\service\EmergenciaService.java. Using fallback presentation compiler.
2026.05.16 10:29:45 INFO  no build target found for C:\Users\Emi\Pictures\Documents\botondepanico\src\main\java\botondepanico\service\EmergenciaService.java. Using fallback presentation compiler.
2026.05.16 10:29:45 INFO  no build target found for C:\Users\Emi\Pictures\Documents\botondepanico\src\main\java\botondepanico\service\EmergenciaService.java. Using fallback presentation compiler.
2026.05.16 10:29:45 INFO  no build target found for C:\Users\Emi\Pictures\Documents\botondepanico\src\main\java\botondepanico\service\EmergenciaService.java. Using fallback presentation compiler.
2026.05.16 10:29:45 INFO  no build target found for C:\Users\Emi\Pictures\Documents\botondepanico\src\main\java\botondepanico\service\EmergenciaService.java. Using fallback presentation compiler.
2026.05.16 10:29:47 INFO  no build target found for C:\Users\Emi\Pictures\Documents\botondepanico\src\main\java\botondepanico\service\EmergenciaService.java. Using fallback presentation compiler.
2026.05.16 10:29:47 INFO  no build target found for C:\Users\Emi\Pictures\Documents\botondepanico\src\main\java\botondepanico\service\EmergenciaService.java. Using fallback presentation compiler.
may. 16, 2026 10:29:47 A. M. org.eclipse.lsp4j.jsonrpc.RemoteEndpoint handleCancellation
WARNING: Unmatched cancel notification for request id 102
2026.05.16 10:29:47 WARN  no build target for: C:\Users\Emi\Pictures\Documents\botondepanico\src\main\java\botondepanico\service\EmergenciaService.java
C:\Users\Emi\Pictures\Documents\botondepanico\src\main\java\botondepanico\service\EmergenciaService.java:22: error: unmappable character (0x8D) for encoding windows-1252
        // ðŸ”? DEBUG 1: quÃ© tipo llega del frontend
              ^
C:\Users\Emi\Pictures\Documents\botondepanico\src\main\java\botondepanico\service\EmergenciaService.java:38: error: unmappable character (0x8D) for encoding windows-1252
        // ðŸ”? DEBUG 2: ver correo seleccionado
              ^
C:\Users\Emi\Pictures\Documents\botondepanico\src\main\java\botondepanico\service\EmergenciaService.java:54: error: unmappable character (0x9D) for encoding windows-1252
            System.out.println("â?Œ Error enviando correo: " + e.getMessage());
                                 ^
2026.05.16 10:29:48 INFO  no build target found for C:\Users\Emi\Pictures\Documents\botondepanico\src\main\java\botondepanico\service\EmergenciaService.java. Using fallback presentation compiler.
2026.05.16 10:30:12 INFO  no build target found for C:\Users\Emi\Pictures\Documents\botondepanico\src\main\java\botondepanico\service\EmergenciaService.java. Using fallback presentation compiler.
2026.05.16 10:31:02 INFO  no build target found for C:\Users\Emi\Pictures\Documents\botondepanico\src\main\java\botondepanico\service\EmergenciaService.java. Using fallback presentation compiler.
2026.05.16 10:31:05 INFO  no build target found for C:\Users\Emi\Pictures\Documents\botondepanico\src\main\java\botondepanico\service\EmergenciaService.java. Using fallback presentation compiler.
2026.05.16 10:31:06 INFO  no build target found for C:\Users\Emi\Pictures\Documents\botondepanico\src\main\java\botondepanico\service\EmergenciaService.java. Using fallback presentation compiler.
2026.05.16 10:31:06 INFO  no build target found for C:\Users\Emi\Pictures\Documents\botondepanico\src\main\java\botondepanico\service\EmergenciaService.java. Using fallback presentation compiler.
2026.05.16 10:31:07 INFO  no build target found for C:\Users\Emi\Pictures\Documents\botondepanico\src\main\java\botondepanico\service\EmergenciaService.java. Using fallback presentation compiler.
2026.05.16 10:31:07 INFO  no build target found for C:\Users\Emi\Pictures\Documents\botondepanico\src\main\java\botondepanico\service\EmergenciaService.java. Using fallback presentation compiler.
2026.05.16 10:31:07 INFO  no build target found for C:\Users\Emi\Pictures\Documents\botondepanico\src\main\java\botondepanico\service\EmergenciaService.java. Using fallback presentation compiler.
2026.05.16 10:35:55 INFO  no build target found for C:\Users\Emi\Pictures\Documents\botondepanico\src\main\java\botondepanico\service\EmailService.java. Using fallback presentation compiler.
2026.05.16 10:35:55 WARN  no build target for: C:\Users\Emi\Pictures\Documents\botondepanico\src\main\java\botondepanico\service\EmailService.java
may. 16, 2026 10:35:55 A. M. org.eclipse.lsp4j.jsonrpc.RemoteEndpoint handleCancellation
WARNING: Unmatched cancel notification for request id 121
2026.05.16 10:35:55 INFO  no build target found for C:\Users\Emi\Pictures\Documents\botondepanico\src\main\java\botondepanico\service\EmailService.java. Using fallback presentation compiler.
2026.05.16 10:35:55 INFO  no build target found for C:\Users\Emi\Pictures\Documents\botondepanico\src\main\java\botondepanico\service\EmailService.java. Using fallback presentation compiler.
2026.05.16 10:35:55 INFO  no build target found for C:\Users\Emi\Pictures\Documents\botondepanico\src\main\java\botondepanico\service\EmailService.java. Using fallback presentation compiler.
2026.05.16 10:35:55 INFO  no build target found for C:\Users\Emi\Pictures\Documents\botondepanico\src\main\java\botondepanico\service\EmailService.java. Using fallback presentation compiler.
2026.05.16 10:35:56 INFO  no build target found for C:\Users\Emi\Pictures\Documents\botondepanico\src\main\java\botondepanico\service\EmailService.java. Using fallback presentation compiler.
2026.05.16 10:36:06 INFO  no build target found for C:\Users\Emi\Pictures\Documents\botondepanico\src\main\java\botondepanico\service\EmailService.java. Using fallback presentation compiler.
2026.05.16 10:36:09 INFO  no build target found for C:\Users\Emi\Pictures\Documents\botondepanico\src\main\java\botondepanico\service\EmergenciaService.java. Using fallback presentation compiler.
2026.05.16 10:36:09 WARN  no build target for: C:\Users\Emi\Pictures\Documents\botondepanico\src\main\java\botondepanico\service\EmergenciaService.java
2026.05.16 10:36:09 INFO  no build target found for C:\Users\Emi\Pictures\Documents\botondepanico\src\main\java\botondepanico\service\EmergenciaService.java. Using fallback presentation compiler.
2026.05.16 10:36:09 INFO  no build target found for C:\Users\Emi\Pictures\Documents\botondepanico\src\main\java\botondepanico\service\EmergenciaService.java. Using fallback presentation compiler.
2026.05.16 10:36:10 INFO  no build target found for C:\Users\Emi\Pictures\Documents\botondepanico\src\main\java\botondepanico\service\EmergenciaService.java. Using fallback presentation compiler.
2026.05.16 10:36:09 INFO  no build target found for C:\Users\Emi\Pictures\Documents\botondepanico\src\main\java\botondepanico\service\EmergenciaService.java. Using fallback presentation compiler.
2026.05.16 10:36:11 INFO  no build target found for C:\Users\Emi\Pictures\Documents\botondepanico\src\main\java\botondepanico\service\EmergenciaService.java. Using fallback presentation compiler.
may. 16, 2026 10:36:11 A. M. org.eclipse.lsp4j.jsonrpc.RemoteEndpoint handleCancellation
WARNING: Unmatched cancel notification for request id 141
2026.05.16 10:36:11 INFO  no build target found for C:\Users\Emi\Pictures\Documents\botondepanico\src\main\java\botondepanico\service\EmergenciaService.java. Using fallback presentation compiler.
2026.05.16 10:36:11 INFO  no build target found for C:\Users\Emi\Pictures\Documents\botondepanico\src\main\java\botondepanico\service\EmergenciaService.java. Using fallback presentation compiler.
2026.05.16 10:36:11 INFO  no build target found for C:\Users\Emi\Pictures\Documents\botondepanico\src\main\java\botondepanico\service\EmergenciaService.java. Using fallback presentation compiler.
2026.05.16 10:36:12 INFO  no build target found for C:\Users\Emi\Pictures\Documents\botondepanico\src\main\java\botondepanico\service\EmergenciaService.java. Using fallback presentation compiler.
2026.05.16 10:36:12 INFO  no build target found for C:\Users\Emi\Pictures\Documents\botondepanico\src\main\java\botondepanico\service\EmergenciaService.java. Using fallback presentation compiler.
2026.05.16 10:36:13 INFO  no build target found for C:\Users\Emi\Pictures\Documents\botondepanico\src\main\java\botondepanico\service\EmergenciaService.java. Using fallback presentation compiler.
2026.05.16 10:36:13 INFO  no build target found for C:\Users\Emi\Pictures\Documents\botondepanico\src\main\java\botondepanico\service\EmergenciaService.java. Using fallback presentation compiler.
2026.05.16 10:36:14 INFO  no build target found for C:\Users\Emi\Pictures\Documents\botondepanico\src\main\java\botondepanico\service\EmergenciaService.java. Using fallback presentation compiler.
2026.05.16 10:36:14 INFO  no build target found for C:\Users\Emi\Pictures\Documents\botondepanico\src\main\java\botondepanico\service\EmergenciaService.java. Using fallback presentation compiler.
2026.05.16 10:36:14 INFO  no build target found for C:\Users\Emi\Pictures\Documents\botondepanico\src\main\java\botondepanico\service\EmergenciaService.java. Using fallback presentation compiler.
2026.05.16 10:36:16 INFO  no build target found for C:\Users\Emi\Pictures\Documents\botondepanico\src\main\java\botondepanico\service\EmergenciaService.java. Using fallback presentation compiler.
2026.05.16 10:36:16 INFO  no build target found for C:\Users\Emi\Pictures\Documents\botondepanico\src\main\java\botondepanico\service\EmergenciaService.java. Using fallback presentation compiler.
2026.05.16 10:36:16 INFO  no build target found for C:\Users\Emi\Pictures\Documents\botondepanico\src\main\java\botondepanico\service\EmergenciaService.java. Using fallback presentation compiler.
2026.05.16 10:36:17 INFO  no build target found for C:\Users\Emi\Pictures\Documents\botondepanico\src\main\java\botondepanico\service\EmergenciaService.java. Using fallback presentation compiler.
2026.05.16 10:36:17 INFO  no build target found for C:\Users\Emi\Pictures\Documents\botondepanico\src\main\java\botondepanico\service\EmergenciaService.java. Using fallback presentation compiler.
2026.05.16 10:36:17 INFO  no build target found for C:\Users\Emi\Pictures\Documents\botondepanico\src\main\java\botondepanico\service\EmergenciaService.java. Using fallback presentation compiler.
2026.05.16 10:36:21 INFO  no build target found for C:\Users\Emi\Pictures\Documents\botondepanico\src\main\java\botondepanico\service\EmergenciaService.java. Using fallback presentation compiler.
2026.05.16 10:36:21 INFO  no build target found for C:\Users\Emi\Pictures\Documents\botondepanico\src\main\java\botondepanico\service\EmergenciaService.java. Using fallback presentation compiler.
2026.05.16 10:36:24 INFO  no build target found for C:\Users\Emi\Pictures\Documents\botondepanico\src\main\java\botondepanico\service\EmergenciaService.java. Using fallback presentation compiler.
2026.05.16 10:36:24 INFO  no build target found for C:\Users\Emi\Pictures\Documents\botondepanico\src\main\java\botondepanico\service\EmergenciaService.java. Using fallback presentation compiler.
2026.05.16 10:37:03 INFO  no build target found for C:\Users\Emi\Pictures\Documents\botondepanico\src\main\java\botondepanico\service\EmergenciaService.java. Using fallback presentation compiler.
2026.05.16 11:07:50 INFO  Shutting down server
2026.05.16 11:07:50 INFO  Memory monitor stopped
2026.05.16 11:07:50 INFO  shutting down Metals
